alg,op,n,ns
Ed25519,verify_chain,0,62397
Ed25519,verify_chain,0,62140
Ed25519,verify_chain,0,63399
Ed25519,verify_chain,0,60882
Ed25519,verify_chain,0,61086
Ed25519,verify_chain,0,60955
Ed25519,verify_chain,0,61062
Ed25519,verify_chain,0,60755
Ed25519,verify_chain,0,61848
Ed25519,verify_chain,0,63293
Ed25519,verify_chain,0,60839
Ed25519,verify_chain,0,60744
Ed25519,verify_chain,0,60745
Ed25519,verify_chain,0,60889
Ed25519,verify_chain,0,61810
Ed25519,verify_chain,0,140694
Ed25519,verify_chain,0,65701
Ed25519,verify_chain,0,62573
Ed25519,verify_chain,0,61201
Ed25519,verify_chain,0,60965
Ed25519,verify_chain,0,60945
Ed25519,verify_chain,0,61039
Ed25519,verify_chain,0,60913
Ed25519,verify_chain,0,61131
Ed25519,verify_chain,0,61829
Ed25519,verify_chain,0,104860
Ed25519,verify_chain,0,62741
Ed25519,verify_chain,0,61177
Ed25519,verify_chain,0,61258
Ed25519,verify_chain,0,60927
Ed25519,verify_chain,0,60989
Ed25519,verify_chain,0,61024
Ed25519,verify_chain,0,60935
Ed25519,verify_chain,0,60714
Ed25519,verify_chain,0,60825
Ed25519,verify_chain,0,60857
Ed25519,verify_chain,0,60820
Ed25519,verify_chain,0,60739
Ed25519,verify_chain,0,60868
Ed25519,verify_chain,0,60830
Ed25519,verify_chain,0,60873
Ed25519,verify_chain,0,69750
Ed25519,verify_chain,0,64376
Ed25519,verify_chain,0,61554
Ed25519,verify_chain,0,60811
Ed25519,verify_chain,0,60962
Ed25519,verify_chain,0,60811
Ed25519,verify_chain,0,60824
Ed25519,verify_chain,0,60801
Ed25519,verify_chain,0,60880
Ed25519,verify_chain,0,65997
Ed25519,verify_chain,0,63842
Ed25519,verify_chain,0,61141
Ed25519,verify_chain,0,60980
Ed25519,verify_chain,0,60864
Ed25519,verify_chain,0,60912
Ed25519,verify_chain,0,60848
Ed25519,verify_chain,0,60945
Ed25519,verify_chain,0,60965
Ed25519,verify_chain,0,60977
Ed25519,verify_chain,0,60992
Ed25519,verify_chain,0,60817
Ed25519,verify_chain,0,60858
Ed25519,verify_chain,0,61005
Ed25519,verify_chain,0,60726
Ed25519,verify_chain,0,61375
Ed25519,verify_chain,0,60889
Ed25519,verify_chain,0,60864
Ed25519,verify_chain,0,60750
Ed25519,verify_chain,0,60850
Ed25519,verify_chain,0,60958
Ed25519,verify_chain,0,60754
Ed25519,verify_chain,0,60904
Ed25519,verify_chain,0,60862
Ed25519,verify_chain,0,69757
Ed25519,verify_chain,0,62164
Ed25519,verify_chain,0,60954
Ed25519,verify_chain,0,60842
Ed25519,verify_chain,0,60868
Ed25519,verify_chain,0,60892
Ed25519,verify_chain,0,60762
Ed25519,verify_chain,0,60772
Ed25519,verify_chain,0,60714
Ed25519,verify_chain,0,60758
Ed25519,verify_chain,0,60653
Ed25519,verify_chain,0,60938
Ed25519,verify_chain,0,61031
Ed25519,verify_chain,0,60913
Ed25519,verify_chain,0,60755
Ed25519,verify_chain,0,67212
Ed25519,verify_chain,0,62407
Ed25519,verify_chain,0,60764
Ed25519,verify_chain,0,61021
Ed25519,verify_chain,0,60925
Ed25519,verify_chain,0,60838
Ed25519,verify_chain,0,61197
Ed25519,verify_chain,0,60813
Ed25519,verify_chain,0,60836
Ed25519,verify_chain,0,60867
Ed25519,verify_chain,0,60942
Ed25519,verify_chain,0,60763
Ed25519,verify_chain,1,92725
Ed25519,verify_chain,1,92970
Ed25519,verify_chain,1,92860
Ed25519,verify_chain,1,92535
Ed25519,verify_chain,1,92748
Ed25519,verify_chain,1,101285
Ed25519,verify_chain,1,94722
Ed25519,verify_chain,1,92787
Ed25519,verify_chain,1,92668
Ed25519,verify_chain,1,92478
Ed25519,verify_chain,1,92818
Ed25519,verify_chain,1,92593
Ed25519,verify_chain,1,92929
Ed25519,verify_chain,1,92687
Ed25519,verify_chain,1,92774
Ed25519,verify_chain,1,92763
Ed25519,verify_chain,1,92674
Ed25519,verify_chain,1,92785
Ed25519,verify_chain,1,100666
Ed25519,verify_chain,1,94350
Ed25519,verify_chain,1,92730
Ed25519,verify_chain,1,92732
Ed25519,verify_chain,1,93077
Ed25519,verify_chain,1,92987
Ed25519,verify_chain,1,92861
Ed25519,verify_chain,1,92809
Ed25519,verify_chain,1,99664
Ed25519,verify_chain,1,109763
Ed25519,verify_chain,1,95745
Ed25519,verify_chain,1,92852
Ed25519,verify_chain,1,92627
Ed25519,verify_chain,1,92946
Ed25519,verify_chain,1,92652
Ed25519,verify_chain,1,92710
Ed25519,verify_chain,1,92705
Ed25519,verify_chain,1,93510
Ed25519,verify_chain,1,92394
Ed25519,verify_chain,1,92607
Ed25519,verify_chain,1,92515
Ed25519,verify_chain,1,92638
Ed25519,verify_chain,1,92736
Ed25519,verify_chain,1,92603
Ed25519,verify_chain,1,92587
Ed25519,verify_chain,1,92588
Ed25519,verify_chain,1,92581
Ed25519,verify_chain,1,100705
Ed25519,verify_chain,1,93780
Ed25519,verify_chain,1,92691
Ed25519,verify_chain,1,101795
Ed25519,verify_chain,1,93580
Ed25519,verify_chain,1,92708
Ed25519,verify_chain,1,92720
Ed25519,verify_chain,1,92587
Ed25519,verify_chain,1,92531
Ed25519,verify_chain,1,92553
Ed25519,verify_chain,1,92698
Ed25519,verify_chain,1,92731
Ed25519,verify_chain,1,92751
Ed25519,verify_chain,1,92799
Ed25519,verify_chain,1,92549
Ed25519,verify_chain,1,92608
Ed25519,verify_chain,1,100474
Ed25519,verify_chain,1,93189
Ed25519,verify_chain,1,92660
Ed25519,verify_chain,1,92720
Ed25519,verify_chain,1,92665
Ed25519,verify_chain,1,104958
Ed25519,verify_chain,1,95672
Ed25519,verify_chain,1,93539
Ed25519,verify_chain,1,92997
Ed25519,verify_chain,1,92811
Ed25519,verify_chain,1,93104
Ed25519,verify_chain,1,92777
Ed25519,verify_chain,1,92798
Ed25519,verify_chain,1,92844
Ed25519,verify_chain,1,92628
Ed25519,verify_chain,1,92431
Ed25519,verify_chain,1,92728
Ed25519,verify_chain,1,92737
Ed25519,verify_chain,1,93321
Ed25519,verify_chain,1,126332
Ed25519,verify_chain,1,100918
Ed25519,verify_chain,1,95891
Ed25519,verify_chain,1,95116
Ed25519,verify_chain,1,120662
Ed25519,verify_chain,1,108887
Ed25519,verify_chain,1,96583
Ed25519,verify_chain,1,95043
Ed25519,verify_chain,1,95110
Ed25519,verify_chain,1,97468
Ed25519,verify_chain,1,93151
Ed25519,verify_chain,1,94531
Ed25519,verify_chain,1,100899
Ed25519,verify_chain,1,93732
Ed25519,verify_chain,1,93705
Ed25519,verify_chain,1,95129
Ed25519,verify_chain,1,95471
Ed25519,verify_chain,1,94426
Ed25519,verify_chain,1,92735
Ed25519,verify_chain,1,92657
Ed25519,verify_chain,1,107408
Ed25519,verify_chain,2,138383
Ed25519,verify_chain,2,127525
Ed25519,verify_chain,2,125131
Ed25519,verify_chain,2,124554
Ed25519,verify_chain,2,124435
Ed25519,verify_chain,2,124615
Ed25519,verify_chain,2,124418
Ed25519,verify_chain,2,124445
Ed25519,verify_chain,2,124257
Ed25519,verify_chain,2,124303
Ed25519,verify_chain,2,124293
Ed25519,verify_chain,2,124260
Ed25519,verify_chain,2,124307
Ed25519,verify_chain,2,124313
Ed25519,verify_chain,2,124430
Ed25519,verify_chain,2,124278
Ed25519,verify_chain,2,159249
Ed25519,verify_chain,2,125337
Ed25519,verify_chain,2,124449
Ed25519,verify_chain,2,124261
Ed25519,verify_chain,2,124144
Ed25519,verify_chain,2,124440
Ed25519,verify_chain,2,124119
Ed25519,verify_chain,2,124276
Ed25519,verify_chain,2,124410
Ed25519,verify_chain,2,124125
Ed25519,verify_chain,2,124510
Ed25519,verify_chain,2,124176
Ed25519,verify_chain,2,124319
Ed25519,verify_chain,2,124285
Ed25519,verify_chain,2,124033
Ed25519,verify_chain,2,124202
Ed25519,verify_chain,2,136476
Ed25519,verify_chain,2,125283
Ed25519,verify_chain,2,124104
Ed25519,verify_chain,2,124221
Ed25519,verify_chain,2,124164
Ed25519,verify_chain,2,124018
Ed25519,verify_chain,2,132941
Ed25519,verify_chain,2,125578
Ed25519,verify_chain,2,124253
Ed25519,verify_chain,2,124210
Ed25519,verify_chain,2,124200
Ed25519,verify_chain,2,124146
Ed25519,verify_chain,2,124527
Ed25519,verify_chain,2,124066
Ed25519,verify_chain,2,134463
Ed25519,verify_chain,2,132610
Ed25519,verify_chain,2,126182
Ed25519,verify_chain,2,124374
Ed25519,verify_chain,2,124030
Ed25519,verify_chain,2,124293
Ed25519,verify_chain,2,124208
Ed25519,verify_chain,2,124173
Ed25519,verify_chain,2,124446
Ed25519,verify_chain,2,124151
Ed25519,verify_chain,2,124318
Ed25519,verify_chain,2,124198
Ed25519,verify_chain,2,124068
Ed25519,verify_chain,2,132496
Ed25519,verify_chain,2,128833
Ed25519,verify_chain,2,124804
Ed25519,verify_chain,2,124642
Ed25519,verify_chain,2,124597
Ed25519,verify_chain,2,124671
Ed25519,verify_chain,2,127367
Ed25519,verify_chain,2,136407
Ed25519,verify_chain,2,129452
Ed25519,verify_chain,2,124499
Ed25519,verify_chain,2,124319
Ed25519,verify_chain,2,124570
Ed25519,verify_chain,2,124621
Ed25519,verify_chain,2,140468
Ed25519,verify_chain,2,125235
Ed25519,verify_chain,2,124054
Ed25519,verify_chain,2,134476
Ed25519,verify_chain,2,125476
Ed25519,verify_chain,2,124088
Ed25519,verify_chain,2,124021
Ed25519,verify_chain,2,132046
Ed25519,verify_chain,2,125057
Ed25519,verify_chain,2,124386
Ed25519,verify_chain,2,124240
Ed25519,verify_chain,2,124450
Ed25519,verify_chain,2,124441
Ed25519,verify_chain,2,124134
Ed25519,verify_chain,2,124223
Ed25519,verify_chain,2,124202
Ed25519,verify_chain,2,124413
Ed25519,verify_chain,2,124013
Ed25519,verify_chain,2,124206
Ed25519,verify_chain,2,134259
Ed25519,verify_chain,2,125337
Ed25519,verify_chain,2,124202
Ed25519,verify_chain,2,124314
Ed25519,verify_chain,2,124237
Ed25519,verify_chain,2,124248
Ed25519,verify_chain,2,124199
Ed25519,verify_chain,2,126638
Ed25519,verify_chain,2,129295
Ed25519,verify_chain,2,130170
Ed25519,verify_chain,5,220051
Ed25519,verify_chain,5,219000
Ed25519,verify_chain,5,229506
Ed25519,verify_chain,5,220251
Ed25519,verify_chain,5,228064
Ed25519,verify_chain,5,220850
Ed25519,verify_chain,5,227576
Ed25519,verify_chain,5,219407
Ed25519,verify_chain,5,219478
Ed25519,verify_chain,5,219431
Ed25519,verify_chain,5,230650
Ed25519,verify_chain,5,219796
Ed25519,verify_chain,5,219186
Ed25519,verify_chain,5,219090
Ed25519,verify_chain,5,219295
Ed25519,verify_chain,5,219161
Ed25519,verify_chain,5,219084
Ed25519,verify_chain,5,219130
Ed25519,verify_chain,5,239594
Ed25519,verify_chain,5,232878
Ed25519,verify_chain,5,219777
Ed25519,verify_chain,5,226722
Ed25519,verify_chain,5,220470
Ed25519,verify_chain,5,219016
Ed25519,verify_chain,5,226943
Ed25519,verify_chain,5,219180
Ed25519,verify_chain,5,227310
Ed25519,verify_chain,5,221702
Ed25519,verify_chain,5,219427
Ed25519,verify_chain,5,218587
Ed25519,verify_chain,5,219146
Ed25519,verify_chain,5,218619
Ed25519,verify_chain,5,218732
Ed25519,verify_chain,5,219110
Ed25519,verify_chain,5,218663
Ed25519,verify_chain,5,218519
Ed25519,verify_chain,5,229232
Ed25519,verify_chain,5,220082
Ed25519,verify_chain,5,231787
Ed25519,verify_chain,5,223057
Ed25519,verify_chain,5,219209
Ed25519,verify_chain,5,218727
Ed25519,verify_chain,5,226574
Ed25519,verify_chain,5,219465
Ed25519,verify_chain,5,226680
Ed25519,verify_chain,5,222234
Ed25519,verify_chain,5,219424
Ed25519,verify_chain,5,218676
Ed25519,verify_chain,5,218727
Ed25519,verify_chain,5,219089
Ed25519,verify_chain,5,219023
Ed25519,verify_chain,5,218941
Ed25519,verify_chain,5,218952
Ed25519,verify_chain,5,218935
Ed25519,verify_chain,5,232038
Ed25519,verify_chain,5,250511
Ed25519,verify_chain,5,237031
Ed25519,verify_chain,5,287988
Ed25519,verify_chain,5,233864
Ed25519,verify_chain,5,300656
Ed25519,verify_chain,5,233255
Ed25519,verify_chain,5,220489
Ed25519,verify_chain,5,219327
Ed25519,verify_chain,5,218861
Ed25519,verify_chain,5,218326
Ed25519,verify_chain,5,218512
Ed25519,verify_chain,5,295081
Ed25519,verify_chain,5,221334
Ed25519,verify_chain,5,218740
Ed25519,verify_chain,5,218256
Ed25519,verify_chain,5,218996
Ed25519,verify_chain,5,218666
Ed25519,verify_chain,5,228959
Ed25519,verify_chain,5,219617
Ed25519,verify_chain,5,228611
Ed25519,verify_chain,5,219933
Ed25519,verify_chain,5,218554
Ed25519,verify_chain,5,225814
Ed25519,verify_chain,5,219560
Ed25519,verify_chain,5,219110
Ed25519,verify_chain,5,221780
Ed25519,verify_chain,5,218482
Ed25519,verify_chain,5,229478
Ed25519,verify_chain,5,219794
Ed25519,verify_chain,5,219202
Ed25519,verify_chain,5,219180
Ed25519,verify_chain,5,219307
Ed25519,verify_chain,5,218889
Ed25519,verify_chain,5,219057
Ed25519,verify_chain,5,219119
Ed25519,verify_chain,5,229770
Ed25519,verify_chain,5,219428
Ed25519,verify_chain,5,218922
Ed25519,verify_chain,5,219251
Ed25519,verify_chain,5,219178
Ed25519,verify_chain,5,226839
Ed25519,verify_chain,5,219291
Ed25519,verify_chain,5,218912
Ed25519,verify_chain,5,235163
Ed25519,verify_chain,5,229856
Ed25519,verify_chain,5,219731
Ed25519,verify_chain,10,597544
Ed25519,verify_chain,10,427191
Ed25519,verify_chain,10,392168
Ed25519,verify_chain,10,392492
Ed25519,verify_chain,10,388188
Ed25519,verify_chain,10,482055
Ed25519,verify_chain,10,376993
Ed25519,verify_chain,10,385131
Ed25519,verify_chain,10,379660
Ed25519,verify_chain,10,387753
Ed25519,verify_chain,10,396928
Ed25519,verify_chain,10,374833
Ed25519,verify_chain,10,374031
Ed25519,verify_chain,10,393639
Ed25519,verify_chain,10,389533
Ed25519,verify_chain,10,376619
Ed25519,verify_chain,10,374146
Ed25519,verify_chain,10,374409
Ed25519,verify_chain,10,383140
Ed25519,verify_chain,10,386000
Ed25519,verify_chain,10,376293
Ed25519,verify_chain,10,383473
Ed25519,verify_chain,10,374661
Ed25519,verify_chain,10,374193
Ed25519,verify_chain,10,384623
Ed25519,verify_chain,10,375064
Ed25519,verify_chain,10,375345
Ed25519,verify_chain,10,374027
Ed25519,verify_chain,10,392088
Ed25519,verify_chain,10,378461
Ed25519,verify_chain,10,374100
Ed25519,verify_chain,10,422241
Ed25519,verify_chain,10,378295
Ed25519,verify_chain,10,375378
Ed25519,verify_chain,10,388088
Ed25519,verify_chain,10,374933
Ed25519,verify_chain,10,385084
Ed25519,verify_chain,10,384644
Ed25519,verify_chain,10,388357
Ed25519,verify_chain,10,388829
Ed25519,verify_chain,10,375309
Ed25519,verify_chain,10,374084
Ed25519,verify_chain,10,407535
Ed25519,verify_chain,10,408841
Ed25519,verify_chain,10,416254
Ed25519,verify_chain,10,381496
Ed25519,verify_chain,10,380739
Ed25519,verify_chain,10,374564
Ed25519,verify_chain,10,380032
Ed25519,verify_chain,10,408366
Ed25519,verify_chain,10,375104
Ed25519,verify_chain,10,377220
Ed25519,verify_chain,10,383233
Ed25519,verify_chain,10,373693
Ed25519,verify_chain,10,384821
Ed25519,verify_chain,10,374932
Ed25519,verify_chain,10,376562
Ed25519,verify_chain,10,373605
Ed25519,verify_chain,10,383076
Ed25519,verify_chain,10,376426
Ed25519,verify_chain,10,382649
Ed25519,verify_chain,10,375187
Ed25519,verify_chain,10,380834
Ed25519,verify_chain,10,384975
Ed25519,verify_chain,10,377316
Ed25519,verify_chain,10,373818
Ed25519,verify_chain,10,372549
Ed25519,verify_chain,10,372848
Ed25519,verify_chain,10,384435
Ed25519,verify_chain,10,374901
Ed25519,verify_chain,10,374709
Ed25519,verify_chain,10,382340
Ed25519,verify_chain,10,374708
Ed25519,verify_chain,10,389708
Ed25519,verify_chain,10,376687
Ed25519,verify_chain,10,373490
Ed25519,verify_chain,10,376763
Ed25519,verify_chain,10,388344
Ed25519,verify_chain,10,396687
Ed25519,verify_chain,10,387476
Ed25519,verify_chain,10,375004
Ed25519,verify_chain,10,389431
Ed25519,verify_chain,10,397121
Ed25519,verify_chain,10,395891
Ed25519,verify_chain,10,389529
Ed25519,verify_chain,10,383318
Ed25519,verify_chain,10,786763
Ed25519,verify_chain,10,491798
Ed25519,verify_chain,10,438878
Ed25519,verify_chain,10,484506
Ed25519,verify_chain,10,490858
Ed25519,verify_chain,10,399624
Ed25519,verify_chain,10,417032
Ed25519,verify_chain,10,407742
Ed25519,verify_chain,10,447202
Ed25519,verify_chain,10,400395
Ed25519,verify_chain,10,409213
Ed25519,verify_chain,10,399999
Ed25519,verify_chain,10,409153
Ed25519,verify_chain,10,390451
Ed25519,verify_chain,10,406967
Ed25519,authority_build,2,23775
Ed25519,authority_build,2,23542
Ed25519,authority_build,2,23491
Ed25519,authority_build,2,23542
Ed25519,authority_build,2,23512
Ed25519,authority_build,2,23613
Ed25519,authority_build,2,23774
Ed25519,authority_build,2,24143
Ed25519,authority_build,2,23660
Ed25519,authority_build,2,23642
Ed25519,authority_build,2,23556
Ed25519,authority_build,2,23681
Ed25519,authority_build,2,23603
Ed25519,authority_build,2,23584
Ed25519,authority_build,2,23558
Ed25519,authority_build,2,23515
Ed25519,authority_build,2,23643
Ed25519,authority_build,2,23502
Ed25519,authority_build,2,23654
Ed25519,authority_build,2,23501
Ed25519,authority_build,2,23556
Ed25519,authority_build,2,24093
Ed25519,authority_build,2,33147
Ed25519,authority_build,2,27390
Ed25519,authority_build,2,25002
Ed25519,authority_build,2,23983
Ed25519,authority_build,2,24049
Ed25519,authority_build,2,23937
Ed25519,authority_build,2,23659
Ed25519,authority_build,2,23580
Ed25519,authority_build,2,23631
Ed25519,authority_build,2,23554
Ed25519,authority_build,2,23578
Ed25519,authority_build,2,24114
Ed25519,authority_build,2,33256
Ed25519,authority_build,2,26904
Ed25519,authority_build,2,25131
Ed25519,authority_build,2,24565
Ed25519,authority_build,2,24706
Ed25519,authority_build,2,24803
Ed25519,authority_build,2,24287
Ed25519,authority_build,2,23216
Ed25519,authority_build,2,23337
Ed25519,authority_build,2,23743
Ed25519,authority_build,2,23560
Ed25519,authority_build,2,23638
Ed25519,authority_build,2,23514
Ed25519,authority_build,2,23650
Ed25519,authority_build,2,23642
Ed25519,authority_build,2,23736
Ed25519,authority_build,2,23806
Ed25519,authority_build,2,23624
Ed25519,authority_build,2,23641
Ed25519,authority_build,2,23655
Ed25519,authority_build,2,23948
Ed25519,authority_build,2,23602
Ed25519,authority_build,2,23523
Ed25519,authority_build,2,23710
Ed25519,authority_build,2,23762
Ed25519,authority_build,2,23512
Ed25519,authority_build,2,23589
Ed25519,authority_build,2,23420
Ed25519,authority_build,2,23693
Ed25519,authority_build,2,23821
Ed25519,authority_build,2,23523
Ed25519,authority_build,2,23691
Ed25519,authority_build,2,23661
Ed25519,authority_build,2,23740
Ed25519,authority_build,2,23496
Ed25519,authority_build,2,23657
Ed25519,authority_build,2,23608
Ed25519,authority_build,2,23749
Ed25519,authority_build,2,23776
Ed25519,authority_build,2,23710
Ed25519,authority_build,2,23878
Ed25519,authority_build,2,24285
Ed25519,authority_build,2,23545
Ed25519,authority_build,2,23651
Ed25519,authority_build,2,23694
Ed25519,authority_build,2,23896
Ed25519,authority_build,2,23647
Ed25519,authority_build,2,23854
Ed25519,authority_build,2,23733
Ed25519,authority_build,2,23677
Ed25519,authority_build,2,23995
Ed25519,authority_build,2,23630
Ed25519,authority_build,2,23481
Ed25519,authority_build,2,23588
Ed25519,authority_build,2,23529
Ed25519,authority_build,2,23393
Ed25519,authority_build,2,23591
Ed25519,authority_build,2,23668
Ed25519,authority_build,2,23532
Ed25519,authority_build,2,23823
Ed25519,authority_build,2,23406
Ed25519,authority_build,2,23759
Ed25519,authority_build,2,23651
Ed25519,authority_build,2,23801
Ed25519,authority_build,2,23714
Ed25519,authority_build,2,35996
Ed25519,authority_build,2,27143
Ed25519,append_hop,2,55136
Ed25519,append_hop,2,37164
Ed25519,append_hop,2,35113
Ed25519,append_hop,2,35143
Ed25519,append_hop,2,35167
Ed25519,append_hop,2,35153
Ed25519,append_hop,2,34953
Ed25519,append_hop,2,34918
Ed25519,append_hop,2,35906
Ed25519,append_hop,2,35531
Ed25519,append_hop,2,35017
Ed25519,append_hop,2,35213
Ed25519,append_hop,2,35032
Ed25519,append_hop,2,35065
Ed25519,append_hop,2,42485
Ed25519,append_hop,2,38453
Ed25519,append_hop,2,35084
Ed25519,append_hop,2,35018
Ed25519,append_hop,2,35043
Ed25519,append_hop,2,34878
Ed25519,append_hop,2,34949
Ed25519,append_hop,2,34870
Ed25519,append_hop,2,40070
Ed25519,append_hop,2,42408
Ed25519,append_hop,2,34853
Ed25519,append_hop,2,45680
Ed25519,append_hop,2,38690
Ed25519,append_hop,2,35835
Ed25519,append_hop,2,36920
Ed25519,append_hop,2,35449
Ed25519,append_hop,2,34718
Ed25519,append_hop,2,35058
Ed25519,append_hop,2,35002
Ed25519,append_hop,2,34594
Ed25519,append_hop,2,34631
Ed25519,append_hop,2,34771
Ed25519,append_hop,2,34916
Ed25519,append_hop,2,34575
Ed25519,append_hop,2,34747
Ed25519,append_hop,2,45993
Ed25519,append_hop,2,35690
Ed25519,append_hop,2,34864
Ed25519,append_hop,2,35266
Ed25519,append_hop,2,35868
Ed25519,append_hop,2,35339
Ed25519,append_hop,2,35131
Ed25519,append_hop,2,35063
Ed25519,append_hop,2,35153
Ed25519,append_hop,2,34705
Ed25519,append_hop,2,34998
Ed25519,append_hop,2,34866
Ed25519,append_hop,2,34631
Ed25519,append_hop,2,34977
Ed25519,append_hop,2,35166
Ed25519,append_hop,2,35356
Ed25519,append_hop,2,35179
Ed25519,append_hop,2,34903
Ed25519,append_hop,2,34874
Ed25519,append_hop,2,34754
Ed25519,append_hop,2,34664
Ed25519,append_hop,2,34908
Ed25519,append_hop,2,34733
Ed25519,append_hop,2,34874
Ed25519,append_hop,2,34995
Ed25519,append_hop,2,34865
Ed25519,append_hop,2,34725
Ed25519,append_hop,2,34767
Ed25519,append_hop,2,34737
Ed25519,append_hop,2,34813
Ed25519,append_hop,2,35507
Ed25519,append_hop,2,35163
Ed25519,append_hop,2,35041
Ed25519,append_hop,2,34702
Ed25519,append_hop,2,35034
Ed25519,append_hop,2,34778
Ed25519,append_hop,2,34762
Ed25519,append_hop,2,34920
Ed25519,append_hop,2,34775
Ed25519,append_hop,2,35011
Ed25519,append_hop,2,47415
Ed25519,append_hop,2,37871
Ed25519,append_hop,2,36046
Ed25519,append_hop,2,35382
Ed25519,append_hop,2,36202
Ed25519,append_hop,2,35242
Ed25519,append_hop,2,34580
Ed25519,append_hop,2,35162
Ed25519,append_hop,2,34633
Ed25519,append_hop,2,35362
Ed25519,append_hop,2,34976
Ed25519,append_hop,2,34819
Ed25519,append_hop,2,35071
Ed25519,append_hop,2,34811
Ed25519,append_hop,2,35650
Ed25519,append_hop,2,35543
Ed25519,append_hop,2,46885
Ed25519,append_hop,2,36573
Ed25519,append_hop,2,35125
Ed25519,append_hop,2,34615
Ed25519,append_hop,2,34747
Ed25519,append_hop,2,34621
Ed25519,seal,2,23718
Ed25519,seal,2,23431
Ed25519,seal,2,23780
Ed25519,seal,2,23584
Ed25519,seal,2,24406
Ed25519,seal,2,24153
Ed25519,seal,2,24102
Ed25519,seal,2,23660
Ed25519,seal,2,23579
Ed25519,seal,2,23651
Ed25519,seal,2,23726
Ed25519,seal,2,23706
Ed25519,seal,2,23815
Ed25519,seal,2,23710
Ed25519,seal,2,23683
Ed25519,seal,2,24238
Ed25519,seal,2,23556
Ed25519,seal,2,23753
Ed25519,seal,2,23753
Ed25519,seal,2,23553
Ed25519,seal,2,23787
Ed25519,seal,2,23662
Ed25519,seal,2,23774
Ed25519,seal,2,23686
Ed25519,seal,2,23674
Ed25519,seal,2,23911
Ed25519,seal,2,37124
Ed25519,seal,2,25548
Ed25519,seal,2,24748
Ed25519,seal,2,29407
Ed25519,seal,2,32484
Ed25519,seal,2,25173
Ed25519,seal,2,23730
Ed25519,seal,2,23986
Ed25519,seal,2,23947
Ed25519,seal,2,38261
Ed25519,seal,2,26013
Ed25519,seal,2,23726
Ed25519,seal,2,23593
Ed25519,seal,2,24211
Ed25519,seal,2,23783
Ed25519,seal,2,23745
Ed25519,seal,2,31595
Ed25519,seal,2,24379
Ed25519,seal,2,23846
Ed25519,seal,2,23786
Ed25519,seal,2,23897
Ed25519,seal,2,23722
Ed25519,seal,2,23428
Ed25519,seal,2,23553
Ed25519,seal,2,23565
Ed25519,seal,2,23736
Ed25519,seal,2,23535
Ed25519,seal,2,23560
Ed25519,seal,2,23518
Ed25519,seal,2,23580
Ed25519,seal,2,23514
Ed25519,seal,2,23510
Ed25519,seal,2,23503
Ed25519,seal,2,23631
Ed25519,seal,2,23614
Ed25519,seal,2,23937
Ed25519,seal,2,23668
Ed25519,seal,2,23483
Ed25519,seal,2,23645
Ed25519,seal,2,23571
Ed25519,seal,2,23452
Ed25519,seal,2,23558
Ed25519,seal,2,23478
Ed25519,seal,2,23451
Ed25519,seal,2,23417
Ed25519,seal,2,23512
Ed25519,seal,2,23576
Ed25519,seal,2,23671
Ed25519,seal,2,23438
Ed25519,seal,2,23752
Ed25519,seal,2,23431
Ed25519,seal,2,23562
Ed25519,seal,2,23432
Ed25519,seal,2,23563
Ed25519,seal,2,23447
Ed25519,seal,2,23476
Ed25519,seal,2,23388
Ed25519,seal,2,24086
Ed25519,seal,2,23770
Ed25519,seal,2,23601
Ed25519,seal,2,23458
Ed25519,seal,2,23763
Ed25519,seal,2,23806
Ed25519,seal,2,23813
Ed25519,seal,2,24094
Ed25519,seal,2,24256
Ed25519,seal,2,24194
Ed25519,seal,2,23944
Ed25519,seal,2,24184
Ed25519,seal,2,23739
Ed25519,seal,2,24148
Ed25519,seal,2,23709
Ed25519,seal,2,23948
Ed25519,seal,2,23704
Ed25519,seal,2,23882
Ed25519,verify_n2,2,127919
Ed25519,verify_n2,2,126674
Ed25519,verify_n2,2,126751
Ed25519,verify_n2,2,139753
Ed25519,verify_n2,2,144131
Ed25519,verify_n2,2,127959
Ed25519,verify_n2,2,126823
Ed25519,verify_n2,2,127015
Ed25519,verify_n2,2,127632
Ed25519,verify_n2,2,127823
Ed25519,verify_n2,2,129075
Ed25519,verify_n2,2,141620
Ed25519,verify_n2,2,129840
Ed25519,verify_n2,2,129204
Ed25519,verify_n2,2,131159
Ed25519,verify_n2,2,129885
Ed25519,verify_n2,2,128643
Ed25519,verify_n2,2,129188
Ed25519,verify_n2,2,134520
Ed25519,verify_n2,2,140974
Ed25519,verify_n2,2,131463
Ed25519,verify_n2,2,147176
Ed25519,verify_n2,2,131728
Ed25519,verify_n2,2,127368
Ed25519,verify_n2,2,127606
Ed25519,verify_n2,2,127910
Ed25519,verify_n2,2,139162
Ed25519,verify_n2,2,128750
Ed25519,verify_n2,2,126735
Ed25519,verify_n2,2,137216
Ed25519,verify_n2,2,128961
Ed25519,verify_n2,2,127002
Ed25519,verify_n2,2,126234
Ed25519,verify_n2,2,126462
Ed25519,verify_n2,2,126675
Ed25519,verify_n2,2,126361
Ed25519,verify_n2,2,128504
Ed25519,verify_n2,2,126423
Ed25519,verify_n2,2,137870
Ed25519,verify_n2,2,144338
Ed25519,verify_n2,2,130214
Ed25519,verify_n2,2,134631
Ed25519,verify_n2,2,131063
Ed25519,verify_n2,2,126410
Ed25519,verify_n2,2,126409
Ed25519,verify_n2,2,126275
Ed25519,verify_n2,2,125799
Ed25519,verify_n2,2,126651
Ed25519,verify_n2,2,126440
Ed25519,verify_n2,2,127620
Ed25519,verify_n2,2,128207
Ed25519,verify_n2,2,126563
Ed25519,verify_n2,2,126591
Ed25519,verify_n2,2,126152
Ed25519,verify_n2,2,126760
Ed25519,verify_n2,2,127038
Ed25519,verify_n2,2,126672
Ed25519,verify_n2,2,146700
Ed25519,verify_n2,2,134577
Ed25519,verify_n2,2,126598
Ed25519,verify_n2,2,135885
Ed25519,verify_n2,2,126820
Ed25519,verify_n2,2,126378
Ed25519,verify_n2,2,126180
Ed25519,verify_n2,2,126334
Ed25519,verify_n2,2,126330
Ed25519,verify_n2,2,126577
Ed25519,verify_n2,2,127987
Ed25519,verify_n2,2,128245
Ed25519,verify_n2,2,126908
Ed25519,verify_n2,2,126243
Ed25519,verify_n2,2,125813
Ed25519,verify_n2,2,126427
Ed25519,verify_n2,2,138766
Ed25519,verify_n2,2,126793
Ed25519,verify_n2,2,136343
Ed25519,verify_n2,2,127422
Ed25519,verify_n2,2,126312
Ed25519,verify_n2,2,140240
Ed25519,verify_n2,2,128753
Ed25519,verify_n2,2,126037
Ed25519,verify_n2,2,126134
Ed25519,verify_n2,2,128069
Ed25519,verify_n2,2,126146
Ed25519,verify_n2,2,126082
Ed25519,verify_n2,2,126026
Ed25519,verify_n2,2,125810
Ed25519,verify_n2,2,125989
Ed25519,verify_n2,2,137389
Ed25519,verify_n2,2,127365
Ed25519,verify_n2,2,125940
Ed25519,verify_n2,2,140337
Ed25519,verify_n2,2,127828
Ed25519,verify_n2,2,125938
Ed25519,verify_n2,2,126026
Ed25519,verify_n2,2,126003
Ed25519,verify_n2,2,126003
Ed25519,verify_n2,2,147282
Ed25519,verify_n2,2,127462
Ed25519,verify_n2,2,141140
Ed25519,verify_n2,2,129998
Ed25519,authorize,2,10087
Ed25519,authorize,2,9662
Ed25519,authorize,2,8946
Ed25519,authorize,2,9154
Ed25519,authorize,2,8976
Ed25519,authorize,2,9403
Ed25519,authorize,2,9086
Ed25519,authorize,2,9239
Ed25519,authorize,2,9117
Ed25519,authorize,2,9138
Ed25519,authorize,2,9073
Ed25519,authorize,2,8796
Ed25519,authorize,2,9088
Ed25519,authorize,2,8823
Ed25519,authorize,2,8880
Ed25519,authorize,2,8597
Ed25519,authorize,2,8845
Ed25519,authorize,2,8698
Ed25519,authorize,2,8619
Ed25519,authorize,2,8717
Ed25519,authorize,2,8566
Ed25519,authorize,2,9134
Ed25519,authorize,2,8815
Ed25519,authorize,2,8914
Ed25519,authorize,2,8628
Ed25519,authorize,2,8703
Ed25519,authorize,2,8915
Ed25519,authorize,2,8704
Ed25519,authorize,2,8854
Ed25519,authorize,2,8810
Ed25519,authorize,2,9152
Ed25519,authorize,2,8830
Ed25519,authorize,2,8767
Ed25519,authorize,2,9001
Ed25519,authorize,2,8782
Ed25519,authorize,2,8649
Ed25519,authorize,2,8753
Ed25519,authorize,2,8559
Ed25519,authorize,2,8775
Ed25519,authorize,2,8692
Ed25519,authorize,2,8922
Ed25519,authorize,2,9155
Ed25519,authorize,2,8897
Ed25519,authorize,2,8823
Ed25519,authorize,2,9233
Ed25519,authorize,2,8974
Ed25519,authorize,2,8642
Ed25519,authorize,2,8709
Ed25519,authorize,2,8595
Ed25519,authorize,2,8751
Ed25519,authorize,2,9412
Ed25519,authorize,2,8860
Ed25519,authorize,2,9473
Ed25519,authorize,2,8985
Ed25519,authorize,2,8899
Ed25519,authorize,2,9039
Ed25519,authorize,2,8720
Ed25519,authorize,2,8513
Ed25519,authorize,2,8749
Ed25519,authorize,2,8798
Ed25519,authorize,2,8596
Ed25519,authorize,2,9023
Ed25519,authorize,2,8738
Ed25519,authorize,2,8631
Ed25519,authorize,2,8791
Ed25519,authorize,2,8322
Ed25519,authorize,2,8972
Ed25519,authorize,2,8666
Ed25519,authorize,2,8597
Ed25519,authorize,2,8532
Ed25519,authorize,2,8455
Ed25519,authorize,2,8753
Ed25519,authorize,2,9355
Ed25519,authorize,2,8641
Ed25519,authorize,2,8672
Ed25519,authorize,2,8516
Ed25519,authorize,2,8740
Ed25519,authorize,2,8458
Ed25519,authorize,2,8473
Ed25519,authorize,2,8415
Ed25519,authorize,2,8610
Ed25519,authorize,2,8541
Ed25519,authorize,2,8474
Ed25519,authorize,2,8598
Ed25519,authorize,2,8510
Ed25519,authorize,2,8470
Ed25519,authorize,2,8723
Ed25519,authorize,2,8560
Ed25519,authorize,2,8576
Ed25519,authorize,2,8460
Ed25519,authorize,2,8431
Ed25519,authorize,2,8422
Ed25519,authorize,2,8434
Ed25519,authorize,2,8294
Ed25519,authorize,2,8422
Ed25519,authorize,2,8573
Ed25519,authorize,2,8588
Ed25519,authorize,2,8589
Ed25519,authorize,2,8568
Ed25519,authorize,2,28827
Ed25519,authorize,2,12838
Mldsa44,verify_chain,0,152319
Mldsa44,verify_chain,0,151917
Mldsa44,verify_chain,0,153859
Mldsa44,verify_chain,0,152951
Mldsa44,verify_chain,0,149776
Mldsa44,verify_chain,0,150715
Mldsa44,verify_chain,0,151675
Mldsa44,verify_chain,0,150180
Mldsa44,verify_chain,0,150005
Mldsa44,verify_chain,0,151305
Mldsa44,verify_chain,0,164934
Mldsa44,verify_chain,0,150889
Mldsa44,verify_chain,0,165026
Mldsa44,verify_chain,0,157744
Mldsa44,verify_chain,0,149873
Mldsa44,verify_chain,0,153784
Mldsa44,verify_chain,0,158951
Mldsa44,verify_chain,0,158994
Mldsa44,verify_chain,0,149362
Mldsa44,verify_chain,0,150389
Mldsa44,verify_chain,0,149121
Mldsa44,verify_chain,0,149973
Mldsa44,verify_chain,0,165933
Mldsa44,verify_chain,0,151246
Mldsa44,verify_chain,0,155169
Mldsa44,verify_chain,0,149992
Mldsa44,verify_chain,0,149247
Mldsa44,verify_chain,0,153164
Mldsa44,verify_chain,0,150801
Mldsa44,verify_chain,0,153349
Mldsa44,verify_chain,0,151203
Mldsa44,verify_chain,0,155421
Mldsa44,verify_chain,0,151917
Mldsa44,verify_chain,0,155141
Mldsa44,verify_chain,0,152687
Mldsa44,verify_chain,0,163497
Mldsa44,verify_chain,0,157720
Mldsa44,verify_chain,0,149981
Mldsa44,verify_chain,0,154461
Mldsa44,verify_chain,0,149374
Mldsa44,verify_chain,0,151206
Mldsa44,verify_chain,0,148637
Mldsa44,verify_chain,0,150185
Mldsa44,verify_chain,0,159989
Mldsa44,verify_chain,0,148545
Mldsa44,verify_chain,0,152484
Mldsa44,verify_chain,0,154242
Mldsa44,verify_chain,0,149325
Mldsa44,verify_chain,0,157979
Mldsa44,verify_chain,0,152497
Mldsa44,verify_chain,0,149420
Mldsa44,verify_chain,0,150022
Mldsa44,verify_chain,0,152742
Mldsa44,verify_chain,0,149991
Mldsa44,verify_chain,0,149070
Mldsa44,verify_chain,0,173591
Mldsa44,verify_chain,0,149158
Mldsa44,verify_chain,0,151282
Mldsa44,verify_chain,0,151677
Mldsa44,verify_chain,0,149936
Mldsa44,verify_chain,0,149190
Mldsa44,verify_chain,0,160634
Mldsa44,verify_chain,0,150544
Mldsa44,verify_chain,0,149032
Mldsa44,verify_chain,0,158598
Mldsa44,verify_chain,0,157627
Mldsa44,verify_chain,0,162024
Mldsa44,verify_chain,0,150527
Mldsa44,verify_chain,0,150808
Mldsa44,verify_chain,0,157171
Mldsa44,verify_chain,0,154429
Mldsa44,verify_chain,0,149483
Mldsa44,verify_chain,0,155215
Mldsa44,verify_chain,0,149614
Mldsa44,verify_chain,0,161503
Mldsa44,verify_chain,0,149718
Mldsa44,verify_chain,0,150718
Mldsa44,verify_chain,0,148876
Mldsa44,verify_chain,0,151368
Mldsa44,verify_chain,0,150927
Mldsa44,verify_chain,0,148722
Mldsa44,verify_chain,0,149194
Mldsa44,verify_chain,0,151067
Mldsa44,verify_chain,0,149151
Mldsa44,verify_chain,0,149927
Mldsa44,verify_chain,0,156027
Mldsa44,verify_chain,0,151867
Mldsa44,verify_chain,0,153161
Mldsa44,verify_chain,0,151047
Mldsa44,verify_chain,0,151185
Mldsa44,verify_chain,0,149161
Mldsa44,verify_chain,0,148354
Mldsa44,verify_chain,0,148837
Mldsa44,verify_chain,0,150571
Mldsa44,verify_chain,0,148203
Mldsa44,verify_chain,0,169550
Mldsa44,verify_chain,0,150806
Mldsa44,verify_chain,0,161474
Mldsa44,verify_chain,0,148747
Mldsa44,verify_chain,0,150240
Mldsa44,verify_chain,0,155969
Mldsa44,verify_chain,1,231201
Mldsa44,verify_chain,1,228023
Mldsa44,verify_chain,1,231623
Mldsa44,verify_chain,1,235797
Mldsa44,verify_chain,1,227877
Mldsa44,verify_chain,1,225967
Mldsa44,verify_chain,1,227237
Mldsa44,verify_chain,1,229876
Mldsa44,verify_chain,1,226816
Mldsa44,verify_chain,1,225303
Mldsa44,verify_chain,1,224121
Mldsa44,verify_chain,1,226371
Mldsa44,verify_chain,1,241543
Mldsa44,verify_chain,1,236946
Mldsa44,verify_chain,1,228602
Mldsa44,verify_chain,1,230228
Mldsa44,verify_chain,1,251397
Mldsa44,verify_chain,1,229797
Mldsa44,verify_chain,1,225281
Mldsa44,verify_chain,1,226857
Mldsa44,verify_chain,1,232724
Mldsa44,verify_chain,1,242399
Mldsa44,verify_chain,1,228275
Mldsa44,verify_chain,1,227204
Mldsa44,verify_chain,1,226568
Mldsa44,verify_chain,1,224214
Mldsa44,verify_chain,1,232978
Mldsa44,verify_chain,1,238107
Mldsa44,verify_chain,1,229342
Mldsa44,verify_chain,1,234747
Mldsa44,verify_chain,1,231600
Mldsa44,verify_chain,1,227799
Mldsa44,verify_chain,1,226651
Mldsa44,verify_chain,1,226659
Mldsa44,verify_chain,1,256634
Mldsa44,verify_chain,1,237462
Mldsa44,verify_chain,1,237456
Mldsa44,verify_chain,1,231566
Mldsa44,verify_chain,1,231522
Mldsa44,verify_chain,1,226569
Mldsa44,verify_chain,1,224993
Mldsa44,verify_chain,1,221917
Mldsa44,verify_chain,1,221289
Mldsa44,verify_chain,1,225404
Mldsa44,verify_chain,1,235041
Mldsa44,verify_chain,1,229748
Mldsa44,verify_chain,1,231422
Mldsa44,verify_chain,1,259829
Mldsa44,verify_chain,1,230058
Mldsa44,verify_chain,1,232082
Mldsa44,verify_chain,1,221753
Mldsa44,verify_chain,1,227385
Mldsa44,verify_chain,1,230948
Mldsa44,verify_chain,1,228398
Mldsa44,verify_chain,1,240441
Mldsa44,verify_chain,1,224957
Mldsa44,verify_chain,1,226075
Mldsa44,verify_chain,1,227895
Mldsa44,verify_chain,1,223442
Mldsa44,verify_chain,1,224891
Mldsa44,verify_chain,1,231004
Mldsa44,verify_chain,1,223012
Mldsa44,verify_chain,1,227462
Mldsa44,verify_chain,1,221438
Mldsa44,verify_chain,1,232444
Mldsa44,verify_chain,1,222658
Mldsa44,verify_chain,1,221657
Mldsa44,verify_chain,1,223966
Mldsa44,verify_chain,1,232301
Mldsa44,verify_chain,1,222366
Mldsa44,verify_chain,1,225845
Mldsa44,verify_chain,1,224163
Mldsa44,verify_chain,1,253008
Mldsa44,verify_chain,1,225890
Mldsa44,verify_chain,1,229162
Mldsa44,verify_chain,1,222188
Mldsa44,verify_chain,1,221477
Mldsa44,verify_chain,1,236389
Mldsa44,verify_chain,1,224672
Mldsa44,verify_chain,1,223934
Mldsa44,verify_chain,1,233962
Mldsa44,verify_chain,1,228515
Mldsa44,verify_chain,1,231018
Mldsa44,verify_chain,1,222055
Mldsa44,verify_chain,1,224370
Mldsa44,verify_chain,1,239586
Mldsa44,verify_chain,1,227942
Mldsa44,verify_chain,1,244575
Mldsa44,verify_chain,1,227808
Mldsa44,verify_chain,1,226438
Mldsa44,verify_chain,1,223634
Mldsa44,verify_chain,1,233869
Mldsa44,verify_chain,1,236089
Mldsa44,verify_chain,1,229527
Mldsa44,verify_chain,1,221841
Mldsa44,verify_chain,1,228850
Mldsa44,verify_chain,1,221686
Mldsa44,verify_chain,1,220494
Mldsa44,verify_chain,1,219963
Mldsa44,verify_chain,1,237927
Mldsa44,verify_chain,1,230222
Mldsa44,verify_chain,2,304489
Mldsa44,verify_chain,2,306269
Mldsa44,verify_chain,2,343088
Mldsa44,verify_chain,2,304268
Mldsa44,verify_chain,2,316612
Mldsa44,verify_chain,2,327956
Mldsa44,verify_chain,2,307999
Mldsa44,verify_chain,2,305414
Mldsa44,verify_chain,2,302564
Mldsa44,verify_chain,2,304373
Mldsa44,verify_chain,2,303417
Mldsa44,verify_chain,2,312797
Mldsa44,verify_chain,2,306870
Mldsa44,verify_chain,2,305166
Mldsa44,verify_chain,2,302197
Mldsa44,verify_chain,2,304694
Mldsa44,verify_chain,2,317566
Mldsa44,verify_chain,2,314430
Mldsa44,verify_chain,2,330027
Mldsa44,verify_chain,2,304338
Mldsa44,verify_chain,2,306238
Mldsa44,verify_chain,2,313240
Mldsa44,verify_chain,2,304803
Mldsa44,verify_chain,2,312269
Mldsa44,verify_chain,2,308381
Mldsa44,verify_chain,2,306251
Mldsa44,verify_chain,2,304196
Mldsa44,verify_chain,2,304350
Mldsa44,verify_chain,2,301515
Mldsa44,verify_chain,2,312833
Mldsa44,verify_chain,2,305907
Mldsa44,verify_chain,2,322590
Mldsa44,verify_chain,2,304247
Mldsa44,verify_chain,2,303110
Mldsa44,verify_chain,2,304623
Mldsa44,verify_chain,2,306748
Mldsa44,verify_chain,2,322231
Mldsa44,verify_chain,2,306858
Mldsa44,verify_chain,2,303531
Mldsa44,verify_chain,2,304837
Mldsa44,verify_chain,2,304873
Mldsa44,verify_chain,2,310180
Mldsa44,verify_chain,2,305145
Mldsa44,verify_chain,2,308023
Mldsa44,verify_chain,2,309168
Mldsa44,verify_chain,2,310354
Mldsa44,verify_chain,2,320627
Mldsa44,verify_chain,2,319150
Mldsa44,verify_chain,2,304521
Mldsa44,verify_chain,2,309637
Mldsa44,verify_chain,2,304196
Mldsa44,verify_chain,2,314762
Mldsa44,verify_chain,2,321290
Mldsa44,verify_chain,2,322034
Mldsa44,verify_chain,2,305747
Mldsa44,verify_chain,2,307479
Mldsa44,verify_chain,2,310780
Mldsa44,verify_chain,2,311214
Mldsa44,verify_chain,2,304201
Mldsa44,verify_chain,2,304564
Mldsa44,verify_chain,2,342109
Mldsa44,verify_chain,2,305628
Mldsa44,verify_chain,2,303846
Mldsa44,verify_chain,2,303427
Mldsa44,verify_chain,2,306126
Mldsa44,verify_chain,2,311969
Mldsa44,verify_chain,2,305155
Mldsa44,verify_chain,2,319595
Mldsa44,verify_chain,2,304316
Mldsa44,verify_chain,2,313350
Mldsa44,verify_chain,2,307292
Mldsa44,verify_chain,2,308634
Mldsa44,verify_chain,2,313749
Mldsa44,verify_chain,2,304474
Mldsa44,verify_chain,2,321410
Mldsa44,verify_chain,2,306395
Mldsa44,verify_chain,2,303428
Mldsa44,verify_chain,2,314858
Mldsa44,verify_chain,2,307335
Mldsa44,verify_chain,2,303327
Mldsa44,verify_chain,2,307571
Mldsa44,verify_chain,2,305238
Mldsa44,verify_chain,2,308948
Mldsa44,verify_chain,2,311684
Mldsa44,verify_chain,2,313655
Mldsa44,verify_chain,2,309971
Mldsa44,verify_chain,2,304971
Mldsa44,verify_chain,2,304025
Mldsa44,verify_chain,2,335998
Mldsa44,verify_chain,2,310204
Mldsa44,verify_chain,2,306980
Mldsa44,verify_chain,2,308203
Mldsa44,verify_chain,2,302354
Mldsa44,verify_chain,2,306112
Mldsa44,verify_chain,2,303998
Mldsa44,verify_chain,2,318547
Mldsa44,verify_chain,2,305565
Mldsa44,verify_chain,2,305390
Mldsa44,verify_chain,2,309289
Mldsa44,verify_chain,2,314225
Mldsa44,verify_chain,2,319545
Mldsa44,verify_chain,5,540704
Mldsa44,verify_chain,5,525673
Mldsa44,verify_chain,5,526080
Mldsa44,verify_chain,5,522048
Mldsa44,verify_chain,5,531723
Mldsa44,verify_chain,5,536808
Mldsa44,verify_chain,5,527298
Mldsa44,verify_chain,5,528480
Mldsa44,verify_chain,5,533270
Mldsa44,verify_chain,5,524880
Mldsa44,verify_chain,5,538327
Mldsa44,verify_chain,5,579191
Mldsa44,verify_chain,5,531091
Mldsa44,verify_chain,5,537716
Mldsa44,verify_chain,5,577726
Mldsa44,verify_chain,5,532604
Mldsa44,verify_chain,5,524920
Mldsa44,verify_chain,5,530488
Mldsa44,verify_chain,5,539906
Mldsa44,verify_chain,5,527635
Mldsa44,verify_chain,5,524693
Mldsa44,verify_chain,5,546297
Mldsa44,verify_chain,5,552197
Mldsa44,verify_chain,5,526205
Mldsa44,verify_chain,5,523927
Mldsa44,verify_chain,5,534405
Mldsa44,verify_chain,5,522611
Mldsa44,verify_chain,5,525421
Mldsa44,verify_chain,5,525237
Mldsa44,verify_chain,5,541993
Mldsa44,verify_chain,5,558427
Mldsa44,verify_chain,5,523836
Mldsa44,verify_chain,5,539838
Mldsa44,verify_chain,5,530879
Mldsa44,verify_chain,5,521000
Mldsa44,verify_chain,5,522338
Mldsa44,verify_chain,5,543548
Mldsa44,verify_chain,5,525004
Mldsa44,verify_chain,5,554205
Mldsa44,verify_chain,5,536444
Mldsa44,verify_chain,5,530828
Mldsa44,verify_chain,5,540515
Mldsa44,verify_chain,5,552603
Mldsa44,verify_chain,5,542742
Mldsa44,verify_chain,5,538339
Mldsa44,verify_chain,5,544991
Mldsa44,verify_chain,5,532284
Mldsa44,verify_chain,5,556553
Mldsa44,verify_chain,5,528656
Mldsa44,verify_chain,5,525675
Mldsa44,verify_chain,5,535801
Mldsa44,verify_chain,5,532333
Mldsa44,verify_chain,5,523662
Mldsa44,verify_chain,5,527665
Mldsa44,verify_chain,5,538390
Mldsa44,verify_chain,5,536529
Mldsa44,verify_chain,5,525184
Mldsa44,verify_chain,5,534512
Mldsa44,verify_chain,5,524721
Mldsa44,verify_chain,5,533227
Mldsa44,verify_chain,5,532794
Mldsa44,verify_chain,5,526978
Mldsa44,verify_chain,5,536567
Mldsa44,verify_chain,5,532706
Mldsa44,verify_chain,5,526004
Mldsa44,verify_chain,5,525564
Mldsa44,verify_chain,5,531358
Mldsa44,verify_chain,5,536704
Mldsa44,verify_chain,5,525217
Mldsa44,verify_chain,5,529127
Mldsa44,verify_chain,5,532917
Mldsa44,verify_chain,5,529734
Mldsa44,verify_chain,5,536344
Mldsa44,verify_chain,5,603560
Mldsa44,verify_chain,5,611220
Mldsa44,verify_chain,5,686184
Mldsa44,verify_chain,5,531316
Mldsa44,verify_chain,5,533212
Mldsa44,verify_chain,5,538945
Mldsa44,verify_chain,5,548556
Mldsa44,verify_chain,5,528535
Mldsa44,verify_chain,5,547012
Mldsa44,verify_chain,5,535969
Mldsa44,verify_chain,5,533909
Mldsa44,verify_chain,5,525838
Mldsa44,verify_chain,5,534752
Mldsa44,verify_chain,5,538070
Mldsa44,verify_chain,5,542878
Mldsa44,verify_chain,5,533853
Mldsa44,verify_chain,5,531664
Mldsa44,verify_chain,5,527803
Mldsa44,verify_chain,5,521684
Mldsa44,verify_chain,5,531794
Mldsa44,verify_chain,5,527966
Mldsa44,verify_chain,5,517947
Mldsa44,verify_chain,5,522768
Mldsa44,verify_chain,5,530338
Mldsa44,verify_chain,5,521011
Mldsa44,verify_chain,5,515268
Mldsa44,verify_chain,5,524325
Mldsa44,verify_chain,5,540683
Mldsa44,verify_chain,10,1036173
Mldsa44,verify_chain,10,958985
Mldsa44,verify_chain,10,926787
Mldsa44,verify_chain,10,908385
Mldsa44,verify_chain,10,917685
Mldsa44,verify_chain,10,900349
Mldsa44,verify_chain,10,937792
Mldsa44,verify_chain,10,917857
Mldsa44,verify_chain,10,921922
Mldsa44,verify_chain,10,907972
Mldsa44,verify_chain,10,922684
Mldsa44,verify_chain,10,964447
Mldsa44,verify_chain,10,935818
Mldsa44,verify_chain,10,905017
Mldsa44,verify_chain,10,910371
Mldsa44,verify_chain,10,920766
Mldsa44,verify_chain,10,971542
Mldsa44,verify_chain,10,1045099
Mldsa44,verify_chain,10,1016419
Mldsa44,verify_chain,10,945013
Mldsa44,verify_chain,10,940495
Mldsa44,verify_chain,10,942872
Mldsa44,verify_chain,10,943884
Mldsa44,verify_chain,10,926565
Mldsa44,verify_chain,10,939782
Mldsa44,verify_chain,10,936192
Mldsa44,verify_chain,10,951640
Mldsa44,verify_chain,10,921187
Mldsa44,verify_chain,10,926730
Mldsa44,verify_chain,10,914106
Mldsa44,verify_chain,10,924717
Mldsa44,verify_chain,10,922384
Mldsa44,verify_chain,10,931395
Mldsa44,verify_chain,10,905217
Mldsa44,verify_chain,10,1024902
Mldsa44,verify_chain,10,956550
Mldsa44,verify_chain,10,1029832
Mldsa44,verify_chain,10,942769
Mldsa44,verify_chain,10,907537
Mldsa44,verify_chain,10,902771
Mldsa44,verify_chain,10,918424
Mldsa44,verify_chain,10,916351
Mldsa44,verify_chain,10,928596
Mldsa44,verify_chain,10,946700
Mldsa44,verify_chain,10,916575
Mldsa44,verify_chain,10,924087
Mldsa44,verify_chain,10,926750
Mldsa44,verify_chain,10,934174
Mldsa44,verify_chain,10,936296
Mldsa44,verify_chain,10,925293
Mldsa44,verify_chain,10,926823
Mldsa44,verify_chain,10,916737
Mldsa44,verify_chain,10,1026576
Mldsa44,verify_chain,10,933904
Mldsa44,verify_chain,10,995579
Mldsa44,verify_chain,10,930841
Mldsa44,verify_chain,10,914843
Mldsa44,verify_chain,10,920537
Mldsa44,verify_chain,10,941165
Mldsa44,verify_chain,10,901901
Mldsa44,verify_chain,10,914296
Mldsa44,verify_chain,10,911687
Mldsa44,verify_chain,10,951623
Mldsa44,verify_chain,10,904318
Mldsa44,verify_chain,10,984083
Mldsa44,verify_chain,10,1033493
Mldsa44,verify_chain,10,969263
Mldsa44,verify_chain,10,965783
Mldsa44,verify_chain,10,958247
Mldsa44,verify_chain,10,1028849
Mldsa44,verify_chain,10,1018164
Mldsa44,verify_chain,10,1006591
Mldsa44,verify_chain,10,971720
Mldsa44,verify_chain,10,961899
Mldsa44,verify_chain,10,981980
Mldsa44,verify_chain,10,950317
Mldsa44,verify_chain,10,940364
Mldsa44,verify_chain,10,947170
Mldsa44,verify_chain,10,928511
Mldsa44,verify_chain,10,951796
Mldsa44,verify_chain,10,938250
Mldsa44,verify_chain,10,950384
Mldsa44,verify_chain,10,952381
Mldsa44,verify_chain,10,950689
Mldsa44,verify_chain,10,948937
Mldsa44,verify_chain,10,922070
Mldsa44,verify_chain,10,923845
Mldsa44,verify_chain,10,1063828
Mldsa44,verify_chain,10,929506
Mldsa44,verify_chain,10,938607
Mldsa44,verify_chain,10,913902
Mldsa44,verify_chain,10,929711
Mldsa44,verify_chain,10,908016
Mldsa44,verify_chain,10,916472
Mldsa44,verify_chain,10,906964
Mldsa44,verify_chain,10,925157
Mldsa44,verify_chain,10,944736
Mldsa44,verify_chain,10,961041
Mldsa44,verify_chain,10,939194
Mldsa44,verify_chain,10,953706
Mldsa44,verify_chain,10,946584
Mldsa44,authority_build,2,176864
Mldsa44,authority_build,2,249910
Mldsa44,authority_build,2,602392
Mldsa44,authority_build,2,174140
Mldsa44,authority_build,2,214879
Mldsa44,authority_build,2,216077
Mldsa44,authority_build,2,1002549
Mldsa44,authority_build,2,444130
Mldsa44,authority_build,2,364939
Mldsa44,authority_build,2,342571
Mldsa44,authority_build,2,560870
Mldsa44,authority_build,2,539056
Mldsa44,authority_build,2,254765
Mldsa44,authority_build,2,253649
Mldsa44,authority_build,2,260560
Mldsa44,authority_build,2,220092
Mldsa44,authority_build,2,179037
Mldsa44,authority_build,2,228139
Mldsa44,authority_build,2,196991
Mldsa44,authority_build,2,334320
Mldsa44,authority_build,2,376285
Mldsa44,authority_build,2,219808
Mldsa44,authority_build,2,208728
Mldsa44,authority_build,2,410174
Mldsa44,authority_build,2,407630
Mldsa44,authority_build,2,249566
Mldsa44,authority_build,2,573232
Mldsa44,authority_build,2,213814
Mldsa44,authority_build,2,234648
Mldsa44,authority_build,2,308723
Mldsa44,authority_build,2,410292
Mldsa44,authority_build,2,539241
Mldsa44,authority_build,2,607235
Mldsa44,authority_build,2,255107
Mldsa44,authority_build,2,245693
Mldsa44,authority_build,2,334500
Mldsa44,authority_build,2,610694
Mldsa44,authority_build,2,172740
Mldsa44,authority_build,2,257002
Mldsa44,authority_build,2,255173
Mldsa44,authority_build,2,515444
Mldsa44,authority_build,2,251381
Mldsa44,authority_build,2,179740
Mldsa44,authority_build,2,180124
Mldsa44,authority_build,2,349715
Mldsa44,authority_build,2,248439
Mldsa44,authority_build,2,263509
Mldsa44,authority_build,2,250170
Mldsa44,authority_build,2,245079
Mldsa44,authority_build,2,171749
Mldsa44,authority_build,2,283343
Mldsa44,authority_build,2,211870
Mldsa44,authority_build,2,550717
Mldsa44,authority_build,2,303478
Mldsa44,authority_build,2,386249
Mldsa44,authority_build,2,257708
Mldsa44,authority_build,2,256930
Mldsa44,authority_build,2,173568
Mldsa44,authority_build,2,207615
Mldsa44,authority_build,2,216024
Mldsa44,authority_build,2,516704
Mldsa44,authority_build,2,364348
Mldsa44,authority_build,2,172925
Mldsa44,authority_build,2,173202
Mldsa44,authority_build,2,173788
Mldsa44,authority_build,2,453420
Mldsa44,authority_build,2,181681
Mldsa44,authority_build,2,451974
Mldsa44,authority_build,2,230651
Mldsa44,authority_build,2,576421
Mldsa44,authority_build,2,209081
Mldsa44,authority_build,2,207647
Mldsa44,authority_build,2,214077
Mldsa44,authority_build,2,690691
Mldsa44,authority_build,2,213729
Mldsa44,authority_build,2,564682
Mldsa44,authority_build,2,283762
Mldsa44,authority_build,2,216602
Mldsa44,authority_build,2,576142
Mldsa44,authority_build,2,212914
Mldsa44,authority_build,2,416559
Mldsa44,authority_build,2,174492
Mldsa44,authority_build,2,168390
Mldsa44,authority_build,2,337481
Mldsa44,authority_build,2,859017
Mldsa44,authority_build,2,240165
Mldsa44,authority_build,2,249777
Mldsa44,authority_build,2,170921
Mldsa44,authority_build,2,221113
Mldsa44,authority_build,2,183493
Mldsa44,authority_build,2,171586
Mldsa44,authority_build,2,328291
Mldsa44,authority_build,2,288230
Mldsa44,authority_build,2,338898
Mldsa44,authority_build,2,281569
Mldsa44,authority_build,2,268242
Mldsa44,authority_build,2,185513
Mldsa44,authority_build,2,303204
Mldsa44,authority_build,2,627200
Mldsa44,authority_build,2,217364
Mldsa44,authority_build,2,619446
Mldsa44,append_hop,2,222523
Mldsa44,append_hop,2,436094
Mldsa44,append_hop,2,312731
Mldsa44,append_hop,2,200732
Mldsa44,append_hop,2,267844
Mldsa44,append_hop,2,181234
Mldsa44,append_hop,2,1042953
Mldsa44,append_hop,2,272517
Mldsa44,append_hop,2,538773
Mldsa44,append_hop,2,675663
Mldsa44,append_hop,2,235875
Mldsa44,append_hop,2,501541
Mldsa44,append_hop,2,496530
Mldsa44,append_hop,2,179384
Mldsa44,append_hop,2,534777
Mldsa44,append_hop,2,304114
Mldsa44,append_hop,2,565405
Mldsa44,append_hop,2,214434
Mldsa44,append_hop,2,348462
Mldsa44,append_hop,2,344779
Mldsa44,append_hop,2,185912
Mldsa44,append_hop,2,260016
Mldsa44,append_hop,2,259883
Mldsa44,append_hop,2,634320
Mldsa44,append_hop,2,184600
Mldsa44,append_hop,2,348669
Mldsa44,append_hop,2,281652
Mldsa44,append_hop,2,326476
Mldsa44,append_hop,2,230437
Mldsa44,append_hop,2,255764
Mldsa44,append_hop,2,473729
Mldsa44,append_hop,2,499836
Mldsa44,append_hop,2,230870
Mldsa44,append_hop,2,273143
Mldsa44,append_hop,2,236799
Mldsa44,append_hop,2,398776
Mldsa44,append_hop,2,275504
Mldsa44,append_hop,2,233443
Mldsa44,append_hop,2,274309
Mldsa44,append_hop,2,201010
Mldsa44,append_hop,2,396217
Mldsa44,append_hop,2,361085
Mldsa44,append_hop,2,266416
Mldsa44,append_hop,2,395793
Mldsa44,append_hop,2,188127
Mldsa44,append_hop,2,422244
Mldsa44,append_hop,2,198541
Mldsa44,append_hop,2,186214
Mldsa44,append_hop,2,185646
Mldsa44,append_hop,2,491917
Mldsa44,append_hop,2,188470
Mldsa44,append_hop,2,185993
Mldsa44,append_hop,2,509885
Mldsa44,append_hop,2,271991
Mldsa44,append_hop,2,422817
Mldsa44,append_hop,2,312866
Mldsa44,append_hop,2,390337
Mldsa44,append_hop,2,233701
Mldsa44,append_hop,2,224322
Mldsa44,append_hop,2,319333
Mldsa44,append_hop,2,346453
Mldsa44,append_hop,2,380407
Mldsa44,append_hop,2,297952
Mldsa44,append_hop,2,232543
Mldsa44,append_hop,2,189042
Mldsa44,append_hop,2,310643
Mldsa44,append_hop,2,222920
Mldsa44,append_hop,2,184340
Mldsa44,append_hop,2,416394
Mldsa44,append_hop,2,344774
Mldsa44,append_hop,2,383905
Mldsa44,append_hop,2,352965
Mldsa44,append_hop,2,233533
Mldsa44,append_hop,2,192305
Mldsa44,append_hop,2,315372
Mldsa44,append_hop,2,266608
Mldsa44,append_hop,2,434535
Mldsa44,append_hop,2,477547
Mldsa44,append_hop,2,203875
Mldsa44,append_hop,2,186089
Mldsa44,append_hop,2,354689
Mldsa44,append_hop,2,198879
Mldsa44,append_hop,2,238637
Mldsa44,append_hop,2,437151
Mldsa44,append_hop,2,263758
Mldsa44,append_hop,2,187725
Mldsa44,append_hop,2,185956
Mldsa44,append_hop,2,330689
Mldsa44,append_hop,2,232573
Mldsa44,append_hop,2,327448
Mldsa44,append_hop,2,187861
Mldsa44,append_hop,2,269593
Mldsa44,append_hop,2,268768
Mldsa44,append_hop,2,190559
Mldsa44,append_hop,2,188593
Mldsa44,append_hop,2,190207
Mldsa44,append_hop,2,389836
Mldsa44,append_hop,2,465423
Mldsa44,append_hop,2,381013
Mldsa44,append_hop,2,185803
Mldsa44,append_hop,2,222011
Mldsa44,seal,2,202918
Mldsa44,seal,2,201646
Mldsa44,seal,2,216773
Mldsa44,seal,2,206517
Mldsa44,seal,2,200713
Mldsa44,seal,2,201789
Mldsa44,seal,2,202280
Mldsa44,seal,2,202346
Mldsa44,seal,2,201714
Mldsa44,seal,2,202977
Mldsa44,seal,2,195810
Mldsa44,seal,2,206425
Mldsa44,seal,2,201149
Mldsa44,seal,2,199153
Mldsa44,seal,2,196256
Mldsa44,seal,2,200278
Mldsa44,seal,2,220316
Mldsa44,seal,2,199665
Mldsa44,seal,2,198608
Mldsa44,seal,2,197467
Mldsa44,seal,2,198084
Mldsa44,seal,2,205894
Mldsa44,seal,2,205195
Mldsa44,seal,2,197316
Mldsa44,seal,2,198760
Mldsa44,seal,2,197261
Mldsa44,seal,2,196407
Mldsa44,seal,2,197020
Mldsa44,seal,2,198985
Mldsa44,seal,2,200398
Mldsa44,seal,2,203327
Mldsa44,seal,2,205293
Mldsa44,seal,2,199067
Mldsa44,seal,2,198093
Mldsa44,seal,2,196863
Mldsa44,seal,2,203281
Mldsa44,seal,2,206227
Mldsa44,seal,2,233046
Mldsa44,seal,2,263065
Mldsa44,seal,2,224206
Mldsa44,seal,2,208546
Mldsa44,seal,2,223687
Mldsa44,seal,2,200907
Mldsa44,seal,2,202169
Mldsa44,seal,2,197620
Mldsa44,seal,2,201399
Mldsa44,seal,2,269296
Mldsa44,seal,2,232224
Mldsa44,seal,2,198521
Mldsa44,seal,2,198755
Mldsa44,seal,2,200019
Mldsa44,seal,2,218812
Mldsa44,seal,2,199084
Mldsa44,seal,2,199684
Mldsa44,seal,2,213510
Mldsa44,seal,2,203460
Mldsa44,seal,2,201386
Mldsa44,seal,2,200906
Mldsa44,seal,2,219880
Mldsa44,seal,2,201424
Mldsa44,seal,2,235287
Mldsa44,seal,2,208623
Mldsa44,seal,2,204454
Mldsa44,seal,2,202065
Mldsa44,seal,2,210852
Mldsa44,seal,2,206203
Mldsa44,seal,2,203327
Mldsa44,seal,2,202539
Mldsa44,seal,2,201228
Mldsa44,seal,2,200147
Mldsa44,seal,2,205867
Mldsa44,seal,2,200481
Mldsa44,seal,2,203839
Mldsa44,seal,2,200154
Mldsa44,seal,2,225108
Mldsa44,seal,2,202792
Mldsa44,seal,2,199690
Mldsa44,seal,2,197270
Mldsa44,seal,2,195406
Mldsa44,seal,2,201189
Mldsa44,seal,2,206653
Mldsa44,seal,2,198755
Mldsa44,seal,2,199130
Mldsa44,seal,2,205889
Mldsa44,seal,2,201227
Mldsa44,seal,2,199569
Mldsa44,seal,2,198943
Mldsa44,seal,2,198112
Mldsa44,seal,2,227128
Mldsa44,seal,2,200592
Mldsa44,seal,2,199711
Mldsa44,seal,2,197086
Mldsa44,seal,2,205113
Mldsa44,seal,2,201404
Mldsa44,seal,2,205065
Mldsa44,seal,2,199100
Mldsa44,seal,2,197883
Mldsa44,seal,2,200900
Mldsa44,seal,2,200998
Mldsa44,seal,2,207764
Mldsa44,seal,2,200254
Mldsa44,verify_n2,2,310621
Mldsa44,verify_n2,2,302771
Mldsa44,verify_n2,2,306384
Mldsa44,verify_n2,2,368850
Mldsa44,verify_n2,2,321354
Mldsa44,verify_n2,2,316339
Mldsa44,verify_n2,2,301804
Mldsa44,verify_n2,2,303030
Mldsa44,verify_n2,2,309440
Mldsa44,verify_n2,2,315706
Mldsa44,verify_n2,2,303327
Mldsa44,verify_n2,2,304962
Mldsa44,verify_n2,2,300422
Mldsa44,verify_n2,2,299968
Mldsa44,verify_n2,2,298889
Mldsa44,verify_n2,2,305797
Mldsa44,verify_n2,2,299606
Mldsa44,verify_n2,2,296421
Mldsa44,verify_n2,2,308064
Mldsa44,verify_n2,2,298863
Mldsa44,verify_n2,2,307229
Mldsa44,verify_n2,2,298547
Mldsa44,verify_n2,2,307796
Mldsa44,verify_n2,2,314981
Mldsa44,verify_n2,2,298986
Mldsa44,verify_n2,2,299371
Mldsa44,verify_n2,2,300035
Mldsa44,verify_n2,2,304617
Mldsa44,verify_n2,2,298841
Mldsa44,verify_n2,2,311465
Mldsa44,verify_n2,2,299114
Mldsa44,verify_n2,2,310134
Mldsa44,verify_n2,2,297590
Mldsa44,verify_n2,2,298570
Mldsa44,verify_n2,2,305641
Mldsa44,verify_n2,2,308756
Mldsa44,verify_n2,2,304310
Mldsa44,verify_n2,2,304176
Mldsa44,verify_n2,2,296002
Mldsa44,verify_n2,2,312397
Mldsa44,verify_n2,2,303026
Mldsa44,verify_n2,2,305681
Mldsa44,verify_n2,2,297946
Mldsa44,verify_n2,2,295392
Mldsa44,verify_n2,2,314032
Mldsa44,verify_n2,2,343439
Mldsa44,verify_n2,2,392332
Mldsa44,verify_n2,2,355158
Mldsa44,verify_n2,2,311577
Mldsa44,verify_n2,2,305641
Mldsa44,verify_n2,2,299222
Mldsa44,verify_n2,2,297763
Mldsa44,verify_n2,2,299158
Mldsa44,verify_n2,2,381150
Mldsa44,verify_n2,2,299558
Mldsa44,verify_n2,2,311637
Mldsa44,verify_n2,2,312821
Mldsa44,verify_n2,2,299259
Mldsa44,verify_n2,2,331223
Mldsa44,verify_n2,2,314321
Mldsa44,verify_n2,2,299179
Mldsa44,verify_n2,2,302656
Mldsa44,verify_n2,2,296113
Mldsa44,verify_n2,2,294335
Mldsa44,verify_n2,2,308662
Mldsa44,verify_n2,2,297564
Mldsa44,verify_n2,2,296431
Mldsa44,verify_n2,2,298717
Mldsa44,verify_n2,2,296971
Mldsa44,verify_n2,2,305934
Mldsa44,verify_n2,2,304234
Mldsa44,verify_n2,2,306755
Mldsa44,verify_n2,2,303764
Mldsa44,verify_n2,2,306448
Mldsa44,verify_n2,2,298368
Mldsa44,verify_n2,2,302513
Mldsa44,verify_n2,2,323622
Mldsa44,verify_n2,2,307693
Mldsa44,verify_n2,2,297798
Mldsa44,verify_n2,2,298899
Mldsa44,verify_n2,2,299363
Mldsa44,verify_n2,2,295762
Mldsa44,verify_n2,2,299746
Mldsa44,verify_n2,2,304178
Mldsa44,verify_n2,2,307396
Mldsa44,verify_n2,2,299513
Mldsa44,verify_n2,2,311739
Mldsa44,verify_n2,2,299019
Mldsa44,verify_n2,2,296033
Mldsa44,verify_n2,2,296904
Mldsa44,verify_n2,2,307722
Mldsa44,verify_n2,2,300317
Mldsa44,verify_n2,2,324651
Mldsa44,verify_n2,2,297539
Mldsa44,verify_n2,2,298560
Mldsa44,verify_n2,2,295271
Mldsa44,verify_n2,2,315414
Mldsa44,verify_n2,2,298516
Mldsa44,verify_n2,2,374298
Mldsa44,verify_n2,2,429790
Mldsa44,verify_n2,2,317269
Mldsa44,authorize,2,9237
Mldsa44,authorize,2,9130
Mldsa44,authorize,2,8910
Mldsa44,authorize,2,8698
Mldsa44,authorize,2,8658
Mldsa44,authorize,2,8562
Mldsa44,authorize,2,8830
Mldsa44,authorize,2,8609
Mldsa44,authorize,2,8789
Mldsa44,authorize,2,8813
Mldsa44,authorize,2,8416
Mldsa44,authorize,2,8531
Mldsa44,authorize,2,8826
Mldsa44,authorize,2,8545
Mldsa44,authorize,2,8708
Mldsa44,authorize,2,9264
Mldsa44,authorize,2,8831
Mldsa44,authorize,2,8408
Mldsa44,authorize,2,8539
Mldsa44,authorize,2,8665
Mldsa44,authorize,2,8686
Mldsa44,authorize,2,8642
Mldsa44,authorize,2,8504
Mldsa44,authorize,2,8393
Mldsa44,authorize,2,8314
Mldsa44,authorize,2,8443
Mldsa44,authorize,2,8444
Mldsa44,authorize,2,8336
Mldsa44,authorize,2,8676
Mldsa44,authorize,2,8475
Mldsa44,authorize,2,8500
Mldsa44,authorize,2,8334
Mldsa44,authorize,2,8472
Mldsa44,authorize,2,8493
Mldsa44,authorize,2,8702
Mldsa44,authorize,2,8690
Mldsa44,authorize,2,8793
Mldsa44,authorize,2,8295
Mldsa44,authorize,2,8840
Mldsa44,authorize,2,8327
Mldsa44,authorize,2,8426
Mldsa44,authorize,2,8679
Mldsa44,authorize,2,8346
Mldsa44,authorize,2,8248
Mldsa44,authorize,2,8248
Mldsa44,authorize,2,8720
Mldsa44,authorize,2,8545
Mldsa44,authorize,2,8274
Mldsa44,authorize,2,8384
Mldsa44,authorize,2,8362
Mldsa44,authorize,2,8444
Mldsa44,authorize,2,8416
Mldsa44,authorize,2,8364
Mldsa44,authorize,2,8421
Mldsa44,authorize,2,8529
Mldsa44,authorize,2,8372
Mldsa44,authorize,2,8293
Mldsa44,authorize,2,8291
Mldsa44,authorize,2,8582
Mldsa44,authorize,2,8243
Mldsa44,authorize,2,8361
Mldsa44,authorize,2,8319
Mldsa44,authorize,2,8582
Mldsa44,authorize,2,8696
Mldsa44,authorize,2,8566
Mldsa44,authorize,2,8184
Mldsa44,authorize,2,8388
Mldsa44,authorize,2,8408
Mldsa44,authorize,2,8579
Mldsa44,authorize,2,8210
Mldsa44,authorize,2,8386
Mldsa44,authorize,2,8397
Mldsa44,authorize,2,8475
Mldsa44,authorize,2,8485
Mldsa44,authorize,2,8691
Mldsa44,authorize,2,8243
Mldsa44,authorize,2,8541
Mldsa44,authorize,2,8495
Mldsa44,authorize,2,8765
Mldsa44,authorize,2,8253
Mldsa44,authorize,2,8314
Mldsa44,authorize,2,8618
Mldsa44,authorize,2,8556
Mldsa44,authorize,2,8639
Mldsa44,authorize,2,8602
Mldsa44,authorize,2,22731
Mldsa44,authorize,2,10503
Mldsa44,authorize,2,8507
Mldsa44,authorize,2,8583
Mldsa44,authorize,2,8249
Mldsa44,authorize,2,8308
Mldsa44,authorize,2,8408
Mldsa44,authorize,2,8573
Mldsa44,authorize,2,8359
Mldsa44,authorize,2,8744
Mldsa44,authorize,2,8398
Mldsa44,authorize,2,8339
Mldsa44,authorize,2,8508
Mldsa44,authorize,2,8397
Mldsa44,authorize,2,8948
Mldsa44,authorize,2,8586
Mldsa65,verify_chain,0,235149
Mldsa65,verify_chain,0,233390
Mldsa65,verify_chain,0,239708
Mldsa65,verify_chain,0,236683
Mldsa65,verify_chain,0,238130
Mldsa65,verify_chain,0,248404
Mldsa65,verify_chain,0,236216
Mldsa65,verify_chain,0,231912
Mldsa65,verify_chain,0,234755
Mldsa65,verify_chain,0,233418
Mldsa65,verify_chain,0,234675
Mldsa65,verify_chain,0,236349
Mldsa65,verify_chain,0,232269
Mldsa65,verify_chain,0,239207
Mldsa65,verify_chain,0,234971
Mldsa65,verify_chain,0,232822
Mldsa65,verify_chain,0,231876
Mldsa65,verify_chain,0,231535
Mldsa65,verify_chain,0,233287
Mldsa65,verify_chain,0,238541
Mldsa65,verify_chain,0,239832
Mldsa65,verify_chain,0,235718
Mldsa65,verify_chain,0,234337
Mldsa65,verify_chain,0,234436
Mldsa65,verify_chain,0,236807
Mldsa65,verify_chain,0,233896
Mldsa65,verify_chain,0,234723
Mldsa65,verify_chain,0,233285
Mldsa65,verify_chain,0,243176
Mldsa65,verify_chain,0,234888
Mldsa65,verify_chain,0,236494
Mldsa65,verify_chain,0,236833
Mldsa65,verify_chain,0,233943
Mldsa65,verify_chain,0,233017
Mldsa65,verify_chain,0,244314
Mldsa65,verify_chain,0,235523
Mldsa65,verify_chain,0,246596
Mldsa65,verify_chain,0,238986
Mldsa65,verify_chain,0,241196
Mldsa65,verify_chain,0,233751
Mldsa65,verify_chain,0,234929
Mldsa65,verify_chain,0,245611
Mldsa65,verify_chain,0,247168
Mldsa65,verify_chain,0,343524
Mldsa65,verify_chain,0,251983
Mldsa65,verify_chain,0,252165
Mldsa65,verify_chain,0,239468
Mldsa65,verify_chain,0,235708
Mldsa65,verify_chain,0,235428
Mldsa65,verify_chain,0,262720
Mldsa65,verify_chain,0,296785
Mldsa65,verify_chain,0,265946
Mldsa65,verify_chain,0,257175
Mldsa65,verify_chain,0,234700
Mldsa65,verify_chain,0,231539
Mldsa65,verify_chain,0,231892
Mldsa65,verify_chain,0,236755
Mldsa65,verify_chain,0,243533
Mldsa65,verify_chain,0,240926
Mldsa65,verify_chain,0,235203
Mldsa65,verify_chain,0,234204
Mldsa65,verify_chain,0,243772
Mldsa65,verify_chain,0,236812
Mldsa65,verify_chain,0,231576
Mldsa65,verify_chain,0,233510
Mldsa65,verify_chain,0,246212
Mldsa65,verify_chain,0,241924
Mldsa65,verify_chain,0,233062
Mldsa65,verify_chain,0,245077
Mldsa65,verify_chain,0,239017
Mldsa65,verify_chain,0,239166
Mldsa65,verify_chain,0,231693
Mldsa65,verify_chain,0,234312
Mldsa65,verify_chain,0,242792
Mldsa65,verify_chain,0,241339
Mldsa65,verify_chain,0,233011
Mldsa65,verify_chain,0,234201
Mldsa65,verify_chain,0,233777
Mldsa65,verify_chain,0,233687
Mldsa65,verify_chain,0,233657
Mldsa65,verify_chain,0,232199
Mldsa65,verify_chain,0,233404
Mldsa65,verify_chain,0,242552
Mldsa65,verify_chain,0,240670
Mldsa65,verify_chain,0,234353
Mldsa65,verify_chain,0,243857
Mldsa65,verify_chain,0,231691
Mldsa65,verify_chain,0,232081
Mldsa65,verify_chain,0,233341
Mldsa65,verify_chain,0,247565
Mldsa65,verify_chain,0,234202
Mldsa65,verify_chain,0,232434
Mldsa65,verify_chain,0,233305
Mldsa65,verify_chain,0,235345
Mldsa65,verify_chain,0,233301
Mldsa65,verify_chain,0,233382
Mldsa65,verify_chain,0,235325
Mldsa65,verify_chain,0,241164
Mldsa65,verify_chain,0,235806
Mldsa65,verify_chain,0,235889
Mldsa65,verify_chain,0,235045
Mldsa65,verify_chain,1,368088
Mldsa65,verify_chain,1,354060
Mldsa65,verify_chain,1,352984
Mldsa65,verify_chain,1,351576
Mldsa65,verify_chain,1,368400
Mldsa65,verify_chain,1,368454
Mldsa65,verify_chain,1,355197
Mldsa65,verify_chain,1,351751
Mldsa65,verify_chain,1,354271
Mldsa65,verify_chain,1,372381
Mldsa65,verify_chain,1,361719
Mldsa65,verify_chain,1,354046
Mldsa65,verify_chain,1,361799
Mldsa65,verify_chain,1,354539
Mldsa65,verify_chain,1,354114
Mldsa65,verify_chain,1,368882
Mldsa65,verify_chain,1,355794
Mldsa65,verify_chain,1,354713
Mldsa65,verify_chain,1,351892
Mldsa65,verify_chain,1,353165
Mldsa65,verify_chain,1,363193
Mldsa65,verify_chain,1,356819
Mldsa65,verify_chain,1,354767
Mldsa65,verify_chain,1,353202
Mldsa65,verify_chain,1,389543
Mldsa65,verify_chain,1,370007
Mldsa65,verify_chain,1,366217
Mldsa65,verify_chain,1,354634
Mldsa65,verify_chain,1,351412
Mldsa65,verify_chain,1,367773
Mldsa65,verify_chain,1,363498
Mldsa65,verify_chain,1,353628
Mldsa65,verify_chain,1,360482
Mldsa65,verify_chain,1,357743
Mldsa65,verify_chain,1,356715
Mldsa65,verify_chain,1,372655
Mldsa65,verify_chain,1,355385
Mldsa65,verify_chain,1,365110
Mldsa65,verify_chain,1,367181
Mldsa65,verify_chain,1,359271
Mldsa65,verify_chain,1,353382
Mldsa65,verify_chain,1,381187
Mldsa65,verify_chain,1,358189
Mldsa65,verify_chain,1,356681
Mldsa65,verify_chain,1,362879
Mldsa65,verify_chain,1,361649
Mldsa65,verify_chain,1,355228
Mldsa65,verify_chain,1,352907
Mldsa65,verify_chain,1,356513
Mldsa65,verify_chain,1,361680
Mldsa65,verify_chain,1,370840
Mldsa65,verify_chain,1,356271
Mldsa65,verify_chain,1,353530
Mldsa65,verify_chain,1,351935
Mldsa65,verify_chain,1,350273
Mldsa65,verify_chain,1,352074
Mldsa65,verify_chain,1,364364
Mldsa65,verify_chain,1,354207
Mldsa65,verify_chain,1,353391
Mldsa65,verify_chain,1,404343
Mldsa65,verify_chain,1,357315
Mldsa65,verify_chain,1,364336
Mldsa65,verify_chain,1,354762
Mldsa65,verify_chain,1,362956
Mldsa65,verify_chain,1,353254
Mldsa65,verify_chain,1,354767
Mldsa65,verify_chain,1,362706
Mldsa65,verify_chain,1,352767
Mldsa65,verify_chain,1,354580
Mldsa65,verify_chain,1,352781
Mldsa65,verify_chain,1,363069
Mldsa65,verify_chain,1,366508
Mldsa65,verify_chain,1,358249
Mldsa65,verify_chain,1,358898
Mldsa65,verify_chain,1,357285
Mldsa65,verify_chain,1,390572
Mldsa65,verify_chain,1,359201
Mldsa65,verify_chain,1,354800
Mldsa65,verify_chain,1,360003
Mldsa65,verify_chain,1,351835
Mldsa65,verify_chain,1,353272
Mldsa65,verify_chain,1,383020
Mldsa65,verify_chain,1,364869
Mldsa65,verify_chain,1,353478
Mldsa65,verify_chain,1,351763
Mldsa65,verify_chain,1,352718
Mldsa65,verify_chain,1,351931
Mldsa65,verify_chain,1,377689
Mldsa65,verify_chain,1,365145
Mldsa65,verify_chain,1,354059
Mldsa65,verify_chain,1,355110
Mldsa65,verify_chain,1,351880
Mldsa65,verify_chain,1,361786
Mldsa65,verify_chain,1,363846
Mldsa65,verify_chain,1,353219
Mldsa65,verify_chain,1,353350
Mldsa65,verify_chain,1,354722
Mldsa65,verify_chain,1,361445
Mldsa65,verify_chain,1,353804
Mldsa65,verify_chain,1,352977
Mldsa65,verify_chain,1,352231
Mldsa65,verify_chain,2,478587
Mldsa65,verify_chain,2,496946
Mldsa65,verify_chain,2,483267
Mldsa65,verify_chain,2,511827
Mldsa65,verify_chain,2,475084
Mldsa65,verify_chain,2,467823
Mldsa65,verify_chain,2,470739
Mldsa65,verify_chain,2,485721
Mldsa65,verify_chain,2,474167
Mldsa65,verify_chain,2,482136
Mldsa65,verify_chain,2,474124
Mldsa65,verify_chain,2,495049
Mldsa65,verify_chain,2,471709
Mldsa65,verify_chain,2,470235
Mldsa65,verify_chain,2,498448
Mldsa65,verify_chain,2,481358
Mldsa65,verify_chain,2,475585
Mldsa65,verify_chain,2,482248
Mldsa65,verify_chain,2,477454
Mldsa65,verify_chain,2,476790
Mldsa65,verify_chain,2,482720
Mldsa65,verify_chain,2,481815
Mldsa65,verify_chain,2,477490
Mldsa65,verify_chain,2,477415
Mldsa65,verify_chain,2,484252
Mldsa65,verify_chain,2,474812
Mldsa65,verify_chain,2,480390
Mldsa65,verify_chain,2,477653
Mldsa65,verify_chain,2,474537
Mldsa65,verify_chain,2,477374
Mldsa65,verify_chain,2,472589
Mldsa65,verify_chain,2,483905
Mldsa65,verify_chain,2,476623
Mldsa65,verify_chain,2,493709
Mldsa65,verify_chain,2,483972
Mldsa65,verify_chain,2,495606
Mldsa65,verify_chain,2,525040
Mldsa65,verify_chain,2,477888
Mldsa65,verify_chain,2,473821
Mldsa65,verify_chain,2,489087
Mldsa65,verify_chain,2,475348
Mldsa65,verify_chain,2,475372
Mldsa65,verify_chain,2,497072
Mldsa65,verify_chain,2,497884
Mldsa65,verify_chain,2,470684
Mldsa65,verify_chain,2,478860
Mldsa65,verify_chain,2,490546
Mldsa65,verify_chain,2,472493
Mldsa65,verify_chain,2,475512
Mldsa65,verify_chain,2,473753
Mldsa65,verify_chain,2,478844
Mldsa65,verify_chain,2,487414
Mldsa65,verify_chain,2,493391
Mldsa65,verify_chain,2,473777
Mldsa65,verify_chain,2,488446
Mldsa65,verify_chain,2,475394
Mldsa65,verify_chain,2,476643
Mldsa65,verify_chain,2,482880
Mldsa65,verify_chain,2,484238
Mldsa65,verify_chain,2,484999
Mldsa65,verify_chain,2,473083
Mldsa65,verify_chain,2,477675
Mldsa65,verify_chain,2,484451
Mldsa65,verify_chain,2,491954
Mldsa65,verify_chain,2,469573
Mldsa65,verify_chain,2,470158
Mldsa65,verify_chain,2,479542
Mldsa65,verify_chain,2,479341
Mldsa65,verify_chain,2,472977
Mldsa65,verify_chain,2,479762
Mldsa65,verify_chain,2,506095
Mldsa65,verify_chain,2,481944
Mldsa65,verify_chain,2,484877
Mldsa65,verify_chain,2,492736
Mldsa65,verify_chain,2,476774
Mldsa65,verify_chain,2,482432
Mldsa65,verify_chain,2,473142
Mldsa65,verify_chain,2,480926
Mldsa65,verify_chain,2,482500
Mldsa65,verify_chain,2,491329
Mldsa65,verify_chain,2,474564
Mldsa65,verify_chain,2,490896
Mldsa65,verify_chain,2,480245
Mldsa65,verify_chain,2,474185
Mldsa65,verify_chain,2,498268
Mldsa65,verify_chain,2,473880
Mldsa65,verify_chain,2,484664
Mldsa65,verify_chain,2,476153
Mldsa65,verify_chain,2,484105
Mldsa65,verify_chain,2,482866
Mldsa65,verify_chain,2,473476
Mldsa65,verify_chain,2,493650
Mldsa65,verify_chain,2,476493
Mldsa65,verify_chain,2,481236
Mldsa65,verify_chain,2,472140
Mldsa65,verify_chain,2,472836
Mldsa65,verify_chain,2,468980
Mldsa65,verify_chain,2,481028
Mldsa65,verify_chain,2,478433
Mldsa65,verify_chain,2,472035
Mldsa65,verify_chain,2,501509
Mldsa65,verify_chain,5,835214
Mldsa65,verify_chain,5,876507
Mldsa65,verify_chain,5,863547
Mldsa65,verify_chain,5,917650
Mldsa65,verify_chain,5,852512
Mldsa65,verify_chain,5,837742
Mldsa65,verify_chain,5,852252
Mldsa65,verify_chain,5,835566
Mldsa65,verify_chain,5,849674
Mldsa65,verify_chain,5,843848
Mldsa65,verify_chain,5,844067
Mldsa65,verify_chain,5,848133
Mldsa65,verify_chain,5,839489
Mldsa65,verify_chain,5,850253
Mldsa65,verify_chain,5,835184
Mldsa65,verify_chain,5,831726
Mldsa65,verify_chain,5,851641
Mldsa65,verify_chain,5,850896
Mldsa65,verify_chain,5,845164
Mldsa65,verify_chain,5,847623
Mldsa65,verify_chain,5,832392
Mldsa65,verify_chain,5,873229
Mldsa65,verify_chain,5,929992
Mldsa65,verify_chain,5,871530
Mldsa65,verify_chain,5,908938
Mldsa65,verify_chain,5,841590
Mldsa65,verify_chain,5,854012
Mldsa65,verify_chain,5,840671
Mldsa65,verify_chain,5,844704
Mldsa65,verify_chain,5,838198
Mldsa65,verify_chain,5,842519
Mldsa65,verify_chain,5,854127
Mldsa65,verify_chain,5,839388
Mldsa65,verify_chain,5,846967
Mldsa65,verify_chain,5,834740
Mldsa65,verify_chain,5,849790
Mldsa65,verify_chain,5,849851
Mldsa65,verify_chain,5,844911
Mldsa65,verify_chain,5,832657
Mldsa65,verify_chain,5,844652
Mldsa65,verify_chain,5,831674
Mldsa65,verify_chain,5,920568
Mldsa65,verify_chain,5,897291
Mldsa65,verify_chain,5,914967
Mldsa65,verify_chain,5,843102
Mldsa65,verify_chain,5,846284
Mldsa65,verify_chain,5,864298
Mldsa65,verify_chain,5,858383
Mldsa65,verify_chain,5,847986
Mldsa65,verify_chain,5,887572
Mldsa65,verify_chain,5,865808
Mldsa65,verify_chain,5,884704
Mldsa65,verify_chain,5,846017
Mldsa65,verify_chain,5,842866
Mldsa65,verify_chain,5,845017
Mldsa65,verify_chain,5,860661
Mldsa65,verify_chain,5,870867
Mldsa65,verify_chain,5,830148
Mldsa65,verify_chain,5,843708
Mldsa65,verify_chain,5,849983
Mldsa65,verify_chain,5,911058
Mldsa65,verify_chain,5,956729
Mldsa65,verify_chain,5,848165
Mldsa65,verify_chain,5,882314
Mldsa65,verify_chain,5,837946
Mldsa65,verify_chain,5,871756
Mldsa65,verify_chain,5,866550
Mldsa65,verify_chain,5,834559
Mldsa65,verify_chain,5,833828
Mldsa65,verify_chain,5,855037
Mldsa65,verify_chain,5,827418
Mldsa65,verify_chain,5,871501
Mldsa65,verify_chain,5,837356
Mldsa65,verify_chain,5,838852
Mldsa65,verify_chain,5,841098
Mldsa65,verify_chain,5,853784
Mldsa65,verify_chain,5,839035
Mldsa65,verify_chain,5,833566
Mldsa65,verify_chain,5,838392
Mldsa65,verify_chain,5,840039
Mldsa65,verify_chain,5,1004555
Mldsa65,verify_chain,5,857740
Mldsa65,verify_chain,5,836499
Mldsa65,verify_chain,5,864747
Mldsa65,verify_chain,5,851324
Mldsa65,verify_chain,5,839219
Mldsa65,verify_chain,5,879104
Mldsa65,verify_chain,5,838690
Mldsa65,verify_chain,5,854186
Mldsa65,verify_chain,5,859693
Mldsa65,verify_chain,5,838677
Mldsa65,verify_chain,5,873950
Mldsa65,verify_chain,5,832935
Mldsa65,verify_chain,5,860581
Mldsa65,verify_chain,5,830649
Mldsa65,verify_chain,5,840997
Mldsa65,verify_chain,5,860733
Mldsa65,verify_chain,5,847520
Mldsa65,verify_chain,5,868221
Mldsa65,verify_chain,5,870106
Mldsa65,verify_chain,5,901379
Mldsa65,verify_chain,10,1466388
Mldsa65,verify_chain,10,1442795
Mldsa65,verify_chain,10,1472979
Mldsa65,verify_chain,10,1473535
Mldsa65,verify_chain,10,1447283
Mldsa65,verify_chain,10,1451170
Mldsa65,verify_chain,10,1454515
Mldsa65,verify_chain,10,1436105
Mldsa65,verify_chain,10,1460824
Mldsa65,verify_chain,10,1457442
Mldsa65,verify_chain,10,1431427
Mldsa65,verify_chain,10,1448909
Mldsa65,verify_chain,10,1467309
Mldsa65,verify_chain,10,1468314
Mldsa65,verify_chain,10,1459351
Mldsa65,verify_chain,10,1491488
Mldsa65,verify_chain,10,1456251
Mldsa65,verify_chain,10,1460895
Mldsa65,verify_chain,10,1452923
Mldsa65,verify_chain,10,1457304
Mldsa65,verify_chain,10,1463255
Mldsa65,verify_chain,10,1464211
Mldsa65,verify_chain,10,1460244
Mldsa65,verify_chain,10,1453095
Mldsa65,verify_chain,10,1578015
Mldsa65,verify_chain,10,1677061
Mldsa65,verify_chain,10,1491925
Mldsa65,verify_chain,10,1468404
Mldsa65,verify_chain,10,1483078
Mldsa65,verify_chain,10,1469895
Mldsa65,verify_chain,10,1465059
Mldsa65,verify_chain,10,1467171
Mldsa65,verify_chain,10,1464166
Mldsa65,verify_chain,10,1472387
Mldsa65,verify_chain,10,1487888
Mldsa65,verify_chain,10,1492326
Mldsa65,verify_chain,10,1744416
Mldsa65,verify_chain,10,1540049
Mldsa65,verify_chain,10,1483880
Mldsa65,verify_chain,10,1453231
Mldsa65,verify_chain,10,1441843
Mldsa65,verify_chain,10,1474426
Mldsa65,verify_chain,10,1455378
Mldsa65,verify_chain,10,1452904
Mldsa65,verify_chain,10,1468638
Mldsa65,verify_chain,10,1432950
Mldsa65,verify_chain,10,1438326
Mldsa65,verify_chain,10,1542893
Mldsa65,verify_chain,10,1508185
Mldsa65,verify_chain,10,1492953
Mldsa65,verify_chain,10,1443148
Mldsa65,verify_chain,10,1483338
Mldsa65,verify_chain,10,1459799
Mldsa65,verify_chain,10,1451333
Mldsa65,verify_chain,10,1506767
Mldsa65,verify_chain,10,1460683
Mldsa65,verify_chain,10,1449475
Mldsa65,verify_chain,10,1508643
Mldsa65,verify_chain,10,1513663
Mldsa65,verify_chain,10,1452954
Mldsa65,verify_chain,10,1471899
Mldsa65,verify_chain,10,1461503
Mldsa65,verify_chain,10,1460247
Mldsa65,verify_chain,10,1479997
Mldsa65,verify_chain,10,1437040
Mldsa65,verify_chain,10,1469322
Mldsa65,verify_chain,10,1456110
Mldsa65,verify_chain,10,1450456
Mldsa65,verify_chain,10,1450795
Mldsa65,verify_chain,10,1492072
Mldsa65,verify_chain,10,1472265
Mldsa65,verify_chain,10,1469986
Mldsa65,verify_chain,10,1478334
Mldsa65,verify_chain,10,1467602
Mldsa65,verify_chain,10,1447472
Mldsa65,verify_chain,10,1458604
Mldsa65,verify_chain,10,1442071
Mldsa65,verify_chain,10,1460284
Mldsa65,verify_chain,10,1459407
Mldsa65,verify_chain,10,1462171
Mldsa65,verify_chain,10,1444675
Mldsa65,verify_chain,10,1611277
Mldsa65,verify_chain,10,1478030
Mldsa65,verify_chain,10,1459288
Mldsa65,verify_chain,10,1461056
Mldsa65,verify_chain,10,1479559
Mldsa65,verify_chain,10,1444804
Mldsa65,verify_chain,10,1443850
Mldsa65,verify_chain,10,1451764
Mldsa65,verify_chain,10,1455351
Mldsa65,verify_chain,10,1448149
Mldsa65,verify_chain,10,1464544
Mldsa65,verify_chain,10,1499835
Mldsa65,verify_chain,10,1451132
Mldsa65,verify_chain,10,1467372
Mldsa65,verify_chain,10,1462757
Mldsa65,verify_chain,10,1448716
Mldsa65,verify_chain,10,1488289
Mldsa65,verify_chain,10,1487234
Mldsa65,verify_chain,10,1446823
Mldsa65,verify_chain,10,1464824
Mldsa65,authority_build,2,280905
Mldsa65,authority_build,2,430900
Mldsa65,authority_build,2,290540
Mldsa65,authority_build,2,690537
Mldsa65,authority_build,2,288234
Mldsa65,authority_build,2,1038317
Mldsa65,authority_build,2,925906
Mldsa65,authority_build,2,607358
Mldsa65,authority_build,2,387908
Mldsa65,authority_build,2,924496
Mldsa65,authority_build,2,375850
Mldsa65,authority_build,2,504416
Mldsa65,authority_build,2,649713
Mldsa65,authority_build,2,498706
Mldsa65,authority_build,2,282607
Mldsa65,authority_build,2,286844
Mldsa65,authority_build,2,518897
Mldsa65,authority_build,2,330475
Mldsa65,authority_build,2,451399
Mldsa65,authority_build,2,613859
Mldsa65,authority_build,2,292860
Mldsa65,authority_build,2,281079
Mldsa65,authority_build,2,342094
Mldsa65,authority_build,2,756229
Mldsa65,authority_build,2,345981
Mldsa65,authority_build,2,393589
Mldsa65,authority_build,2,447112
Mldsa65,authority_build,2,402687
Mldsa65,authority_build,2,658349
Mldsa65,authority_build,2,1125211
Mldsa65,authority_build,2,556121
Mldsa65,authority_build,2,430722
Mldsa65,authority_build,2,353917
Mldsa65,authority_build,2,451414
Mldsa65,authority_build,2,410764
Mldsa65,authority_build,2,462672
Mldsa65,authority_build,2,298865
Mldsa65,authority_build,2,392090
Mldsa65,authority_build,2,285983
Mldsa65,authority_build,2,277705
Mldsa65,authority_build,2,838639
Mldsa65,authority_build,2,1262508
Mldsa65,authority_build,2,488046
Mldsa65,authority_build,2,278631
Mldsa65,authority_build,2,279020
Mldsa65,authority_build,2,443269
Mldsa65,authority_build,2,491266
Mldsa65,authority_build,2,347962
Mldsa65,authority_build,2,326360
Mldsa65,authority_build,2,505638
Mldsa65,authority_build,2,447986
Mldsa65,authority_build,2,804087
Mldsa65,authority_build,2,335468
Mldsa65,authority_build,2,432115
Mldsa65,authority_build,2,287957
Mldsa65,authority_build,2,341530
Mldsa65,authority_build,2,445822
Mldsa65,authority_build,2,280124
Mldsa65,authority_build,2,446192
Mldsa65,authority_build,2,394037
Mldsa65,authority_build,2,339455
Mldsa65,authority_build,2,690982
Mldsa65,authority_build,2,920023
Mldsa65,authority_build,2,493688
Mldsa65,authority_build,2,603437
Mldsa65,authority_build,2,582685
Mldsa65,authority_build,2,477882
Mldsa65,authority_build,2,1010441
Mldsa65,authority_build,2,752340
Mldsa65,authority_build,2,851522
Mldsa65,authority_build,2,286248
Mldsa65,authority_build,2,343870
Mldsa65,authority_build,2,293262
Mldsa65,authority_build,2,281249
Mldsa65,authority_build,2,1581475
Mldsa65,authority_build,2,356905
Mldsa65,authority_build,2,437650
Mldsa65,authority_build,2,815844
Mldsa65,authority_build,2,439534
Mldsa65,authority_build,2,444797
Mldsa65,authority_build,2,844441
Mldsa65,authority_build,2,281224
Mldsa65,authority_build,2,646651
Mldsa65,authority_build,2,655173
Mldsa65,authority_build,2,357020
Mldsa65,authority_build,2,328366
Mldsa65,authority_build,2,456180
Mldsa65,authority_build,2,863765
Mldsa65,authority_build,2,446455
Mldsa65,authority_build,2,448766
Mldsa65,authority_build,2,568729
Mldsa65,authority_build,2,402472
Mldsa65,authority_build,2,454876
Mldsa65,authority_build,2,694456
Mldsa65,authority_build,2,610402
Mldsa65,authority_build,2,298622
Mldsa65,authority_build,2,428210
Mldsa65,authority_build,2,446281
Mldsa65,authority_build,2,370924
Mldsa65,authority_build,2,275119
Mldsa65,authority_build,2,364485
Mldsa65,append_hop,2,364417
Mldsa65,append_hop,2,344409
Mldsa65,append_hop,2,290274
Mldsa65,append_hop,2,1269829
Mldsa65,append_hop,2,307722
Mldsa65,append_hop,2,544658
Mldsa65,append_hop,2,321277
Mldsa65,append_hop,2,411061
Mldsa65,append_hop,2,405305
Mldsa65,append_hop,2,351523
Mldsa65,append_hop,2,408568
Mldsa65,append_hop,2,819542
Mldsa65,append_hop,2,367289
Mldsa65,append_hop,2,354144
Mldsa65,append_hop,2,424632
Mldsa65,append_hop,2,858919
Mldsa65,append_hop,2,300698
Mldsa65,append_hop,2,692225
Mldsa65,append_hop,2,348471
Mldsa65,append_hop,2,407340
Mldsa65,append_hop,2,540669
Mldsa65,append_hop,2,708391
Mldsa65,append_hop,2,350696
Mldsa65,append_hop,2,535021
Mldsa65,append_hop,2,306334
Mldsa65,append_hop,2,308129
Mldsa65,append_hop,2,643712
Mldsa65,append_hop,2,740260
Mldsa65,append_hop,2,360847
Mldsa65,append_hop,2,417417
Mldsa65,append_hop,2,468654
Mldsa65,append_hop,2,506145
Mldsa65,append_hop,2,321951
Mldsa65,append_hop,2,880101
Mldsa65,append_hop,2,727998
Mldsa65,append_hop,2,310885
Mldsa65,append_hop,2,447879
Mldsa65,append_hop,2,356051
Mldsa65,append_hop,2,616519
Mldsa65,append_hop,2,408139
Mldsa65,append_hop,2,358665
Mldsa65,append_hop,2,674495
Mldsa65,append_hop,2,388499
Mldsa65,append_hop,2,387253
Mldsa65,append_hop,2,375426
Mldsa65,append_hop,2,656401
Mldsa65,append_hop,2,654947
Mldsa65,append_hop,2,361540
Mldsa65,append_hop,2,469359
Mldsa65,append_hop,2,512373
Mldsa65,append_hop,2,588336
Mldsa65,append_hop,2,305471
Mldsa65,append_hop,2,347388
Mldsa65,append_hop,2,516913
Mldsa65,append_hop,2,371999
Mldsa65,append_hop,2,529729
Mldsa65,append_hop,2,421385
Mldsa65,append_hop,2,600787
Mldsa65,append_hop,2,387728
Mldsa65,append_hop,2,517480
Mldsa65,append_hop,2,453054
Mldsa65,append_hop,2,466488
Mldsa65,append_hop,2,476013
Mldsa65,append_hop,2,361709
Mldsa65,append_hop,2,358122
Mldsa65,append_hop,2,310116
Mldsa65,append_hop,2,797434
Mldsa65,append_hop,2,361538
Mldsa65,append_hop,2,300943
Mldsa65,append_hop,2,397950
Mldsa65,append_hop,2,494642
Mldsa65,append_hop,2,750929
Mldsa65,append_hop,2,420988
Mldsa65,append_hop,2,852246
Mldsa65,append_hop,2,590347
Mldsa65,append_hop,2,305258
Mldsa65,append_hop,2,1413769
Mldsa65,append_hop,2,440733
Mldsa65,append_hop,2,342380
Mldsa65,append_hop,2,1070795
Mldsa65,append_hop,2,831592
Mldsa65,append_hop,2,615409
Mldsa65,append_hop,2,352891
Mldsa65,append_hop,2,678983
Mldsa65,append_hop,2,868174
Mldsa65,append_hop,2,507815
Mldsa65,append_hop,2,636415
Mldsa65,append_hop,2,1226234
Mldsa65,append_hop,2,292309
Mldsa65,append_hop,2,344573
Mldsa65,append_hop,2,347349
Mldsa65,append_hop,2,316079
Mldsa65,append_hop,2,496383
Mldsa65,append_hop,2,355390
Mldsa65,append_hop,2,336268
Mldsa65,append_hop,2,550816
Mldsa65,append_hop,2,706345
Mldsa65,append_hop,2,919394
Mldsa65,append_hop,2,657801
Mldsa65,append_hop,2,690536
Mldsa65,append_hop,2,471763
Mldsa65,seal,2,310417
Mldsa65,seal,2,280881
Mldsa65,seal,2,287503
Mldsa65,seal,2,284059
Mldsa65,seal,2,285263
Mldsa65,seal,2,280651
Mldsa65,seal,2,283415
Mldsa65,seal,2,291519
Mldsa65,seal,2,286716
Mldsa65,seal,2,284671
Mldsa65,seal,2,289896
Mldsa65,seal,2,286534
Mldsa65,seal,2,284470
Mldsa65,seal,2,282277
Mldsa65,seal,2,295051
Mldsa65,seal,2,292163
Mldsa65,seal,2,280431
Mldsa65,seal,2,278852
Mldsa65,seal,2,287191
Mldsa65,seal,2,289844
Mldsa65,seal,2,284563
Mldsa65,seal,2,295182
Mldsa65,seal,2,286453
Mldsa65,seal,2,284764
Mldsa65,seal,2,281938
Mldsa65,seal,2,278050
Mldsa65,seal,2,283041
Mldsa65,seal,2,282828
Mldsa65,seal,2,289769
Mldsa65,seal,2,284017
Mldsa65,seal,2,308252
Mldsa65,seal,2,280027
Mldsa65,seal,2,286252
Mldsa65,seal,2,280038
Mldsa65,seal,2,280027
Mldsa65,seal,2,293790
Mldsa65,seal,2,302355
Mldsa65,seal,2,284925
Mldsa65,seal,2,335065
Mldsa65,seal,2,292366
Mldsa65,seal,2,290440
Mldsa65,seal,2,291603
Mldsa65,seal,2,326692
Mldsa65,seal,2,285861
Mldsa65,seal,2,281171
Mldsa65,seal,2,285623
Mldsa65,seal,2,304376
Mldsa65,seal,2,281543
Mldsa65,seal,2,342679
Mldsa65,seal,2,312765
Mldsa65,seal,2,279163
Mldsa65,seal,2,282687
Mldsa65,seal,2,280621
Mldsa65,seal,2,290106
Mldsa65,seal,2,295684
Mldsa65,seal,2,281458
Mldsa65,seal,2,282422
Mldsa65,seal,2,283253
Mldsa65,seal,2,278636
Mldsa65,seal,2,282655
Mldsa65,seal,2,293263
Mldsa65,seal,2,295282
Mldsa65,seal,2,285130
Mldsa65,seal,2,281231
Mldsa65,seal,2,309554
Mldsa65,seal,2,281569
Mldsa65,seal,2,292400
Mldsa65,seal,2,294431
Mldsa65,seal,2,289599
Mldsa65,seal,2,285067
Mldsa65,seal,2,282135
Mldsa65,seal,2,279277
Mldsa65,seal,2,280970
Mldsa65,seal,2,281643
Mldsa65,seal,2,299871
Mldsa65,seal,2,280931
Mldsa65,seal,2,281578
Mldsa65,seal,2,279665
Mldsa65,seal,2,280439
Mldsa65,seal,2,287232
Mldsa65,seal,2,279178
Mldsa65,seal,2,290978
Mldsa65,seal,2,284831
Mldsa65,seal,2,290898
Mldsa65,seal,2,288307
Mldsa65,seal,2,295475
Mldsa65,seal,2,284355
Mldsa65,seal,2,279987
Mldsa65,seal,2,298855
Mldsa65,seal,2,284004
Mldsa65,seal,2,282666
Mldsa65,seal,2,285895
Mldsa65,seal,2,279792
Mldsa65,seal,2,290914
Mldsa65,seal,2,332878
Mldsa65,seal,2,296249
Mldsa65,seal,2,290687
Mldsa65,seal,2,290604
Mldsa65,seal,2,291553
Mldsa65,seal,2,285962
Mldsa65,seal,2,348003
Mldsa65,verify_n2,2,472055
Mldsa65,verify_n2,2,483295
Mldsa65,verify_n2,2,477575
Mldsa65,verify_n2,2,474960
Mldsa65,verify_n2,2,495076
Mldsa65,verify_n2,2,504706
Mldsa65,verify_n2,2,478412
Mldsa65,verify_n2,2,484500
Mldsa65,verify_n2,2,485235
Mldsa65,verify_n2,2,486221
Mldsa65,verify_n2,2,473933
Mldsa65,verify_n2,2,503699
Mldsa65,verify_n2,2,495275
Mldsa65,verify_n2,2,500807
Mldsa65,verify_n2,2,485064
Mldsa65,verify_n2,2,489891
Mldsa65,verify_n2,2,478820
Mldsa65,verify_n2,2,509525
Mldsa65,verify_n2,2,473842
Mldsa65,verify_n2,2,484659
Mldsa65,verify_n2,2,483261
Mldsa65,verify_n2,2,498083
Mldsa65,verify_n2,2,477180
Mldsa65,verify_n2,2,480832
Mldsa65,verify_n2,2,476802
Mldsa65,verify_n2,2,480762
Mldsa65,verify_n2,2,474488
Mldsa65,verify_n2,2,475038
Mldsa65,verify_n2,2,499305
Mldsa65,verify_n2,2,476051
Mldsa65,verify_n2,2,470867
Mldsa65,verify_n2,2,473899
Mldsa65,verify_n2,2,487548
Mldsa65,verify_n2,2,489438
Mldsa65,verify_n2,2,487031
Mldsa65,verify_n2,2,479598
Mldsa65,verify_n2,2,481686
Mldsa65,verify_n2,2,473681
Mldsa65,verify_n2,2,498927
Mldsa65,verify_n2,2,471391
Mldsa65,verify_n2,2,488851
Mldsa65,verify_n2,2,478583
Mldsa65,verify_n2,2,471817
Mldsa65,verify_n2,2,474032
Mldsa65,verify_n2,2,489449
Mldsa65,verify_n2,2,476400
Mldsa65,verify_n2,2,487334
Mldsa65,verify_n2,2,494481
Mldsa65,verify_n2,2,487948
Mldsa65,verify_n2,2,496480
Mldsa65,verify_n2,2,480006
Mldsa65,verify_n2,2,482364
Mldsa65,verify_n2,2,477311
Mldsa65,verify_n2,2,473284
Mldsa65,verify_n2,2,480496
Mldsa65,verify_n2,2,478045
Mldsa65,verify_n2,2,496098
Mldsa65,verify_n2,2,476313
Mldsa65,verify_n2,2,480320
Mldsa65,verify_n2,2,482561
Mldsa65,verify_n2,2,471620
Mldsa65,verify_n2,2,470812
Mldsa65,verify_n2,2,513350
Mldsa65,verify_n2,2,476044
Mldsa65,verify_n2,2,474174
Mldsa65,verify_n2,2,478231
Mldsa65,verify_n2,2,476123
Mldsa65,verify_n2,2,475023
Mldsa65,verify_n2,2,474963
Mldsa65,verify_n2,2,474523
Mldsa65,verify_n2,2,492774
Mldsa65,verify_n2,2,475578
Mldsa65,verify_n2,2,478885
Mldsa65,verify_n2,2,481148
Mldsa65,verify_n2,2,482572
Mldsa65,verify_n2,2,473094
Mldsa65,verify_n2,2,471996
Mldsa65,verify_n2,2,470224
Mldsa65,verify_n2,2,480180
Mldsa65,verify_n2,2,477119
Mldsa65,verify_n2,2,476000
Mldsa65,verify_n2,2,524226
Mldsa65,verify_n2,2,548117
Mldsa65,verify_n2,2,489453
Mldsa65,verify_n2,2,505521
Mldsa65,verify_n2,2,513908
Mldsa65,verify_n2,2,499629
Mldsa65,verify_n2,2,490266
Mldsa65,verify_n2,2,490100
Mldsa65,verify_n2,2,492513
Mldsa65,verify_n2,2,478453
Mldsa65,verify_n2,2,486895
Mldsa65,verify_n2,2,485572
Mldsa65,verify_n2,2,482310
Mldsa65,verify_n2,2,471520
Mldsa65,verify_n2,2,504285
Mldsa65,verify_n2,2,472575
Mldsa65,verify_n2,2,479126
Mldsa65,verify_n2,2,486059
Mldsa65,verify_n2,2,498544
Mldsa65,verify_n2,2,479288
Mldsa65,authorize,2,8608
Mldsa65,authorize,2,8855
Mldsa65,authorize,2,8750
Mldsa65,authorize,2,8699
Mldsa65,authorize,2,8459
Mldsa65,authorize,2,8599
Mldsa65,authorize,2,8538
Mldsa65,authorize,2,8403
Mldsa65,authorize,2,8796
Mldsa65,authorize,2,8697
Mldsa65,authorize,2,8575
Mldsa65,authorize,2,8582
Mldsa65,authorize,2,8592
Mldsa65,authorize,2,8562
Mldsa65,authorize,2,8456
Mldsa65,authorize,2,8498
Mldsa65,authorize,2,8723
Mldsa65,authorize,2,8363
Mldsa65,authorize,2,8590
Mldsa65,authorize,2,8280
Mldsa65,authorize,2,8340
Mldsa65,authorize,2,8258
Mldsa65,authorize,2,8483
Mldsa65,authorize,2,8149
Mldsa65,authorize,2,8422
Mldsa65,authorize,2,8403
Mldsa65,authorize,2,8466
Mldsa65,authorize,2,8387
Mldsa65,authorize,2,22049
Mldsa65,authorize,2,12119
Mldsa65,authorize,2,9196
Mldsa65,authorize,2,8761
Mldsa65,authorize,2,8930
Mldsa65,authorize,2,8860
Mldsa65,authorize,2,9000
Mldsa65,authorize,2,8812
Mldsa65,authorize,2,8745
Mldsa65,authorize,2,8748
Mldsa65,authorize,2,8925
Mldsa65,authorize,2,8884
Mldsa65,authorize,2,8849
Mldsa65,authorize,2,9804
Mldsa65,authorize,2,8407
Mldsa65,authorize,2,8729
Mldsa65,authorize,2,10073
Mldsa65,authorize,2,8620
Mldsa65,authorize,2,8711
Mldsa65,authorize,2,8633
Mldsa65,authorize,2,8308
Mldsa65,authorize,2,8238
Mldsa65,authorize,2,8503
Mldsa65,authorize,2,8198
Mldsa65,authorize,2,8314
Mldsa65,authorize,2,8387
Mldsa65,authorize,2,8557
Mldsa65,authorize,2,8512
Mldsa65,authorize,2,8570
Mldsa65,authorize,2,8332
Mldsa65,authorize,2,8485
Mldsa65,authorize,2,8350
Mldsa65,authorize,2,8609
Mldsa65,authorize,2,8182
Mldsa65,authorize,2,8368
Mldsa65,authorize,2,8469
Mldsa65,authorize,2,8447
Mldsa65,authorize,2,8586
Mldsa65,authorize,2,8425
Mldsa65,authorize,2,8267
Mldsa65,authorize,2,8255
Mldsa65,authorize,2,8380
Mldsa65,authorize,2,8586
Mldsa65,authorize,2,8367
Mldsa65,authorize,2,8237
Mldsa65,authorize,2,8256
Mldsa65,authorize,2,8210
Mldsa65,authorize,2,8454
Mldsa65,authorize,2,8253
Mldsa65,authorize,2,8371
Mldsa65,authorize,2,8234
Mldsa65,authorize,2,8239
Mldsa65,authorize,2,8265
Mldsa65,authorize,2,8314
Mldsa65,authorize,2,8209
Mldsa65,authorize,2,8403
Mldsa65,authorize,2,8143
Mldsa65,authorize,2,8331
Mldsa65,authorize,2,8202
Mldsa65,authorize,2,8255
Mldsa65,authorize,2,8444
Mldsa65,authorize,2,8597
Mldsa65,authorize,2,8210
Mldsa65,authorize,2,8306
Mldsa65,authorize,2,8304
Mldsa65,authorize,2,8320
Mldsa65,authorize,2,8356
Mldsa65,authorize,2,8204
Mldsa65,authorize,2,8451
Mldsa65,authorize,2,8236
Mldsa65,authorize,2,8466
Mldsa65,authorize,2,8576
Mldsa65,authorize,2,8176
Mldsa87,verify_chain,0,398004
Mldsa87,verify_chain,0,395231
Mldsa87,verify_chain,0,377750
Mldsa87,verify_chain,0,378020
Mldsa87,verify_chain,0,379672
Mldsa87,verify_chain,0,376917
Mldsa87,verify_chain,0,391100
Mldsa87,verify_chain,0,376964
Mldsa87,verify_chain,0,400325
Mldsa87,verify_chain,0,380561
Mldsa87,verify_chain,0,384939
Mldsa87,verify_chain,0,393330
Mldsa87,verify_chain,0,386203
Mldsa87,verify_chain,0,378185
Mldsa87,verify_chain,0,389533
Mldsa87,verify_chain,0,410667
Mldsa87,verify_chain,0,385031
Mldsa87,verify_chain,0,385477
Mldsa87,verify_chain,0,378924
Mldsa87,verify_chain,0,386814
Mldsa87,verify_chain,0,377492
Mldsa87,verify_chain,0,398140
Mldsa87,verify_chain,0,382843
Mldsa87,verify_chain,0,381655
Mldsa87,verify_chain,0,377254
Mldsa87,verify_chain,0,375824
Mldsa87,verify_chain,0,392022
Mldsa87,verify_chain,0,384651
Mldsa87,verify_chain,0,388400
Mldsa87,verify_chain,0,391616
Mldsa87,verify_chain,0,381710
Mldsa87,verify_chain,0,398034
Mldsa87,verify_chain,0,384287
Mldsa87,verify_chain,0,395170
Mldsa87,verify_chain,0,435573
Mldsa87,verify_chain,0,406873
Mldsa87,verify_chain,0,384600
Mldsa87,verify_chain,0,385664
Mldsa87,verify_chain,0,380797
Mldsa87,verify_chain,0,446346
Mldsa87,verify_chain,0,383435
Mldsa87,verify_chain,0,400941
Mldsa87,verify_chain,0,378507
Mldsa87,verify_chain,0,391006
Mldsa87,verify_chain,0,383257
Mldsa87,verify_chain,0,378176
Mldsa87,verify_chain,0,378707
Mldsa87,verify_chain,0,380365
Mldsa87,verify_chain,0,387044
Mldsa87,verify_chain,0,376942
Mldsa87,verify_chain,0,379262
Mldsa87,verify_chain,0,384932
Mldsa87,verify_chain,0,376710
Mldsa87,verify_chain,0,402466
Mldsa87,verify_chain,0,395647
Mldsa87,verify_chain,0,377740
Mldsa87,verify_chain,0,375680
Mldsa87,verify_chain,0,376428
Mldsa87,verify_chain,0,387655
Mldsa87,verify_chain,0,381247
Mldsa87,verify_chain,0,380149
Mldsa87,verify_chain,0,386882
Mldsa87,verify_chain,0,388961
Mldsa87,verify_chain,0,393362
Mldsa87,verify_chain,0,378671
Mldsa87,verify_chain,0,383339
Mldsa87,verify_chain,0,407216
Mldsa87,verify_chain,0,384270
Mldsa87,verify_chain,0,387227
Mldsa87,verify_chain,0,378528
Mldsa87,verify_chain,0,378473
Mldsa87,verify_chain,0,376703
Mldsa87,verify_chain,0,390035
Mldsa87,verify_chain,0,378636
Mldsa87,verify_chain,0,386066
Mldsa87,verify_chain,0,382144
Mldsa87,verify_chain,0,401762
Mldsa87,verify_chain,0,409321
Mldsa87,verify_chain,0,401086
Mldsa87,verify_chain,0,389727
Mldsa87,verify_chain,0,400611
Mldsa87,verify_chain,0,433614
Mldsa87,verify_chain,0,476896
Mldsa87,verify_chain,0,397221
Mldsa87,verify_chain,0,385363
Mldsa87,verify_chain,0,383512
Mldsa87,verify_chain,0,383162
Mldsa87,verify_chain,0,396994
Mldsa87,verify_chain,0,387891
Mldsa87,verify_chain,0,386842
Mldsa87,verify_chain,0,391246
Mldsa87,verify_chain,0,390647
Mldsa87,verify_chain,0,394097
Mldsa87,verify_chain,0,396866
Mldsa87,verify_chain,0,392371
Mldsa87,verify_chain,0,382871
Mldsa87,verify_chain,0,380702
Mldsa87,verify_chain,0,384692
Mldsa87,verify_chain,0,387167
Mldsa87,verify_chain,0,416350
Mldsa87,verify_chain,0,392566
Mldsa87,verify_chain,1,585383
Mldsa87,verify_chain,1,646123
Mldsa87,verify_chain,1,588240
Mldsa87,verify_chain,1,587957
Mldsa87,verify_chain,1,617354
Mldsa87,verify_chain,1,600407
Mldsa87,verify_chain,1,585952
Mldsa87,verify_chain,1,602515
Mldsa87,verify_chain,1,603840
Mldsa87,verify_chain,1,581525
Mldsa87,verify_chain,1,602882
Mldsa87,verify_chain,1,598669
Mldsa87,verify_chain,1,589633
Mldsa87,verify_chain,1,587156
Mldsa87,verify_chain,1,617272
Mldsa87,verify_chain,1,582377
Mldsa87,verify_chain,1,589005
Mldsa87,verify_chain,1,600940
Mldsa87,verify_chain,1,588633
Mldsa87,verify_chain,1,582194
Mldsa87,verify_chain,1,598099
Mldsa87,verify_chain,1,607046
Mldsa87,verify_chain,1,597769
Mldsa87,verify_chain,1,587960
Mldsa87,verify_chain,1,624617
Mldsa87,verify_chain,1,587849
Mldsa87,verify_chain,1,601228
Mldsa87,verify_chain,1,625985
Mldsa87,verify_chain,1,617186
Mldsa87,verify_chain,1,581967
Mldsa87,verify_chain,1,597969
Mldsa87,verify_chain,1,608956
Mldsa87,verify_chain,1,627959
Mldsa87,verify_chain,1,598741
Mldsa87,verify_chain,1,616062
Mldsa87,verify_chain,1,599660
Mldsa87,verify_chain,1,614226
Mldsa87,verify_chain,1,588083
Mldsa87,verify_chain,1,584775
Mldsa87,verify_chain,1,625157
Mldsa87,verify_chain,1,582806
Mldsa87,verify_chain,1,623577
Mldsa87,verify_chain,1,582897
Mldsa87,verify_chain,1,603720
Mldsa87,verify_chain,1,582790
Mldsa87,verify_chain,1,588782
Mldsa87,verify_chain,1,609573
Mldsa87,verify_chain,1,606320
Mldsa87,verify_chain,1,601925
Mldsa87,verify_chain,1,581764
Mldsa87,verify_chain,1,599832
Mldsa87,verify_chain,1,592176
Mldsa87,verify_chain,1,600369
Mldsa87,verify_chain,1,594118
Mldsa87,verify_chain,1,597721
Mldsa87,verify_chain,1,582231
Mldsa87,verify_chain,1,616377
Mldsa87,verify_chain,1,591871
Mldsa87,verify_chain,1,581633
Mldsa87,verify_chain,1,583306
Mldsa87,verify_chain,1,592763
Mldsa87,verify_chain,1,601948
Mldsa87,verify_chain,1,596884
Mldsa87,verify_chain,1,626643
Mldsa87,verify_chain,1,588926
Mldsa87,verify_chain,1,587993
Mldsa87,verify_chain,1,594257
Mldsa87,verify_chain,1,591068
Mldsa87,verify_chain,1,591227
Mldsa87,verify_chain,1,592934
Mldsa87,verify_chain,1,589448
Mldsa87,verify_chain,1,582633
Mldsa87,verify_chain,1,609888
Mldsa87,verify_chain,1,586872
Mldsa87,verify_chain,1,579866
Mldsa87,verify_chain,1,632844
Mldsa87,verify_chain,1,588712
Mldsa87,verify_chain,1,592190
Mldsa87,verify_chain,1,592877
Mldsa87,verify_chain,1,644652
Mldsa87,verify_chain,1,582402
Mldsa87,verify_chain,1,596589
Mldsa87,verify_chain,1,607985
Mldsa87,verify_chain,1,598329
Mldsa87,verify_chain,1,585396
Mldsa87,verify_chain,1,600942
Mldsa87,verify_chain,1,583452
Mldsa87,verify_chain,1,587633
Mldsa87,verify_chain,1,625624
Mldsa87,verify_chain,1,583327
Mldsa87,verify_chain,1,582897
Mldsa87,verify_chain,1,593460
Mldsa87,verify_chain,1,586601
Mldsa87,verify_chain,1,592486
Mldsa87,verify_chain,1,590569
Mldsa87,verify_chain,1,633503
Mldsa87,verify_chain,1,587013
Mldsa87,verify_chain,1,581536
Mldsa87,verify_chain,1,588403
Mldsa87,verify_chain,1,586231
Mldsa87,verify_chain,1,585851
Mldsa87,verify_chain,2,804128
Mldsa87,verify_chain,2,802242
Mldsa87,verify_chain,2,815335
Mldsa87,verify_chain,2,799321
Mldsa87,verify_chain,2,814236
Mldsa87,verify_chain,2,807969
Mldsa87,verify_chain,2,792944
Mldsa87,verify_chain,2,785564
Mldsa87,verify_chain,2,806418
Mldsa87,verify_chain,2,791682
Mldsa87,verify_chain,2,794075
Mldsa87,verify_chain,2,797772
Mldsa87,verify_chain,2,787375
Mldsa87,verify_chain,2,776871
Mldsa87,verify_chain,2,819795
Mldsa87,verify_chain,2,795870
Mldsa87,verify_chain,2,800293
Mldsa87,verify_chain,2,799547
Mldsa87,verify_chain,2,791311
Mldsa87,verify_chain,2,785457
Mldsa87,verify_chain,2,791898
Mldsa87,verify_chain,2,793785
Mldsa87,verify_chain,2,802949
Mldsa87,verify_chain,2,805652
Mldsa87,verify_chain,2,797081
Mldsa87,verify_chain,2,790215
Mldsa87,verify_chain,2,815460
Mldsa87,verify_chain,2,805986
Mldsa87,verify_chain,2,813288
Mldsa87,verify_chain,2,800205
Mldsa87,verify_chain,2,807233
Mldsa87,verify_chain,2,801617
Mldsa87,verify_chain,2,833717
Mldsa87,verify_chain,2,810290
Mldsa87,verify_chain,2,823718
Mldsa87,verify_chain,2,811081
Mldsa87,verify_chain,2,813015
Mldsa87,verify_chain,2,823693
Mldsa87,verify_chain,2,809520
Mldsa87,verify_chain,2,824395
Mldsa87,verify_chain,2,809963
Mldsa87,verify_chain,2,828998
Mldsa87,verify_chain,2,786840
Mldsa87,verify_chain,2,796522
Mldsa87,verify_chain,2,807464
Mldsa87,verify_chain,2,893392
Mldsa87,verify_chain,2,827450
Mldsa87,verify_chain,2,819751
Mldsa87,verify_chain,2,785198
Mldsa87,verify_chain,2,801384
Mldsa87,verify_chain,2,807707
Mldsa87,verify_chain,2,815824
Mldsa87,verify_chain,2,799075
Mldsa87,verify_chain,2,886880
Mldsa87,verify_chain,2,828879
Mldsa87,verify_chain,2,854324
Mldsa87,verify_chain,2,827597
Mldsa87,verify_chain,2,794908
Mldsa87,verify_chain,2,787557
Mldsa87,verify_chain,2,788743
Mldsa87,verify_chain,2,782634
Mldsa87,verify_chain,2,787181
Mldsa87,verify_chain,2,795097
Mldsa87,verify_chain,2,770908
Mldsa87,verify_chain,2,792728
Mldsa87,verify_chain,2,871126
Mldsa87,verify_chain,2,829038
Mldsa87,verify_chain,2,849763
Mldsa87,verify_chain,2,796711
Mldsa87,verify_chain,2,785258
Mldsa87,verify_chain,2,783587
Mldsa87,verify_chain,2,793565
Mldsa87,verify_chain,2,775118
Mldsa87,verify_chain,2,770537
Mldsa87,verify_chain,2,787454
Mldsa87,verify_chain,2,770343
Mldsa87,verify_chain,2,776638
Mldsa87,verify_chain,2,783211
Mldsa87,verify_chain,2,767080
Mldsa87,verify_chain,2,779147
Mldsa87,verify_chain,2,818291
Mldsa87,verify_chain,2,781290
Mldsa87,verify_chain,2,764196
Mldsa87,verify_chain,2,762462
Mldsa87,verify_chain,2,771279
Mldsa87,verify_chain,2,766096
Mldsa87,verify_chain,2,886568
Mldsa87,verify_chain,2,797148
Mldsa87,verify_chain,2,805469
Mldsa87,verify_chain,2,787375
Mldsa87,verify_chain,2,795663
Mldsa87,verify_chain,2,799096
Mldsa87,verify_chain,2,799795
Mldsa87,verify_chain,2,807997
Mldsa87,verify_chain,2,780459
Mldsa87,verify_chain,2,796074
Mldsa87,verify_chain,2,773138
Mldsa87,verify_chain,2,779025
Mldsa87,verify_chain,2,769610
Mldsa87,verify_chain,2,789563
Mldsa87,verify_chain,2,786394
Mldsa87,verify_chain,5,1351890
Mldsa87,verify_chain,5,1418333
Mldsa87,verify_chain,5,1358736
Mldsa87,verify_chain,5,1375669
Mldsa87,verify_chain,5,1400935
Mldsa87,verify_chain,5,1365079
Mldsa87,verify_chain,5,1345558
Mldsa87,verify_chain,5,1372752
Mldsa87,verify_chain,5,1387827
Mldsa87,verify_chain,5,1406434
Mldsa87,verify_chain,5,1386732
Mldsa87,verify_chain,5,1369325
Mldsa87,verify_chain,5,1385284
Mldsa87,verify_chain,5,1378097
Mldsa87,verify_chain,5,1363261
Mldsa87,verify_chain,5,1374815
Mldsa87,verify_chain,5,1369466
Mldsa87,verify_chain,5,1345439
Mldsa87,verify_chain,5,1369873
Mldsa87,verify_chain,5,1373027
Mldsa87,verify_chain,5,1369418
Mldsa87,verify_chain,5,1381198
Mldsa87,verify_chain,5,1409764
Mldsa87,verify_chain,5,1358473
Mldsa87,verify_chain,5,1357692
Mldsa87,verify_chain,5,1384093
Mldsa87,verify_chain,5,1372725
Mldsa87,verify_chain,5,1354428
Mldsa87,verify_chain,5,1372285
Mldsa87,verify_chain,5,1356977
Mldsa87,verify_chain,5,1354874
Mldsa87,verify_chain,5,1376435
Mldsa87,verify_chain,5,1370835
Mldsa87,verify_chain,5,1464524
Mldsa87,verify_chain,5,1453914
Mldsa87,verify_chain,5,1406239
Mldsa87,verify_chain,5,1408669
Mldsa87,verify_chain,5,1396497
Mldsa87,verify_chain,5,1408390
Mldsa87,verify_chain,5,1422923
Mldsa87,verify_chain,5,1410914
Mldsa87,verify_chain,5,1377894
Mldsa87,verify_chain,5,1434426
Mldsa87,verify_chain,5,1495913
Mldsa87,verify_chain,5,1414011
Mldsa87,verify_chain,5,1463641
Mldsa87,verify_chain,5,1477054
Mldsa87,verify_chain,5,1431011
Mldsa87,verify_chain,5,1390373
Mldsa87,verify_chain,5,1409898
Mldsa87,verify_chain,5,1390610
Mldsa87,verify_chain,5,1383332
Mldsa87,verify_chain,5,1431013
Mldsa87,verify_chain,5,1398680
Mldsa87,verify_chain,5,1397815
Mldsa87,verify_chain,5,1424121
Mldsa87,verify_chain,5,1459778
Mldsa87,verify_chain,5,1426884
Mldsa87,verify_chain,5,1442222
Mldsa87,verify_chain,5,1443377
Mldsa87,verify_chain,5,1422790
Mldsa87,verify_chain,5,1441641
Mldsa87,verify_chain,5,1462439
Mldsa87,verify_chain,5,1397459
Mldsa87,verify_chain,5,1412921
Mldsa87,verify_chain,5,1424803
Mldsa87,verify_chain,5,1414242
Mldsa87,verify_chain,5,1399520
Mldsa87,verify_chain,5,1465702
Mldsa87,verify_chain,5,1550369
Mldsa87,verify_chain,5,1490757
Mldsa87,verify_chain,5,1406008
Mldsa87,verify_chain,5,1357417
Mldsa87,verify_chain,5,1385566
Mldsa87,verify_chain,5,1388103
Mldsa87,verify_chain,5,1403345
Mldsa87,verify_chain,5,1363844
Mldsa87,verify_chain,5,1359311
Mldsa87,verify_chain,5,1369874
Mldsa87,verify_chain,5,1425361
Mldsa87,verify_chain,5,1482102
Mldsa87,verify_chain,5,1395498
Mldsa87,verify_chain,5,1379619
Mldsa87,verify_chain,5,1409134
Mldsa87,verify_chain,5,1415295
Mldsa87,verify_chain,5,1377234
Mldsa87,verify_chain,5,1348885
Mldsa87,verify_chain,5,1372108
Mldsa87,verify_chain,5,1369316
Mldsa87,verify_chain,5,1347982
Mldsa87,verify_chain,5,1360999
Mldsa87,verify_chain,5,1503553
Mldsa87,verify_chain,5,1587225
Mldsa87,verify_chain,5,1400113
Mldsa87,verify_chain,5,1507352
Mldsa87,verify_chain,5,1417744
Mldsa87,verify_chain,5,1369822
Mldsa87,verify_chain,5,1361552
Mldsa87,verify_chain,5,1405498
Mldsa87,verify_chain,5,1360486
Mldsa87,verify_chain,5,1364370
Mldsa87,verify_chain,10,2312151
Mldsa87,verify_chain,10,2287004
Mldsa87,verify_chain,10,2308268
Mldsa87,verify_chain,10,2387380
Mldsa87,verify_chain,10,2536566
Mldsa87,verify_chain,10,2392275
Mldsa87,verify_chain,10,2353511
Mldsa87,verify_chain,10,2391278
Mldsa87,verify_chain,10,2352277
Mldsa87,verify_chain,10,2349592
Mldsa87,verify_chain,10,2354189
Mldsa87,verify_chain,10,2382721
Mldsa87,verify_chain,10,2374140
Mldsa87,verify_chain,10,2350868
Mldsa87,verify_chain,10,2332469
Mldsa87,verify_chain,10,2381039
Mldsa87,verify_chain,10,2327316
Mldsa87,verify_chain,10,2424964
Mldsa87,verify_chain,10,2412490
Mldsa87,verify_chain,10,2413534
Mldsa87,verify_chain,10,2380579
Mldsa87,verify_chain,10,2281130
Mldsa87,verify_chain,10,2352328
Mldsa87,verify_chain,10,2286165
Mldsa87,verify_chain,10,2347603
Mldsa87,verify_chain,10,2422685
Mldsa87,verify_chain,10,2360573
Mldsa87,verify_chain,10,2350617
Mldsa87,verify_chain,10,2350002
Mldsa87,verify_chain,10,2384931
Mldsa87,verify_chain,10,2335671
Mldsa87,verify_chain,10,2395650
Mldsa87,verify_chain,10,2467176
Mldsa87,verify_chain,10,2354815
Mldsa87,verify_chain,10,2348086
Mldsa87,verify_chain,10,2357756
Mldsa87,verify_chain,10,2329358
Mldsa87,verify_chain,10,2374910
Mldsa87,verify_chain,10,2355719
Mldsa87,verify_chain,10,2447631
Mldsa87,verify_chain,10,2338573
Mldsa87,verify_chain,10,2352414
Mldsa87,verify_chain,10,2361066
Mldsa87,verify_chain,10,2378145
Mldsa87,verify_chain,10,2341247
Mldsa87,verify_chain,10,2483450
Mldsa87,verify_chain,10,2443910
Mldsa87,verify_chain,10,2491176
Mldsa87,verify_chain,10,2411369
Mldsa87,verify_chain,10,2412011
Mldsa87,verify_chain,10,2416674
Mldsa87,verify_chain,10,2349935
Mldsa87,verify_chain,10,2572794
Mldsa87,verify_chain,10,2406433
Mldsa87,verify_chain,10,2423852
Mldsa87,verify_chain,10,2361532
Mldsa87,verify_chain,10,2354698
Mldsa87,verify_chain,10,2338907
Mldsa87,verify_chain,10,2377362
Mldsa87,verify_chain,10,2405839
Mldsa87,verify_chain,10,2470793
Mldsa87,verify_chain,10,2460597
Mldsa87,verify_chain,10,2391600
Mldsa87,verify_chain,10,2340361
Mldsa87,verify_chain,10,2387153
Mldsa87,verify_chain,10,2359478
Mldsa87,verify_chain,10,2462010
Mldsa87,verify_chain,10,2397032
Mldsa87,verify_chain,10,2338647
Mldsa87,verify_chain,10,2373498
Mldsa87,verify_chain,10,2344782
Mldsa87,verify_chain,10,2358577
Mldsa87,verify_chain,10,2350365
Mldsa87,verify_chain,10,2416446
Mldsa87,verify_chain,10,2364455
Mldsa87,verify_chain,10,2364919
Mldsa87,verify_chain,10,2356164
Mldsa87,verify_chain,10,2381221
Mldsa87,verify_chain,10,2326292
Mldsa87,verify_chain,10,2364635
Mldsa87,verify_chain,10,2362439
Mldsa87,verify_chain,10,2461621
Mldsa87,verify_chain,10,2355252
Mldsa87,verify_chain,10,2361379
Mldsa87,verify_chain,10,2328900
Mldsa87,verify_chain,10,2340988
Mldsa87,verify_chain,10,2356540
Mldsa87,verify_chain,10,2415372
Mldsa87,verify_chain,10,2351057
Mldsa87,verify_chain,10,2398419
Mldsa87,verify_chain,10,2384882
Mldsa87,verify_chain,10,2404235
Mldsa87,verify_chain,10,2397462
Mldsa87,verify_chain,10,2386469
Mldsa87,verify_chain,10,2436475
Mldsa87,verify_chain,10,2429954
Mldsa87,verify_chain,10,2421937
Mldsa87,verify_chain,10,2427694
Mldsa87,verify_chain,10,2412804
Mldsa87,verify_chain,10,2455648
Mldsa87,verify_chain,10,2424357
Mldsa87,authority_build,2,663708
Mldsa87,authority_build,2,465118
Mldsa87,authority_build,2,438929
Mldsa87,authority_build,2,618827
Mldsa87,authority_build,2,462741
Mldsa87,authority_build,2,520532
Mldsa87,authority_build,2,622590
Mldsa87,authority_build,2,605147
Mldsa87,authority_build,2,513959
Mldsa87,authority_build,2,532240
Mldsa87,authority_build,2,526369
Mldsa87,authority_build,2,744637
Mldsa87,authority_build,2,626403
Mldsa87,authority_build,2,558961
Mldsa87,authority_build,2,440156
Mldsa87,authority_build,2,445464
Mldsa87,authority_build,2,1086978
Mldsa87,authority_build,2,436477
Mldsa87,authority_build,2,444841
Mldsa87,authority_build,2,537767
Mldsa87,authority_build,2,705536
Mldsa87,authority_build,2,594247
Mldsa87,authority_build,2,700317
Mldsa87,authority_build,2,511384
Mldsa87,authority_build,2,819639
Mldsa87,authority_build,2,1057328
Mldsa87,authority_build,2,462592
Mldsa87,authority_build,2,615955
Mldsa87,authority_build,2,509430
Mldsa87,authority_build,2,884974
Mldsa87,authority_build,2,444615
Mldsa87,authority_build,2,580138
Mldsa87,authority_build,2,521100
Mldsa87,authority_build,2,742647
Mldsa87,authority_build,2,524514
Mldsa87,authority_build,2,695330
Mldsa87,authority_build,2,620936
Mldsa87,authority_build,2,576041
Mldsa87,authority_build,2,777188
Mldsa87,authority_build,2,1006223
Mldsa87,authority_build,2,439821
Mldsa87,authority_build,2,869087
Mldsa87,authority_build,2,460331
Mldsa87,authority_build,2,968003
Mldsa87,authority_build,2,776830
Mldsa87,authority_build,2,770511
Mldsa87,authority_build,2,441517
Mldsa87,authority_build,2,444511
Mldsa87,authority_build,2,525253
Mldsa87,authority_build,2,1021581
Mldsa87,authority_build,2,887876
Mldsa87,authority_build,2,757275
Mldsa87,authority_build,2,705191
Mldsa87,authority_build,2,439388
Mldsa87,authority_build,2,1723694
Mldsa87,authority_build,2,453111
Mldsa87,authority_build,2,520049
Mldsa87,authority_build,2,459444
Mldsa87,authority_build,2,608537
Mldsa87,authority_build,2,774608
Mldsa87,authority_build,2,533658
Mldsa87,authority_build,2,441096
Mldsa87,authority_build,2,1023036
Mldsa87,authority_build,2,755726
Mldsa87,authority_build,2,468362
Mldsa87,authority_build,2,445678
Mldsa87,authority_build,2,455169
Mldsa87,authority_build,2,444927
Mldsa87,authority_build,2,437266
Mldsa87,authority_build,2,1581434
Mldsa87,authority_build,2,600095
Mldsa87,authority_build,2,691533
Mldsa87,authority_build,2,507311
Mldsa87,authority_build,2,435702
Mldsa87,authority_build,2,678908
Mldsa87,authority_build,2,683800
Mldsa87,authority_build,2,506187
Mldsa87,authority_build,2,1101455
Mldsa87,authority_build,2,742264
Mldsa87,authority_build,2,1736601
Mldsa87,authority_build,2,1105817
Mldsa87,authority_build,2,443405
Mldsa87,authority_build,2,917222
Mldsa87,authority_build,2,567219
Mldsa87,authority_build,2,438313
Mldsa87,authority_build,2,445059
Mldsa87,authority_build,2,444948
Mldsa87,authority_build,2,441953
Mldsa87,authority_build,2,987845
Mldsa87,authority_build,2,962765
Mldsa87,authority_build,2,577946
Mldsa87,authority_build,2,532544
Mldsa87,authority_build,2,520605
Mldsa87,authority_build,2,615781
Mldsa87,authority_build,2,813840
Mldsa87,authority_build,2,1769743
Mldsa87,authority_build,2,448348
Mldsa87,authority_build,2,605050
Mldsa87,authority_build,2,506907
Mldsa87,authority_build,2,506740
Mldsa87,authority_build,2,588196
Mldsa87,append_hop,2,456411
Mldsa87,append_hop,2,519188
Mldsa87,append_hop,2,1440135
Mldsa87,append_hop,2,496685
Mldsa87,append_hop,2,1237726
Mldsa87,append_hop,2,454432
Mldsa87,append_hop,2,456072
Mldsa87,append_hop,2,455360
Mldsa87,append_hop,2,647375
Mldsa87,append_hop,2,627547
Mldsa87,append_hop,2,530432
Mldsa87,append_hop,2,460492
Mldsa87,append_hop,2,460384
Mldsa87,append_hop,2,949960
Mldsa87,append_hop,2,474072
Mldsa87,append_hop,2,466500
Mldsa87,append_hop,2,454163
Mldsa87,append_hop,2,447441
Mldsa87,append_hop,2,513798
Mldsa87,append_hop,2,539461
Mldsa87,append_hop,2,542627
Mldsa87,append_hop,2,572887
Mldsa87,append_hop,2,554174
Mldsa87,append_hop,2,557137
Mldsa87,append_hop,2,899756
Mldsa87,append_hop,2,457590
Mldsa87,append_hop,2,785232
Mldsa87,append_hop,2,677013
Mldsa87,append_hop,2,570380
Mldsa87,append_hop,2,873052
Mldsa87,append_hop,2,1384382
Mldsa87,append_hop,2,721980
Mldsa87,append_hop,2,616105
Mldsa87,append_hop,2,691876
Mldsa87,append_hop,2,534124
Mldsa87,append_hop,2,531281
Mldsa87,append_hop,2,459967
Mldsa87,append_hop,2,459416
Mldsa87,append_hop,2,543380
Mldsa87,append_hop,2,473946
Mldsa87,append_hop,2,648636
Mldsa87,append_hop,2,881547
Mldsa87,append_hop,2,788061
Mldsa87,append_hop,2,611219
Mldsa87,append_hop,2,1072907
Mldsa87,append_hop,2,470664
Mldsa87,append_hop,2,480507
Mldsa87,append_hop,2,619782
Mldsa87,append_hop,2,548062
Mldsa87,append_hop,2,1068389
Mldsa87,append_hop,2,476216
Mldsa87,append_hop,2,457315
Mldsa87,append_hop,2,643932
Mldsa87,append_hop,2,1423884
Mldsa87,append_hop,2,1059590
Mldsa87,append_hop,2,481042
Mldsa87,append_hop,2,701331
Mldsa87,append_hop,2,642010
Mldsa87,append_hop,2,461890
Mldsa87,append_hop,2,473461
Mldsa87,append_hop,2,714247
Mldsa87,append_hop,2,462324
Mldsa87,append_hop,2,453223
Mldsa87,append_hop,2,451529
Mldsa87,append_hop,2,452861
Mldsa87,append_hop,2,683066
Mldsa87,append_hop,2,1448180
Mldsa87,append_hop,2,469610
Mldsa87,append_hop,2,487340
Mldsa87,append_hop,2,762506
Mldsa87,append_hop,2,464827
Mldsa87,append_hop,2,551352
Mldsa87,append_hop,2,466922
Mldsa87,append_hop,2,464877
Mldsa87,append_hop,2,781213
Mldsa87,append_hop,2,562027
Mldsa87,append_hop,2,1053572
Mldsa87,append_hop,2,472527
Mldsa87,append_hop,2,621579
Mldsa87,append_hop,2,545570
Mldsa87,append_hop,2,458115
Mldsa87,append_hop,2,467731
Mldsa87,append_hop,2,463758
Mldsa87,append_hop,2,455285
Mldsa87,append_hop,2,456308
Mldsa87,append_hop,2,561779
Mldsa87,append_hop,2,611406
Mldsa87,append_hop,2,455906
Mldsa87,append_hop,2,462694
Mldsa87,append_hop,2,1403131
Mldsa87,append_hop,2,1110852
Mldsa87,append_hop,2,523786
Mldsa87,append_hop,2,661885
Mldsa87,append_hop,2,1946068
Mldsa87,append_hop,2,470473
Mldsa87,append_hop,2,1100655
Mldsa87,append_hop,2,465038
Mldsa87,append_hop,2,537937
Mldsa87,append_hop,2,705256
Mldsa87,append_hop,2,952279
Mldsa87,append_hop,2,1342493
Mldsa87,seal,2,276880
Mldsa87,seal,2,287112
Mldsa87,seal,2,294576
Mldsa87,seal,2,276014
Mldsa87,seal,2,278949
Mldsa87,seal,2,278318
Mldsa87,seal,2,282130
Mldsa87,seal,2,276103
Mldsa87,seal,2,279182
Mldsa87,seal,2,284261
Mldsa87,seal,2,289288
Mldsa87,seal,2,283617
Mldsa87,seal,2,282807
Mldsa87,seal,2,290498
Mldsa87,seal,2,279650
Mldsa87,seal,2,286299
Mldsa87,seal,2,287241
Mldsa87,seal,2,279357
Mldsa87,seal,2,278539
Mldsa87,seal,2,274876
Mldsa87,seal,2,283681
Mldsa87,seal,2,282466
Mldsa87,seal,2,280466
Mldsa87,seal,2,287556
Mldsa87,seal,2,278017
Mldsa87,seal,2,277948
Mldsa87,seal,2,278198
Mldsa87,seal,2,278791
Mldsa87,seal,2,282152
Mldsa87,seal,2,291990
Mldsa87,seal,2,278570
Mldsa87,seal,2,279521
Mldsa87,seal,2,276998
Mldsa87,seal,2,278927
Mldsa87,seal,2,280863
Mldsa87,seal,2,277253
Mldsa87,seal,2,284433
Mldsa87,seal,2,275407
Mldsa87,seal,2,289790
Mldsa87,seal,2,277961
Mldsa87,seal,2,277520
Mldsa87,seal,2,275072
Mldsa87,seal,2,290458
Mldsa87,seal,2,285661
Mldsa87,seal,2,276204
Mldsa87,seal,2,274894
Mldsa87,seal,2,279534
Mldsa87,seal,2,281110
Mldsa87,seal,2,279496
Mldsa87,seal,2,284079
Mldsa87,seal,2,286065
Mldsa87,seal,2,274560
Mldsa87,seal,2,287976
Mldsa87,seal,2,278865
Mldsa87,seal,2,274687
Mldsa87,seal,2,285298
Mldsa87,seal,2,278109
Mldsa87,seal,2,280434
Mldsa87,seal,2,288604
Mldsa87,seal,2,280026
Mldsa87,seal,2,301377
Mldsa87,seal,2,281678
Mldsa87,seal,2,277162
Mldsa87,seal,2,281161
Mldsa87,seal,2,276721
Mldsa87,seal,2,278618
Mldsa87,seal,2,277838
Mldsa87,seal,2,283718
Mldsa87,seal,2,284751
Mldsa87,seal,2,277878
Mldsa87,seal,2,290309
Mldsa87,seal,2,340549
Mldsa87,seal,2,311650
Mldsa87,seal,2,287112
Mldsa87,seal,2,352793
Mldsa87,seal,2,295594
Mldsa87,seal,2,285550
Mldsa87,seal,2,270202
Mldsa87,seal,2,269176
Mldsa87,seal,2,273495
Mldsa87,seal,2,282326
Mldsa87,seal,2,271081
Mldsa87,seal,2,270183
Mldsa87,seal,2,272514
Mldsa87,seal,2,272937
Mldsa87,seal,2,275104
Mldsa87,seal,2,289276
Mldsa87,seal,2,279563
Mldsa87,seal,2,289104
Mldsa87,seal,2,271556
Mldsa87,seal,2,295628
Mldsa87,seal,2,271493
Mldsa87,seal,2,271396
Mldsa87,seal,2,273855
Mldsa87,seal,2,281672
Mldsa87,seal,2,273047
Mldsa87,seal,2,274498
Mldsa87,seal,2,271418
Mldsa87,seal,2,279591
Mldsa87,seal,2,277670
Mldsa87,seal,2,282556
Mldsa87,verify_n2,2,784179
Mldsa87,verify_n2,2,796615
Mldsa87,verify_n2,2,776082
Mldsa87,verify_n2,2,773429
Mldsa87,verify_n2,2,801731
Mldsa87,verify_n2,2,774564
Mldsa87,verify_n2,2,791567
Mldsa87,verify_n2,2,765266
Mldsa87,verify_n2,2,772531
Mldsa87,verify_n2,2,769227
Mldsa87,verify_n2,2,793969
Mldsa87,verify_n2,2,772613
Mldsa87,verify_n2,2,813613
Mldsa87,verify_n2,2,1088134
Mldsa87,verify_n2,2,808334
Mldsa87,verify_n2,2,788053
Mldsa87,verify_n2,2,792294
Mldsa87,verify_n2,2,769065
Mldsa87,verify_n2,2,780398
Mldsa87,verify_n2,2,779527
Mldsa87,verify_n2,2,781778
Mldsa87,verify_n2,2,809374
Mldsa87,verify_n2,2,770085
Mldsa87,verify_n2,2,786443
Mldsa87,verify_n2,2,775519
Mldsa87,verify_n2,2,778543
Mldsa87,verify_n2,2,775502
Mldsa87,verify_n2,2,802044
Mldsa87,verify_n2,2,764073
Mldsa87,verify_n2,2,763957
Mldsa87,verify_n2,2,786555
Mldsa87,verify_n2,2,780806
Mldsa87,verify_n2,2,797266
Mldsa87,verify_n2,2,834006
Mldsa87,verify_n2,2,801610
Mldsa87,verify_n2,2,811066
Mldsa87,verify_n2,2,829038
Mldsa87,verify_n2,2,827769
Mldsa87,verify_n2,2,785837
Mldsa87,verify_n2,2,805569
Mldsa87,verify_n2,2,790634
Mldsa87,verify_n2,2,793357
Mldsa87,verify_n2,2,814365
Mldsa87,verify_n2,2,779421
Mldsa87,verify_n2,2,780484
Mldsa87,verify_n2,2,829629
Mldsa87,verify_n2,2,793594
Mldsa87,verify_n2,2,805613
Mldsa87,verify_n2,2,786046
Mldsa87,verify_n2,2,793193
Mldsa87,verify_n2,2,771991
Mldsa87,verify_n2,2,783982
Mldsa87,verify_n2,2,797387
Mldsa87,verify_n2,2,770900
Mldsa87,verify_n2,2,786412
Mldsa87,verify_n2,2,794407
Mldsa87,verify_n2,2,782094
Mldsa87,verify_n2,2,845658
Mldsa87,verify_n2,2,791097
Mldsa87,verify_n2,2,792616
Mldsa87,verify_n2,2,781987
Mldsa87,verify_n2,2,788771
Mldsa87,verify_n2,2,800607
Mldsa87,verify_n2,2,810514
Mldsa87,verify_n2,2,794304
Mldsa87,verify_n2,2,773848
Mldsa87,verify_n2,2,778491
Mldsa87,verify_n2,2,775947
Mldsa87,verify_n2,2,766282
Mldsa87,verify_n2,2,803913
Mldsa87,verify_n2,2,772623
Mldsa87,verify_n2,2,786525
Mldsa87,verify_n2,2,776727
Mldsa87,verify_n2,2,764381
Mldsa87,verify_n2,2,776262
Mldsa87,verify_n2,2,776933
Mldsa87,verify_n2,2,813369
Mldsa87,verify_n2,2,790776
Mldsa87,verify_n2,2,783204
Mldsa87,verify_n2,2,769618
Mldsa87,verify_n2,2,766322
Mldsa87,verify_n2,2,798408
Mldsa87,verify_n2,2,775064
Mldsa87,verify_n2,2,797497
Mldsa87,verify_n2,2,767124
Mldsa87,verify_n2,2,767279
Mldsa87,verify_n2,2,774001
Mldsa87,verify_n2,2,794508
Mldsa87,verify_n2,2,773769
Mldsa87,verify_n2,2,779380
Mldsa87,verify_n2,2,765729
Mldsa87,verify_n2,2,803097
Mldsa87,verify_n2,2,780076
Mldsa87,verify_n2,2,773695
Mldsa87,verify_n2,2,770101
Mldsa87,verify_n2,2,779702
Mldsa87,verify_n2,2,762725
Mldsa87,verify_n2,2,797142
Mldsa87,verify_n2,2,794221
Mldsa87,verify_n2,2,779778
Mldsa87,verify_n2,2,777174
Mldsa87,authorize,2,9390
Mldsa87,authorize,2,8692
Mldsa87,authorize,2,8785
Mldsa87,authorize,2,8920
Mldsa87,authorize,2,8583
Mldsa87,authorize,2,8573
Mldsa87,authorize,2,8597
Mldsa87,authorize,2,8936
Mldsa87,authorize,2,8939
Mldsa87,authorize,2,8858
Mldsa87,authorize,2,8728
Mldsa87,authorize,2,8531
Mldsa87,authorize,2,8677
Mldsa87,authorize,2,8745
Mldsa87,authorize,2,8731
Mldsa87,authorize,2,9014
Mldsa87,authorize,2,8818
Mldsa87,authorize,2,9094
Mldsa87,authorize,2,8874
Mldsa87,authorize,2,8735
Mldsa87,authorize,2,8813
Mldsa87,authorize,2,8872
Mldsa87,authorize,2,8491
Mldsa87,authorize,2,8366
Mldsa87,authorize,2,8543
Mldsa87,authorize,2,8831
Mldsa87,authorize,2,8383
Mldsa87,authorize,2,8612
Mldsa87,authorize,2,8804
Mldsa87,authorize,2,8891
Mldsa87,authorize,2,8969
Mldsa87,authorize,2,8449
Mldsa87,authorize,2,8656
Mldsa87,authorize,2,8506
Mldsa87,authorize,2,8644
Mldsa87,authorize,2,8715
Mldsa87,authorize,2,8705
Mldsa87,authorize,2,8825
Mldsa87,authorize,2,8764
Mldsa87,authorize,2,8584
Mldsa87,authorize,2,8725
Mldsa87,authorize,2,8582
Mldsa87,authorize,2,8740
Mldsa87,authorize,2,8763
Mldsa87,authorize,2,8649
Mldsa87,authorize,2,8619
Mldsa87,authorize,2,8712
Mldsa87,authorize,2,8603
Mldsa87,authorize,2,9044
Mldsa87,authorize,2,8688
Mldsa87,authorize,2,8572
Mldsa87,authorize,2,8584
Mldsa87,authorize,2,8555
Mldsa87,authorize,2,8750
Mldsa87,authorize,2,21205
Mldsa87,authorize,2,10485
Mldsa87,authorize,2,9146
Mldsa87,authorize,2,8718
Mldsa87,authorize,2,8904
Mldsa87,authorize,2,8731
Mldsa87,authorize,2,9009
Mldsa87,authorize,2,8674
Mldsa87,authorize,2,8579
Mldsa87,authorize,2,8798
Mldsa87,authorize,2,8857
Mldsa87,authorize,2,8905
Mldsa87,authorize,2,9027
Mldsa87,authorize,2,8612
Mldsa87,authorize,2,8846
Mldsa87,authorize,2,8790
Mldsa87,authorize,2,8720
Mldsa87,authorize,2,8637
Mldsa87,authorize,2,8871
Mldsa87,authorize,2,13270
Mldsa87,authorize,2,31135
Mldsa87,authorize,2,11617
Mldsa87,authorize,2,9326
Mldsa87,authorize,2,9247
Mldsa87,authorize,2,8917
Mldsa87,authorize,2,8825
Mldsa87,authorize,2,8877
Mldsa87,authorize,2,9277
Mldsa87,authorize,2,9337
Mldsa87,authorize,2,9121
Mldsa87,authorize,2,9128
Mldsa87,authorize,2,9080
Mldsa87,authorize,2,9185
Mldsa87,authorize,2,9009
Mldsa87,authorize,2,9946
Mldsa87,authorize,2,8785
Mldsa87,authorize,2,8922
Mldsa87,authorize,2,8508
Mldsa87,authorize,2,8616
Mldsa87,authorize,2,8981
Mldsa87,authorize,2,8828
Mldsa87,authorize,2,8821
Mldsa87,authorize,2,8616
Mldsa87,authorize,2,8710
Mldsa87,authorize,2,8593
Mldsa87,authorize,2,8493
Mldsa87,authorize,2,8667
Fndsa512,verify_chain,0,66109
Fndsa512,verify_chain,0,65830
Fndsa512,verify_chain,0,64849
Fndsa512,verify_chain,0,64987
Fndsa512,verify_chain,0,64560
Fndsa512,verify_chain,0,65087
Fndsa512,verify_chain,0,65141
Fndsa512,verify_chain,0,64846
Fndsa512,verify_chain,0,64894
Fndsa512,verify_chain,0,64989
Fndsa512,verify_chain,0,64833
Fndsa512,verify_chain,0,64697
Fndsa512,verify_chain,0,64750
Fndsa512,verify_chain,0,64930
Fndsa512,verify_chain,0,65353
Fndsa512,verify_chain,0,64899
Fndsa512,verify_chain,0,64353
Fndsa512,verify_chain,0,64150
Fndsa512,verify_chain,0,72324
Fndsa512,verify_chain,0,66140
Fndsa512,verify_chain,0,65434
Fndsa512,verify_chain,0,64867
Fndsa512,verify_chain,0,64919
Fndsa512,verify_chain,0,64620
Fndsa512,verify_chain,0,64660
Fndsa512,verify_chain,0,64615
Fndsa512,verify_chain,0,72347
Fndsa512,verify_chain,0,65363
Fndsa512,verify_chain,0,64821
Fndsa512,verify_chain,0,64740
Fndsa512,verify_chain,0,65121
Fndsa512,verify_chain,0,64703
Fndsa512,verify_chain,0,125270
Fndsa512,verify_chain,0,80283
Fndsa512,verify_chain,0,69252
Fndsa512,verify_chain,0,66804
Fndsa512,verify_chain,0,65756
Fndsa512,verify_chain,0,65182
Fndsa512,verify_chain,0,65763
Fndsa512,verify_chain,0,65173
Fndsa512,verify_chain,0,65377
Fndsa512,verify_chain,0,65341
Fndsa512,verify_chain,0,65180
Fndsa512,verify_chain,0,64912
Fndsa512,verify_chain,0,64301
Fndsa512,verify_chain,0,92498
Fndsa512,verify_chain,0,110185
Fndsa512,verify_chain,0,70274
Fndsa512,verify_chain,0,67945
Fndsa512,verify_chain,0,66395
Fndsa512,verify_chain,0,66188
Fndsa512,verify_chain,0,66422
Fndsa512,verify_chain,0,101248
Fndsa512,verify_chain,0,145221
Fndsa512,verify_chain,0,66227
Fndsa512,verify_chain,0,65162
Fndsa512,verify_chain,0,65467
Fndsa512,verify_chain,0,65093
Fndsa512,verify_chain,0,64903
Fndsa512,verify_chain,0,65216
Fndsa512,verify_chain,0,64861
Fndsa512,verify_chain,0,64929
Fndsa512,verify_chain,0,65043
Fndsa512,verify_chain,0,64856
Fndsa512,verify_chain,0,65384
Fndsa512,verify_chain,0,65553
Fndsa512,verify_chain,0,64183
Fndsa512,verify_chain,0,65169
Fndsa512,verify_chain,0,101671
Fndsa512,verify_chain,0,74624
Fndsa512,verify_chain,0,67845
Fndsa512,verify_chain,0,67017
Fndsa512,verify_chain,0,66215
Fndsa512,verify_chain,0,65835
Fndsa512,verify_chain,0,65571
Fndsa512,verify_chain,0,65617
Fndsa512,verify_chain,0,64759
Fndsa512,verify_chain,0,64845
Fndsa512,verify_chain,0,65109
Fndsa512,verify_chain,0,65393
Fndsa512,verify_chain,0,64798
Fndsa512,verify_chain,0,64727
Fndsa512,verify_chain,0,87969
Fndsa512,verify_chain,0,65005
Fndsa512,verify_chain,0,64993
Fndsa512,verify_chain,0,64434
Fndsa512,verify_chain,0,64792
Fndsa512,verify_chain,0,64559
Fndsa512,verify_chain,0,63960
Fndsa512,verify_chain,0,64485
Fndsa512,verify_chain,0,65153
Fndsa512,verify_chain,0,64547
Fndsa512,verify_chain,0,65170
Fndsa512,verify_chain,0,64820
Fndsa512,verify_chain,0,76868
Fndsa512,verify_chain,0,66514
Fndsa512,verify_chain,0,66010
Fndsa512,verify_chain,0,65164
Fndsa512,verify_chain,0,64379
Fndsa512,verify_chain,0,64729
Fndsa512,verify_chain,0,63833
Fndsa512,verify_chain,1,98202
Fndsa512,verify_chain,1,95447
Fndsa512,verify_chain,1,97565
Fndsa512,verify_chain,1,99740
Fndsa512,verify_chain,1,97467
Fndsa512,verify_chain,1,95662
Fndsa512,verify_chain,1,96059
Fndsa512,verify_chain,1,97518
Fndsa512,verify_chain,1,98661
Fndsa512,verify_chain,1,98379
Fndsa512,verify_chain,1,98021
Fndsa512,verify_chain,1,99188
Fndsa512,verify_chain,1,108477
Fndsa512,verify_chain,1,98347
Fndsa512,verify_chain,1,106539
Fndsa512,verify_chain,1,100471
Fndsa512,verify_chain,1,98245
Fndsa512,verify_chain,1,97660
Fndsa512,verify_chain,1,97687
Fndsa512,verify_chain,1,96877
Fndsa512,verify_chain,1,97393
Fndsa512,verify_chain,1,98432
Fndsa512,verify_chain,1,97493
Fndsa512,verify_chain,1,97785
Fndsa512,verify_chain,1,96700
Fndsa512,verify_chain,1,98192
Fndsa512,verify_chain,1,97651
Fndsa512,verify_chain,1,97799
Fndsa512,verify_chain,1,97591
Fndsa512,verify_chain,1,97673
Fndsa512,verify_chain,1,104084
Fndsa512,verify_chain,1,99651
Fndsa512,verify_chain,1,105656
Fndsa512,verify_chain,1,98908
Fndsa512,verify_chain,1,97221
Fndsa512,verify_chain,1,98099
Fndsa512,verify_chain,1,97267
Fndsa512,verify_chain,1,97436
Fndsa512,verify_chain,1,96607
Fndsa512,verify_chain,1,98163
Fndsa512,verify_chain,1,96687
Fndsa512,verify_chain,1,95937
Fndsa512,verify_chain,1,97467
Fndsa512,verify_chain,1,96641
Fndsa512,verify_chain,1,97232
Fndsa512,verify_chain,1,97582
Fndsa512,verify_chain,1,97778
Fndsa512,verify_chain,1,97504
Fndsa512,verify_chain,1,96874
Fndsa512,verify_chain,1,97448
Fndsa512,verify_chain,1,97801
Fndsa512,verify_chain,1,97619
Fndsa512,verify_chain,1,110063
Fndsa512,verify_chain,1,100527
Fndsa512,verify_chain,1,99158
Fndsa512,verify_chain,1,97815
Fndsa512,verify_chain,1,97398
Fndsa512,verify_chain,1,98678
Fndsa512,verify_chain,1,97590
Fndsa512,verify_chain,1,97860
Fndsa512,verify_chain,1,97476
Fndsa512,verify_chain,1,98148
Fndsa512,verify_chain,1,97956
Fndsa512,verify_chain,1,97533
Fndsa512,verify_chain,1,96774
Fndsa512,verify_chain,1,98933
Fndsa512,verify_chain,1,96912
Fndsa512,verify_chain,1,96568
Fndsa512,verify_chain,1,96947
Fndsa512,verify_chain,1,97357
Fndsa512,verify_chain,1,106985
Fndsa512,verify_chain,1,99079
Fndsa512,verify_chain,1,98101
Fndsa512,verify_chain,1,98683
Fndsa512,verify_chain,1,97165
Fndsa512,verify_chain,1,96748
Fndsa512,verify_chain,1,98100
Fndsa512,verify_chain,1,109784
Fndsa512,verify_chain,1,97978
Fndsa512,verify_chain,1,97873
Fndsa512,verify_chain,1,96100
Fndsa512,verify_chain,1,97771
Fndsa512,verify_chain,1,97752
Fndsa512,verify_chain,1,96971
Fndsa512,verify_chain,1,97284
Fndsa512,verify_chain,1,97491
Fndsa512,verify_chain,1,96641
Fndsa512,verify_chain,1,97409
Fndsa512,verify_chain,1,96840
Fndsa512,verify_chain,1,97752
Fndsa512,verify_chain,1,104625
Fndsa512,verify_chain,1,100188
Fndsa512,verify_chain,1,98043
Fndsa512,verify_chain,1,103706
Fndsa512,verify_chain,1,97230
Fndsa512,verify_chain,1,97495
Fndsa512,verify_chain,1,99988
Fndsa512,verify_chain,1,97453
Fndsa512,verify_chain,1,97175
Fndsa512,verify_chain,1,97697
Fndsa512,verify_chain,1,97367
Fndsa512,verify_chain,2,130740
Fndsa512,verify_chain,2,130953
Fndsa512,verify_chain,2,130797
Fndsa512,verify_chain,2,130704
Fndsa512,verify_chain,2,137317
Fndsa512,verify_chain,2,130295
Fndsa512,verify_chain,2,130896
Fndsa512,verify_chain,2,130933
Fndsa512,verify_chain,2,131317
Fndsa512,verify_chain,2,138731
Fndsa512,verify_chain,2,133760
Fndsa512,verify_chain,2,131275
Fndsa512,verify_chain,2,130722
Fndsa512,verify_chain,2,130780
Fndsa512,verify_chain,2,131097
Fndsa512,verify_chain,2,131108
Fndsa512,verify_chain,2,130957
Fndsa512,verify_chain,2,132028
Fndsa512,verify_chain,2,130488
Fndsa512,verify_chain,2,130541
Fndsa512,verify_chain,2,130076
Fndsa512,verify_chain,2,131784
Fndsa512,verify_chain,2,130267
Fndsa512,verify_chain,2,130084
Fndsa512,verify_chain,2,137279
Fndsa512,verify_chain,2,133771
Fndsa512,verify_chain,2,132128
Fndsa512,verify_chain,2,131632
Fndsa512,verify_chain,2,131123
Fndsa512,verify_chain,2,130819
Fndsa512,verify_chain,2,130607
Fndsa512,verify_chain,2,130539
Fndsa512,verify_chain,2,130752
Fndsa512,verify_chain,2,130686
Fndsa512,verify_chain,2,136050
Fndsa512,verify_chain,2,132298
Fndsa512,verify_chain,2,131302
Fndsa512,verify_chain,2,133323
Fndsa512,verify_chain,2,133203
Fndsa512,verify_chain,2,133529
Fndsa512,verify_chain,2,144042
Fndsa512,verify_chain,2,136649
Fndsa512,verify_chain,2,134422
Fndsa512,verify_chain,2,133961
Fndsa512,verify_chain,2,130019
Fndsa512,verify_chain,2,146003
Fndsa512,verify_chain,2,137712
Fndsa512,verify_chain,2,134411
Fndsa512,verify_chain,2,136359
Fndsa512,verify_chain,2,133217
Fndsa512,verify_chain,2,133768
Fndsa512,verify_chain,2,131999
Fndsa512,verify_chain,2,134042
Fndsa512,verify_chain,2,131242
Fndsa512,verify_chain,2,153506
Fndsa512,verify_chain,2,133314
Fndsa512,verify_chain,2,140481
Fndsa512,verify_chain,2,138087
Fndsa512,verify_chain,2,130735
Fndsa512,verify_chain,2,131538
Fndsa512,verify_chain,2,130946
Fndsa512,verify_chain,2,131587
Fndsa512,verify_chain,2,131013
Fndsa512,verify_chain,2,131047
Fndsa512,verify_chain,2,140769
Fndsa512,verify_chain,2,130920
Fndsa512,verify_chain,2,131838
Fndsa512,verify_chain,2,130000
Fndsa512,verify_chain,2,130155
Fndsa512,verify_chain,2,141256
Fndsa512,verify_chain,2,133276
Fndsa512,verify_chain,2,130927
Fndsa512,verify_chain,2,129500
Fndsa512,verify_chain,2,130520
Fndsa512,verify_chain,2,129751
Fndsa512,verify_chain,2,130033
Fndsa512,verify_chain,2,130695
Fndsa512,verify_chain,2,130654
Fndsa512,verify_chain,2,129602
Fndsa512,verify_chain,2,130369
Fndsa512,verify_chain,2,130327
Fndsa512,verify_chain,2,130726
Fndsa512,verify_chain,2,139400
Fndsa512,verify_chain,2,132324
Fndsa512,verify_chain,2,130104
Fndsa512,verify_chain,2,131193
Fndsa512,verify_chain,2,131338
Fndsa512,verify_chain,2,131042
Fndsa512,verify_chain,2,131700
Fndsa512,verify_chain,2,129515
Fndsa512,verify_chain,2,130027
Fndsa512,verify_chain,2,129196
Fndsa512,verify_chain,2,130333
Fndsa512,verify_chain,2,130021
Fndsa512,verify_chain,2,159731
Fndsa512,verify_chain,2,138848
Fndsa512,verify_chain,2,133223
Fndsa512,verify_chain,2,130746
Fndsa512,verify_chain,2,129452
Fndsa512,verify_chain,2,130357
Fndsa512,verify_chain,2,129449
Fndsa512,verify_chain,5,261853
Fndsa512,verify_chain,5,256723
Fndsa512,verify_chain,5,257195
Fndsa512,verify_chain,5,360172
Fndsa512,verify_chain,5,300850
Fndsa512,verify_chain,5,253563
Fndsa512,verify_chain,5,250541
Fndsa512,verify_chain,5,248209
Fndsa512,verify_chain,5,249873
Fndsa512,verify_chain,5,293102
Fndsa512,verify_chain,5,254731
Fndsa512,verify_chain,5,252742
Fndsa512,verify_chain,5,251580
Fndsa512,verify_chain,5,255052
Fndsa512,verify_chain,5,252227
Fndsa512,verify_chain,5,251304
Fndsa512,verify_chain,5,266510
Fndsa512,verify_chain,5,260827
Fndsa512,verify_chain,5,264557
Fndsa512,verify_chain,5,247512
Fndsa512,verify_chain,5,246943
Fndsa512,verify_chain,5,244734
Fndsa512,verify_chain,5,245864
Fndsa512,verify_chain,5,245150
Fndsa512,verify_chain,5,258528
Fndsa512,verify_chain,5,245109
Fndsa512,verify_chain,5,244147
Fndsa512,verify_chain,5,242623
Fndsa512,verify_chain,5,253623
Fndsa512,verify_chain,5,246683
Fndsa512,verify_chain,5,244951
Fndsa512,verify_chain,5,245129
Fndsa512,verify_chain,5,252309
Fndsa512,verify_chain,5,250486
Fndsa512,verify_chain,5,265950
Fndsa512,verify_chain,5,248848
Fndsa512,verify_chain,5,245725
Fndsa512,verify_chain,5,243385
Fndsa512,verify_chain,5,243720
Fndsa512,verify_chain,5,242548
Fndsa512,verify_chain,5,260449
Fndsa512,verify_chain,5,255495
Fndsa512,verify_chain,5,245910
Fndsa512,verify_chain,5,242273
Fndsa512,verify_chain,5,262546
Fndsa512,verify_chain,5,240622
Fndsa512,verify_chain,5,243839
Fndsa512,verify_chain,5,242183
Fndsa512,verify_chain,5,243915
Fndsa512,verify_chain,5,275443
Fndsa512,verify_chain,5,252481
Fndsa512,verify_chain,5,246446
Fndsa512,verify_chain,5,246501
Fndsa512,verify_chain,5,245018
Fndsa512,verify_chain,5,243080
Fndsa512,verify_chain,5,244384
Fndsa512,verify_chain,5,254045
Fndsa512,verify_chain,5,250077
Fndsa512,verify_chain,5,245598
Fndsa512,verify_chain,5,244279
Fndsa512,verify_chain,5,247425
Fndsa512,verify_chain,5,245271
Fndsa512,verify_chain,5,366154
Fndsa512,verify_chain,5,271373
Fndsa512,verify_chain,5,256375
Fndsa512,verify_chain,5,274840
Fndsa512,verify_chain,5,252573
Fndsa512,verify_chain,5,391259
Fndsa512,verify_chain,5,277636
Fndsa512,verify_chain,5,249018
Fndsa512,verify_chain,5,251926
Fndsa512,verify_chain,5,245211
Fndsa512,verify_chain,5,246580
Fndsa512,verify_chain,5,247694
Fndsa512,verify_chain,5,244219
Fndsa512,verify_chain,5,254633
Fndsa512,verify_chain,5,246497
Fndsa512,verify_chain,5,242709
Fndsa512,verify_chain,5,241972
Fndsa512,verify_chain,5,243474
Fndsa512,verify_chain,5,245010
Fndsa512,verify_chain,5,260815
Fndsa512,verify_chain,5,254796
Fndsa512,verify_chain,5,246707
Fndsa512,verify_chain,5,245131
Fndsa512,verify_chain,5,246939
Fndsa512,verify_chain,5,244998
Fndsa512,verify_chain,5,243222
Fndsa512,verify_chain,5,242694
Fndsa512,verify_chain,5,242051
Fndsa512,verify_chain,5,241431
Fndsa512,verify_chain,5,251297
Fndsa512,verify_chain,5,252225
Fndsa512,verify_chain,5,249648
Fndsa512,verify_chain,5,245121
Fndsa512,verify_chain,5,242622
Fndsa512,verify_chain,5,271940
Fndsa512,verify_chain,5,247764
Fndsa512,verify_chain,5,242939
Fndsa512,verify_chain,5,252650
Fndsa512,verify_chain,5,250479
Fndsa512,verify_chain,10,435401
Fndsa512,verify_chain,10,441032
Fndsa512,verify_chain,10,438515
Fndsa512,verify_chain,10,432568
Fndsa512,verify_chain,10,447352
Fndsa512,verify_chain,10,437281
Fndsa512,verify_chain,10,477768
Fndsa512,verify_chain,10,434868
Fndsa512,verify_chain,10,444514
Fndsa512,verify_chain,10,432133
Fndsa512,verify_chain,10,431910
Fndsa512,verify_chain,10,430750
Fndsa512,verify_chain,10,442966
Fndsa512,verify_chain,10,436849
Fndsa512,verify_chain,10,447274
Fndsa512,verify_chain,10,439419
Fndsa512,verify_chain,10,442302
Fndsa512,verify_chain,10,441081
Fndsa512,verify_chain,10,434563
Fndsa512,verify_chain,10,434192
Fndsa512,verify_chain,10,431226
Fndsa512,verify_chain,10,439389
Fndsa512,verify_chain,10,433747
Fndsa512,verify_chain,10,447011
Fndsa512,verify_chain,10,443060
Fndsa512,verify_chain,10,435671
Fndsa512,verify_chain,10,507813
Fndsa512,verify_chain,10,585811
Fndsa512,verify_chain,10,464024
Fndsa512,verify_chain,10,439012
Fndsa512,verify_chain,10,441196
Fndsa512,verify_chain,10,544249
Fndsa512,verify_chain,10,485891
Fndsa512,verify_chain,10,438116
Fndsa512,verify_chain,10,448606
Fndsa512,verify_chain,10,439155
Fndsa512,verify_chain,10,465693
Fndsa512,verify_chain,10,433241
Fndsa512,verify_chain,10,432000
Fndsa512,verify_chain,10,444664
Fndsa512,verify_chain,10,433509
Fndsa512,verify_chain,10,439114
Fndsa512,verify_chain,10,435015
Fndsa512,verify_chain,10,443640
Fndsa512,verify_chain,10,444204
Fndsa512,verify_chain,10,435122
Fndsa512,verify_chain,10,454690
Fndsa512,verify_chain,10,431435
Fndsa512,verify_chain,10,444152
Fndsa512,verify_chain,10,433509
Fndsa512,verify_chain,10,439026
Fndsa512,verify_chain,10,434883
Fndsa512,verify_chain,10,442809
Fndsa512,verify_chain,10,435815
Fndsa512,verify_chain,10,432573
Fndsa512,verify_chain,10,434976
Fndsa512,verify_chain,10,447847
Fndsa512,verify_chain,10,457468
Fndsa512,verify_chain,10,448905
Fndsa512,verify_chain,10,437388
Fndsa512,verify_chain,10,433425
Fndsa512,verify_chain,10,437422
Fndsa512,verify_chain,10,449727
Fndsa512,verify_chain,10,431372
Fndsa512,verify_chain,10,440388
Fndsa512,verify_chain,10,711187
Fndsa512,verify_chain,10,433963
Fndsa512,verify_chain,10,425409
Fndsa512,verify_chain,10,514783
Fndsa512,verify_chain,10,508576
Fndsa512,verify_chain,10,441579
Fndsa512,verify_chain,10,433051
Fndsa512,verify_chain,10,431678
Fndsa512,verify_chain,10,502294
Fndsa512,verify_chain,10,438642
Fndsa512,verify_chain,10,429942
Fndsa512,verify_chain,10,428607
Fndsa512,verify_chain,10,442470
Fndsa512,verify_chain,10,426605
Fndsa512,verify_chain,10,431491
Fndsa512,verify_chain,10,423032
Fndsa512,verify_chain,10,424785
Fndsa512,verify_chain,10,433623
Fndsa512,verify_chain,10,426173
Fndsa512,verify_chain,10,424766
Fndsa512,verify_chain,10,421134
Fndsa512,verify_chain,10,453773
Fndsa512,verify_chain,10,424492
Fndsa512,verify_chain,10,424234
Fndsa512,verify_chain,10,424802
Fndsa512,verify_chain,10,434144
Fndsa512,verify_chain,10,447633
Fndsa512,verify_chain,10,427362
Fndsa512,verify_chain,10,422381
Fndsa512,verify_chain,10,429858
Fndsa512,verify_chain,10,437355
Fndsa512,verify_chain,10,420961
Fndsa512,verify_chain,10,425334
Fndsa512,verify_chain,10,425364
Fndsa512,verify_chain,10,428626
Fndsa512,verify_chain,10,425190
Fndsa512,authority_build,2,14071095
Fndsa512,authority_build,2,9621602
Fndsa512,authority_build,2,9767280
Fndsa512,authority_build,2,9624022
Fndsa512,authority_build,2,12266194
Fndsa512,authority_build,2,13303987
Fndsa512,authority_build,2,14380388
Fndsa512,authority_build,2,9777004
Fndsa512,authority_build,2,12440919
Fndsa512,authority_build,2,9576848
Fndsa512,authority_build,2,11394797
Fndsa512,authority_build,2,12387665
Fndsa512,authority_build,2,10498136
Fndsa512,authority_build,2,10714585
Fndsa512,authority_build,2,14727440
Fndsa512,authority_build,2,17929684
Fndsa512,authority_build,2,13161425
Fndsa512,authority_build,2,13390467
Fndsa512,authority_build,2,18488237
Fndsa512,authority_build,2,10131537
Fndsa512,authority_build,2,9832040
Fndsa512,authority_build,2,15015848
Fndsa512,authority_build,2,11320494
Fndsa512,authority_build,2,14859441
Fndsa512,authority_build,2,10572517
Fndsa512,authority_build,2,9457227
Fndsa512,authority_build,2,16181771
Fndsa512,authority_build,2,10661370
Fndsa512,authority_build,2,17420061
Fndsa512,authority_build,2,28286175
Fndsa512,authority_build,2,11844557
Fndsa512,authority_build,2,10714266
Fndsa512,authority_build,2,13636608
Fndsa512,authority_build,2,11972794
Fndsa512,authority_build,2,11083981
Fndsa512,authority_build,2,12874280
Fndsa512,authority_build,2,17411429
Fndsa512,authority_build,2,15982373
Fndsa512,authority_build,2,9774099
Fndsa512,authority_build,2,11909055
Fndsa512,authority_build,2,11603348
Fndsa512,authority_build,2,10875565
Fndsa512,authority_build,2,14124942
Fndsa512,authority_build,2,10567036
Fndsa512,authority_build,2,18698025
Fndsa512,authority_build,2,11402879
Fndsa512,authority_build,2,22926282
Fndsa512,authority_build,2,11554667
Fndsa512,authority_build,2,11720129
Fndsa512,authority_build,2,20862577
Fndsa512,authority_build,2,17202556
Fndsa512,authority_build,2,9997633
Fndsa512,authority_build,2,12190350
Fndsa512,authority_build,2,14242495
Fndsa512,authority_build,2,15837736
Fndsa512,authority_build,2,17537390
Fndsa512,authority_build,2,11833357
Fndsa512,authority_build,2,10462401
Fndsa512,authority_build,2,14607840
Fndsa512,authority_build,2,12489711
Fndsa512,authority_build,2,9750870
Fndsa512,authority_build,2,11290634
Fndsa512,authority_build,2,10602371
Fndsa512,authority_build,2,10673492
Fndsa512,authority_build,2,17676264
Fndsa512,authority_build,2,11084042
Fndsa512,authority_build,2,9709417
Fndsa512,authority_build,2,10986053
Fndsa512,authority_build,2,9637718
Fndsa512,authority_build,2,9813733
Fndsa512,authority_build,2,14903825
Fndsa512,authority_build,2,11830452
Fndsa512,authority_build,2,10804646
Fndsa512,authority_build,2,12352964
Fndsa512,authority_build,2,10284973
Fndsa512,authority_build,2,25787748
Fndsa512,authority_build,2,11711064
Fndsa512,authority_build,2,14234106
Fndsa512,authority_build,2,14807541
Fndsa512,authority_build,2,13471858
Fndsa512,authority_build,2,10950028
Fndsa512,authority_build,2,17211863
Fndsa512,authority_build,2,11352945
Fndsa512,authority_build,2,9627439
Fndsa512,authority_build,2,9727724
Fndsa512,authority_build,2,12894440
Fndsa512,authority_build,2,10420024
Fndsa512,authority_build,2,11298243
Fndsa512,authority_build,2,9720592
Fndsa512,authority_build,2,15589657
Fndsa512,authority_build,2,12279555
Fndsa512,authority_build,2,17527248
Fndsa512,authority_build,2,10029689
Fndsa512,authority_build,2,10217745
Fndsa512,authority_build,2,10575495
Fndsa512,authority_build,2,10985978
Fndsa512,authority_build,2,16620488
Fndsa512,authority_build,2,15199050
Fndsa512,authority_build,2,12605216
Fndsa512,authority_build,2,13331651
Fndsa512,authority_build,2,15005060
Fndsa512,append_hop,2,15074352
Fndsa512,append_hop,2,13009425
Fndsa512,append_hop,2,15096227
Fndsa512,append_hop,2,25524470
Fndsa512,append_hop,2,19308656
Fndsa512,append_hop,2,11064697
Fndsa512,append_hop,2,12897141
Fndsa512,append_hop,2,14359969
Fndsa512,append_hop,2,10019948
Fndsa512,append_hop,2,10510227
Fndsa512,append_hop,2,11295910
Fndsa512,append_hop,2,9968018
Fndsa512,append_hop,2,17651781
Fndsa512,append_hop,2,10148315
Fndsa512,append_hop,2,12533833
Fndsa512,append_hop,2,9952490
Fndsa512,append_hop,2,13434127
Fndsa512,append_hop,2,14149261
Fndsa512,append_hop,2,13951889
Fndsa512,append_hop,2,10673501
Fndsa512,append_hop,2,17073124
Fndsa512,append_hop,2,10526590
Fndsa512,append_hop,2,10373677
Fndsa512,append_hop,2,15766843
Fndsa512,append_hop,2,10552598
Fndsa512,append_hop,2,10387311
Fndsa512,append_hop,2,13823610
Fndsa512,append_hop,2,12694986
Fndsa512,append_hop,2,13766649
Fndsa512,append_hop,2,21484335
Fndsa512,append_hop,2,10489136
Fndsa512,append_hop,2,12073498
Fndsa512,append_hop,2,21048385
Fndsa512,append_hop,2,12735032
Fndsa512,append_hop,2,22716949
Fndsa512,append_hop,2,10642176
Fndsa512,append_hop,2,13848062
Fndsa512,append_hop,2,14808220
Fndsa512,append_hop,2,12276363
Fndsa512,append_hop,2,9691658
Fndsa512,append_hop,2,10389747
Fndsa512,append_hop,2,11918803
Fndsa512,append_hop,2,14435419
Fndsa512,append_hop,2,13970061
Fndsa512,append_hop,2,15838095
Fndsa512,append_hop,2,10778928
Fndsa512,append_hop,2,20298779
Fndsa512,append_hop,2,15498158
Fndsa512,append_hop,2,14228161
Fndsa512,append_hop,2,10154282
Fndsa512,append_hop,2,13343232
Fndsa512,append_hop,2,14411317
Fndsa512,append_hop,2,17526031
Fndsa512,append_hop,2,14408360
Fndsa512,append_hop,2,17555145
Fndsa512,append_hop,2,14222865
Fndsa512,append_hop,2,15764149
Fndsa512,append_hop,2,10061160
Fndsa512,append_hop,2,11361136
Fndsa512,append_hop,2,11932450
Fndsa512,append_hop,2,10810328
Fndsa512,append_hop,2,9589148
Fndsa512,append_hop,2,15791411
Fndsa512,append_hop,2,10431345
Fndsa512,append_hop,2,13284747
Fndsa512,append_hop,2,12642712
Fndsa512,append_hop,2,13381798
Fndsa512,append_hop,2,16601457
Fndsa512,append_hop,2,9854895
Fndsa512,append_hop,2,12125590
Fndsa512,append_hop,2,12921296
Fndsa512,append_hop,2,10844282
Fndsa512,append_hop,2,13342925
Fndsa512,append_hop,2,11543724
Fndsa512,append_hop,2,13690829
Fndsa512,append_hop,2,10807878
Fndsa512,append_hop,2,11819552
Fndsa512,append_hop,2,12501162
Fndsa512,append_hop,2,9665420
Fndsa512,append_hop,2,14075259
Fndsa512,append_hop,2,11468071
Fndsa512,append_hop,2,15964279
Fndsa512,append_hop,2,11876847
Fndsa512,append_hop,2,9947929
Fndsa512,append_hop,2,9803594
Fndsa512,append_hop,2,11976634
Fndsa512,append_hop,2,13630629
Fndsa512,append_hop,2,9786373
Fndsa512,append_hop,2,13862152
Fndsa512,append_hop,2,9724160
Fndsa512,append_hop,2,12817884
Fndsa512,append_hop,2,10157979
Fndsa512,append_hop,2,12979579
Fndsa512,append_hop,2,13651948
Fndsa512,append_hop,2,11957651
Fndsa512,append_hop,2,10533013
Fndsa512,append_hop,2,11878348
Fndsa512,append_hop,2,11277015
Fndsa512,append_hop,2,18222880
Fndsa512,append_hop,2,9888270
Fndsa512,append_hop,2,16656335
Fndsa512,seal,2,2794222
Fndsa512,seal,2,2750752
Fndsa512,seal,2,2808707
Fndsa512,seal,2,2803454
Fndsa512,seal,2,2816200
Fndsa512,seal,2,2791034
Fndsa512,seal,2,2854096
Fndsa512,seal,2,2849211
Fndsa512,seal,2,2835881
Fndsa512,seal,2,2862704
Fndsa512,seal,2,2834772
Fndsa512,seal,2,2840496
Fndsa512,seal,2,2850441
Fndsa512,seal,2,2864755
Fndsa512,seal,2,2971130
Fndsa512,seal,2,2883361
Fndsa512,seal,2,2839117
Fndsa512,seal,2,2871864
Fndsa512,seal,2,2822497
Fndsa512,seal,2,2845820
Fndsa512,seal,2,2844065
Fndsa512,seal,2,2807146
Fndsa512,seal,2,2817641
Fndsa512,seal,2,2824744
Fndsa512,seal,2,2835164
Fndsa512,seal,2,2809177
Fndsa512,seal,2,2821473
Fndsa512,seal,2,2809610
Fndsa512,seal,2,2831315
Fndsa512,seal,2,2820636
Fndsa512,seal,2,3031468
Fndsa512,seal,2,2879722
Fndsa512,seal,2,2852358
Fndsa512,seal,2,2810398
Fndsa512,seal,2,2866440
Fndsa512,seal,2,2816679
Fndsa512,seal,2,3048875
Fndsa512,seal,2,2888078
Fndsa512,seal,2,2854175
Fndsa512,seal,2,2813116
Fndsa512,seal,2,2845186
Fndsa512,seal,2,2844280
Fndsa512,seal,2,2864082
Fndsa512,seal,2,2941825
Fndsa512,seal,2,2830196
Fndsa512,seal,2,2806145
Fndsa512,seal,2,2837577
Fndsa512,seal,2,2841148
Fndsa512,seal,2,2905380
Fndsa512,seal,2,2890288
Fndsa512,seal,2,2821381
Fndsa512,seal,2,2823020
Fndsa512,seal,2,2810785
Fndsa512,seal,2,2829390
Fndsa512,seal,2,2831513
Fndsa512,seal,2,2773351
Fndsa512,seal,2,2685925
Fndsa512,seal,2,2702887
Fndsa512,seal,2,2733189
Fndsa512,seal,2,2722168
Fndsa512,seal,2,2833504
Fndsa512,seal,2,2745658
Fndsa512,seal,2,2747846
Fndsa512,seal,2,2791356
Fndsa512,seal,2,2711440
Fndsa512,seal,2,2710647
Fndsa512,seal,2,2772409
Fndsa512,seal,2,2744857
Fndsa512,seal,2,2744497
Fndsa512,seal,2,2768463
Fndsa512,seal,2,2837057
Fndsa512,seal,2,2749707
Fndsa512,seal,2,2754185
Fndsa512,seal,2,2694758
Fndsa512,seal,2,2754298
Fndsa512,seal,2,2685321
Fndsa512,seal,2,2712779
Fndsa512,seal,2,2687602
Fndsa512,seal,2,2753206
Fndsa512,seal,2,2730132
Fndsa512,seal,2,2762359
Fndsa512,seal,2,2749302
Fndsa512,seal,2,2799359
Fndsa512,seal,2,2779007
Fndsa512,seal,2,2750448
Fndsa512,seal,2,2729731
Fndsa512,seal,2,2761683
Fndsa512,seal,2,2832724
Fndsa512,seal,2,2735239
Fndsa512,seal,2,2756301
Fndsa512,seal,2,2784580
Fndsa512,seal,2,2751240
Fndsa512,seal,2,2765248
Fndsa512,seal,2,2740897
Fndsa512,seal,2,2679683
Fndsa512,seal,2,2681224
Fndsa512,seal,2,3074462
Fndsa512,seal,2,2793491
Fndsa512,seal,2,2777075
Fndsa512,seal,2,2710989
Fndsa512,seal,2,2727173
Fndsa512,verify_n2,2,131415
Fndsa512,verify_n2,2,128758
Fndsa512,verify_n2,2,128523
Fndsa512,verify_n2,2,128066
Fndsa512,verify_n2,2,128819
Fndsa512,verify_n2,2,128817
Fndsa512,verify_n2,2,128853
Fndsa512,verify_n2,2,127417
Fndsa512,verify_n2,2,128293
Fndsa512,verify_n2,2,128423
Fndsa512,verify_n2,2,135342
Fndsa512,verify_n2,2,129640
Fndsa512,verify_n2,2,127561
Fndsa512,verify_n2,2,135777
Fndsa512,verify_n2,2,129642
Fndsa512,verify_n2,2,129056
Fndsa512,verify_n2,2,128525
Fndsa512,verify_n2,2,128089
Fndsa512,verify_n2,2,128447
Fndsa512,verify_n2,2,127519
Fndsa512,verify_n2,2,127407
Fndsa512,verify_n2,2,129757
Fndsa512,verify_n2,2,132740
Fndsa512,verify_n2,2,132112
Fndsa512,verify_n2,2,130312
Fndsa512,verify_n2,2,128690
Fndsa512,verify_n2,2,138831
Fndsa512,verify_n2,2,132135
Fndsa512,verify_n2,2,131863
Fndsa512,verify_n2,2,134624
Fndsa512,verify_n2,2,133963
Fndsa512,verify_n2,2,128711
Fndsa512,verify_n2,2,142122
Fndsa512,verify_n2,2,129788
Fndsa512,verify_n2,2,128363
Fndsa512,verify_n2,2,128153
Fndsa512,verify_n2,2,127640
Fndsa512,verify_n2,2,163389
Fndsa512,verify_n2,2,151867
Fndsa512,verify_n2,2,137001
Fndsa512,verify_n2,2,152031
Fndsa512,verify_n2,2,132120
Fndsa512,verify_n2,2,131287
Fndsa512,verify_n2,2,130354
Fndsa512,verify_n2,2,134278
Fndsa512,verify_n2,2,129446
Fndsa512,verify_n2,2,129398
Fndsa512,verify_n2,2,129743
Fndsa512,verify_n2,2,129237
Fndsa512,verify_n2,2,128622
Fndsa512,verify_n2,2,187754
Fndsa512,verify_n2,2,150105
Fndsa512,verify_n2,2,132655
Fndsa512,verify_n2,2,127470
Fndsa512,verify_n2,2,127111
Fndsa512,verify_n2,2,127730
Fndsa512,verify_n2,2,129175
Fndsa512,verify_n2,2,127465
Fndsa512,verify_n2,2,128770
Fndsa512,verify_n2,2,127130
Fndsa512,verify_n2,2,127104
Fndsa512,verify_n2,2,128159
Fndsa512,verify_n2,2,126948
Fndsa512,verify_n2,2,135537
Fndsa512,verify_n2,2,128293
Fndsa512,verify_n2,2,134866
Fndsa512,verify_n2,2,128511
Fndsa512,verify_n2,2,127917
Fndsa512,verify_n2,2,126341
Fndsa512,verify_n2,2,127667
Fndsa512,verify_n2,2,138907
Fndsa512,verify_n2,2,128133
Fndsa512,verify_n2,2,127247
Fndsa512,verify_n2,2,127092
Fndsa512,verify_n2,2,128174
Fndsa512,verify_n2,2,127271
Fndsa512,verify_n2,2,128104
Fndsa512,verify_n2,2,135316
Fndsa512,verify_n2,2,132902
Fndsa512,verify_n2,2,127432
Fndsa512,verify_n2,2,127218
Fndsa512,verify_n2,2,126949
Fndsa512,verify_n2,2,127808
Fndsa512,verify_n2,2,127034
Fndsa512,verify_n2,2,127217
Fndsa512,verify_n2,2,127942
Fndsa512,verify_n2,2,127014
Fndsa512,verify_n2,2,127845
Fndsa512,verify_n2,2,127989
Fndsa512,verify_n2,2,127471
Fndsa512,verify_n2,2,135746
Fndsa512,verify_n2,2,129698
Fndsa512,verify_n2,2,128512
Fndsa512,verify_n2,2,127869
Fndsa512,verify_n2,2,128382
Fndsa512,verify_n2,2,127620
Fndsa512,verify_n2,2,128382
Fndsa512,verify_n2,2,130553
Fndsa512,verify_n2,2,127827
Fndsa512,verify_n2,2,134343
Fndsa512,verify_n2,2,129705
Fndsa512,authorize,2,10769
Fndsa512,authorize,2,10297
Fndsa512,authorize,2,10215
Fndsa512,authorize,2,9697
Fndsa512,authorize,2,8361
Fndsa512,authorize,2,8483
Fndsa512,authorize,2,8575
Fndsa512,authorize,2,8506
Fndsa512,authorize,2,8561
Fndsa512,authorize,2,8752
Fndsa512,authorize,2,8290
Fndsa512,authorize,2,8365
Fndsa512,authorize,2,8306
Fndsa512,authorize,2,8342
Fndsa512,authorize,2,8249
Fndsa512,authorize,2,8335
Fndsa512,authorize,2,8235
Fndsa512,authorize,2,8475
Fndsa512,authorize,2,8223
Fndsa512,authorize,2,8456
Fndsa512,authorize,2,8612
Fndsa512,authorize,2,8214
Fndsa512,authorize,2,8421
Fndsa512,authorize,2,8381
Fndsa512,authorize,2,8422
Fndsa512,authorize,2,8488
Fndsa512,authorize,2,8320
Fndsa512,authorize,2,8449
Fndsa512,authorize,2,8307
Fndsa512,authorize,2,8402
Fndsa512,authorize,2,8314
Fndsa512,authorize,2,8308
Fndsa512,authorize,2,8241
Fndsa512,authorize,2,17935
Fndsa512,authorize,2,12854
Fndsa512,authorize,2,9802
Fndsa512,authorize,2,8891
Fndsa512,authorize,2,8491
Fndsa512,authorize,2,8539
Fndsa512,authorize,2,8110
Fndsa512,authorize,2,8195
Fndsa512,authorize,2,8462
Fndsa512,authorize,2,8362
Fndsa512,authorize,2,8378
Fndsa512,authorize,2,8198
Fndsa512,authorize,2,8408
Fndsa512,authorize,2,8207
Fndsa512,authorize,2,8907
Fndsa512,authorize,2,8806
Fndsa512,authorize,2,8466
Fndsa512,authorize,2,8427
Fndsa512,authorize,2,8601
Fndsa512,authorize,2,8369
Fndsa512,authorize,2,8177
Fndsa512,authorize,2,8429
Fndsa512,authorize,2,8350
Fndsa512,authorize,2,8487
Fndsa512,authorize,2,8421
Fndsa512,authorize,2,8291
Fndsa512,authorize,2,8344
Fndsa512,authorize,2,8336
Fndsa512,authorize,2,8408
Fndsa512,authorize,2,8410
Fndsa512,authorize,2,8372
Fndsa512,authorize,2,8493
Fndsa512,authorize,2,8362
Fndsa512,authorize,2,8493
Fndsa512,authorize,2,8165
Fndsa512,authorize,2,8197
Fndsa512,authorize,2,8521
Fndsa512,authorize,2,8470
Fndsa512,authorize,2,8505
Fndsa512,authorize,2,8230
Fndsa512,authorize,2,8277
Fndsa512,authorize,2,8316
Fndsa512,authorize,2,8273
Fndsa512,authorize,2,8379
Fndsa512,authorize,2,8257
Fndsa512,authorize,2,8316
Fndsa512,authorize,2,8305
Fndsa512,authorize,2,8418
Fndsa512,authorize,2,8287
Fndsa512,authorize,2,8412
Fndsa512,authorize,2,8362
Fndsa512,authorize,2,8241
Fndsa512,authorize,2,8193
Fndsa512,authorize,2,8419
Fndsa512,authorize,2,8468
Fndsa512,authorize,2,8520
Fndsa512,authorize,2,8466
Fndsa512,authorize,2,8564
Fndsa512,authorize,2,8450
Fndsa512,authorize,2,8473
Fndsa512,authorize,2,8349
Fndsa512,authorize,2,8146
Fndsa512,authorize,2,8241
Fndsa512,authorize,2,8145
Fndsa512,authorize,2,8185
Fndsa512,authorize,2,8569
Fndsa512,authorize,2,8690
Fndsa512,authorize,2,8575
Fndsa1024,verify_chain,0,123597
Fndsa1024,verify_chain,0,123378
Fndsa1024,verify_chain,0,122298
Fndsa1024,verify_chain,0,122826
Fndsa1024,verify_chain,0,139782
Fndsa1024,verify_chain,0,124488
Fndsa1024,verify_chain,0,123234
Fndsa1024,verify_chain,0,122927
Fndsa1024,verify_chain,0,123681
Fndsa1024,verify_chain,0,122980
Fndsa1024,verify_chain,0,126914
Fndsa1024,verify_chain,0,123477
Fndsa1024,verify_chain,0,122232
Fndsa1024,verify_chain,0,122621
Fndsa1024,verify_chain,0,122477
Fndsa1024,verify_chain,0,123777
Fndsa1024,verify_chain,0,122751
Fndsa1024,verify_chain,0,121221
Fndsa1024,verify_chain,0,128387
Fndsa1024,verify_chain,0,123659
Fndsa1024,verify_chain,0,122223
Fndsa1024,verify_chain,0,122506
Fndsa1024,verify_chain,0,122363
Fndsa1024,verify_chain,0,122127
Fndsa1024,verify_chain,0,122559
Fndsa1024,verify_chain,0,122496
Fndsa1024,verify_chain,0,122517
Fndsa1024,verify_chain,0,122245
Fndsa1024,verify_chain,0,121352
Fndsa1024,verify_chain,0,121945
Fndsa1024,verify_chain,0,122526
Fndsa1024,verify_chain,0,128016
Fndsa1024,verify_chain,0,122826
Fndsa1024,verify_chain,0,121081
Fndsa1024,verify_chain,0,122712
Fndsa1024,verify_chain,0,128334
Fndsa1024,verify_chain,0,122722
Fndsa1024,verify_chain,0,122977
Fndsa1024,verify_chain,0,122609
Fndsa1024,verify_chain,0,122768
Fndsa1024,verify_chain,0,122836
Fndsa1024,verify_chain,0,121888
Fndsa1024,verify_chain,0,121708
Fndsa1024,verify_chain,0,121789
Fndsa1024,verify_chain,0,123818
Fndsa1024,verify_chain,0,129403
Fndsa1024,verify_chain,0,123664
Fndsa1024,verify_chain,0,121639
Fndsa1024,verify_chain,0,123423
Fndsa1024,verify_chain,0,123297
Fndsa1024,verify_chain,0,125434
Fndsa1024,verify_chain,0,128446
Fndsa1024,verify_chain,0,139525
Fndsa1024,verify_chain,0,127944
Fndsa1024,verify_chain,0,124257
Fndsa1024,verify_chain,0,121873
Fndsa1024,verify_chain,0,120185
Fndsa1024,verify_chain,0,120330
Fndsa1024,verify_chain,0,119656
Fndsa1024,verify_chain,0,120273
Fndsa1024,verify_chain,0,121385
Fndsa1024,verify_chain,0,120215
Fndsa1024,verify_chain,0,121289
Fndsa1024,verify_chain,0,125463
Fndsa1024,verify_chain,0,122416
Fndsa1024,verify_chain,0,122375
Fndsa1024,verify_chain,0,120147
Fndsa1024,verify_chain,0,126402
Fndsa1024,verify_chain,0,124244
Fndsa1024,verify_chain,0,124801
Fndsa1024,verify_chain,0,128097
Fndsa1024,verify_chain,0,124596
Fndsa1024,verify_chain,0,139170
Fndsa1024,verify_chain,0,125692
Fndsa1024,verify_chain,0,125109
Fndsa1024,verify_chain,0,128109
Fndsa1024,verify_chain,0,129293
Fndsa1024,verify_chain,0,128100
Fndsa1024,verify_chain,0,126707
Fndsa1024,verify_chain,0,124714
Fndsa1024,verify_chain,0,128701
Fndsa1024,verify_chain,0,127109
Fndsa1024,verify_chain,0,123573
Fndsa1024,verify_chain,0,129236
Fndsa1024,verify_chain,0,122328
Fndsa1024,verify_chain,0,123673
Fndsa1024,verify_chain,0,123477
Fndsa1024,verify_chain,0,122581
Fndsa1024,verify_chain,0,122564
Fndsa1024,verify_chain,0,122629
Fndsa1024,verify_chain,0,123031
Fndsa1024,verify_chain,0,122941
Fndsa1024,verify_chain,0,121428
Fndsa1024,verify_chain,0,120436
Fndsa1024,verify_chain,0,121700
Fndsa1024,verify_chain,0,143067
Fndsa1024,verify_chain,0,123414
Fndsa1024,verify_chain,0,128321
Fndsa1024,verify_chain,0,124897
Fndsa1024,verify_chain,0,122645
Fndsa1024,verify_chain,0,124668
Fndsa1024,verify_chain,1,189244
Fndsa1024,verify_chain,1,223927
Fndsa1024,verify_chain,1,196959
Fndsa1024,verify_chain,1,190965
Fndsa1024,verify_chain,1,189712
Fndsa1024,verify_chain,1,189290
Fndsa1024,verify_chain,1,188227
Fndsa1024,verify_chain,1,189461
Fndsa1024,verify_chain,1,190626
Fndsa1024,verify_chain,1,189703
Fndsa1024,verify_chain,1,188650
Fndsa1024,verify_chain,1,194853
Fndsa1024,verify_chain,1,200878
Fndsa1024,verify_chain,1,188990
Fndsa1024,verify_chain,1,187259
Fndsa1024,verify_chain,1,188376
Fndsa1024,verify_chain,1,189302
Fndsa1024,verify_chain,1,189410
Fndsa1024,verify_chain,1,192937
Fndsa1024,verify_chain,1,188802
Fndsa1024,verify_chain,1,192631
Fndsa1024,verify_chain,1,425408
Fndsa1024,verify_chain,1,448163
Fndsa1024,verify_chain,1,219068
Fndsa1024,verify_chain,1,202301
Fndsa1024,verify_chain,1,196245
Fndsa1024,verify_chain,1,196060
Fndsa1024,verify_chain,1,193229
Fndsa1024,verify_chain,1,193953
Fndsa1024,verify_chain,1,193553
Fndsa1024,verify_chain,1,192444
Fndsa1024,verify_chain,1,228020
Fndsa1024,verify_chain,1,203121
Fndsa1024,verify_chain,1,193398
Fndsa1024,verify_chain,1,192110
Fndsa1024,verify_chain,1,192395
Fndsa1024,verify_chain,1,193644
Fndsa1024,verify_chain,1,191509
Fndsa1024,verify_chain,1,189644
Fndsa1024,verify_chain,1,202320
Fndsa1024,verify_chain,1,206104
Fndsa1024,verify_chain,1,193736
Fndsa1024,verify_chain,1,190676
Fndsa1024,verify_chain,1,189580
Fndsa1024,verify_chain,1,190131
Fndsa1024,verify_chain,1,189104
Fndsa1024,verify_chain,1,187111
Fndsa1024,verify_chain,1,185765
Fndsa1024,verify_chain,1,187742
Fndsa1024,verify_chain,1,189682
Fndsa1024,verify_chain,1,197000
Fndsa1024,verify_chain,1,191510
Fndsa1024,verify_chain,1,192066
Fndsa1024,verify_chain,1,187934
Fndsa1024,verify_chain,1,186748
Fndsa1024,verify_chain,1,186965
Fndsa1024,verify_chain,1,186826
Fndsa1024,verify_chain,1,186896
Fndsa1024,verify_chain,1,187197
Fndsa1024,verify_chain,1,254509
Fndsa1024,verify_chain,1,219241
Fndsa1024,verify_chain,1,195302
Fndsa1024,verify_chain,1,191728
Fndsa1024,verify_chain,1,200420
Fndsa1024,verify_chain,1,191557
Fndsa1024,verify_chain,1,189370
Fndsa1024,verify_chain,1,190249
Fndsa1024,verify_chain,1,243160
Fndsa1024,verify_chain,1,196942
Fndsa1024,verify_chain,1,194860
Fndsa1024,verify_chain,1,189496
Fndsa1024,verify_chain,1,189146
Fndsa1024,verify_chain,1,188830
Fndsa1024,verify_chain,1,187721
Fndsa1024,verify_chain,1,185910
Fndsa1024,verify_chain,1,186256
Fndsa1024,verify_chain,1,194056
Fndsa1024,verify_chain,1,189060
Fndsa1024,verify_chain,1,187891
Fndsa1024,verify_chain,1,185180
Fndsa1024,verify_chain,1,189432
Fndsa1024,verify_chain,1,201100
Fndsa1024,verify_chain,1,189646
Fndsa1024,verify_chain,1,186490
Fndsa1024,verify_chain,1,189780
Fndsa1024,verify_chain,1,189586
Fndsa1024,verify_chain,1,185338
Fndsa1024,verify_chain,1,193952
Fndsa1024,verify_chain,1,187696
Fndsa1024,verify_chain,1,186905
Fndsa1024,verify_chain,1,188669
Fndsa1024,verify_chain,1,189665
Fndsa1024,verify_chain,1,189240
Fndsa1024,verify_chain,1,188644
Fndsa1024,verify_chain,1,189276
Fndsa1024,verify_chain,1,188104
Fndsa1024,verify_chain,1,187049
Fndsa1024,verify_chain,1,194852
Fndsa1024,verify_chain,1,190045
Fndsa1024,verify_chain,1,188002
Fndsa1024,verify_chain,1,185497
Fndsa1024,verify_chain,2,268684
Fndsa1024,verify_chain,2,260916
Fndsa1024,verify_chain,2,269891
Fndsa1024,verify_chain,2,261378
Fndsa1024,verify_chain,2,259983
Fndsa1024,verify_chain,2,265724
Fndsa1024,verify_chain,2,260420
Fndsa1024,verify_chain,2,270359
Fndsa1024,verify_chain,2,272212
Fndsa1024,verify_chain,2,273407
Fndsa1024,verify_chain,2,267655
Fndsa1024,verify_chain,2,265806
Fndsa1024,verify_chain,2,267362
Fndsa1024,verify_chain,2,263249
Fndsa1024,verify_chain,2,257103
Fndsa1024,verify_chain,2,260593
Fndsa1024,verify_chain,2,270828
Fndsa1024,verify_chain,2,279455
Fndsa1024,verify_chain,2,260304
Fndsa1024,verify_chain,2,261796
Fndsa1024,verify_chain,2,268754
Fndsa1024,verify_chain,2,257479
Fndsa1024,verify_chain,2,257308
Fndsa1024,verify_chain,2,296974
Fndsa1024,verify_chain,2,260356
Fndsa1024,verify_chain,2,257843
Fndsa1024,verify_chain,2,260443
Fndsa1024,verify_chain,2,260242
Fndsa1024,verify_chain,2,257450
Fndsa1024,verify_chain,2,258360
Fndsa1024,verify_chain,2,261446
Fndsa1024,verify_chain,2,266965
Fndsa1024,verify_chain,2,261915
Fndsa1024,verify_chain,2,258407
Fndsa1024,verify_chain,2,266626
Fndsa1024,verify_chain,2,266278
Fndsa1024,verify_chain,2,258649
Fndsa1024,verify_chain,2,262531
Fndsa1024,verify_chain,2,270370
Fndsa1024,verify_chain,2,264967
Fndsa1024,verify_chain,2,262013
Fndsa1024,verify_chain,2,277136
Fndsa1024,verify_chain,2,259260
Fndsa1024,verify_chain,2,258227
Fndsa1024,verify_chain,2,267219
Fndsa1024,verify_chain,2,259734
Fndsa1024,verify_chain,2,262984
Fndsa1024,verify_chain,2,256337
Fndsa1024,verify_chain,2,259326
Fndsa1024,verify_chain,2,259089
Fndsa1024,verify_chain,2,265571
Fndsa1024,verify_chain,2,271672
Fndsa1024,verify_chain,2,259654
Fndsa1024,verify_chain,2,260506
Fndsa1024,verify_chain,2,257575
Fndsa1024,verify_chain,2,256551
Fndsa1024,verify_chain,2,257980
Fndsa1024,verify_chain,2,260347
Fndsa1024,verify_chain,2,265152
Fndsa1024,verify_chain,2,259915
Fndsa1024,verify_chain,2,259370
Fndsa1024,verify_chain,2,275995
Fndsa1024,verify_chain,2,259353
Fndsa1024,verify_chain,2,259066
Fndsa1024,verify_chain,2,257869
Fndsa1024,verify_chain,2,267786
Fndsa1024,verify_chain,2,284726
Fndsa1024,verify_chain,2,259856
Fndsa1024,verify_chain,2,267154
Fndsa1024,verify_chain,2,261388
Fndsa1024,verify_chain,2,260926
Fndsa1024,verify_chain,2,257596
Fndsa1024,verify_chain,2,259441
Fndsa1024,verify_chain,2,265662
Fndsa1024,verify_chain,2,259493
Fndsa1024,verify_chain,2,259661
Fndsa1024,verify_chain,2,261425
Fndsa1024,verify_chain,2,256961
Fndsa1024,verify_chain,2,258030
Fndsa1024,verify_chain,2,267943
Fndsa1024,verify_chain,2,262776
Fndsa1024,verify_chain,2,268285
Fndsa1024,verify_chain,2,258195
Fndsa1024,verify_chain,2,259271
Fndsa1024,verify_chain,2,278513
Fndsa1024,verify_chain,2,267126
Fndsa1024,verify_chain,2,261070
Fndsa1024,verify_chain,2,267582
Fndsa1024,verify_chain,2,258625
Fndsa1024,verify_chain,2,257404
Fndsa1024,verify_chain,2,258310
Fndsa1024,verify_chain,2,257401
Fndsa1024,verify_chain,2,257373
Fndsa1024,verify_chain,2,258769
Fndsa1024,verify_chain,2,257159
Fndsa1024,verify_chain,2,268973
Fndsa1024,verify_chain,2,263199
Fndsa1024,verify_chain,2,258436
Fndsa1024,verify_chain,2,258977
Fndsa1024,verify_chain,2,259428
Fndsa1024,verify_chain,2,257894
Fndsa1024,verify_chain,5,471809
Fndsa1024,verify_chain,5,463098
Fndsa1024,verify_chain,5,469668
Fndsa1024,verify_chain,5,498038
Fndsa1024,verify_chain,5,464888
Fndsa1024,verify_chain,5,470973
Fndsa1024,verify_chain,5,466005
Fndsa1024,verify_chain,5,460566
Fndsa1024,verify_chain,5,469639
Fndsa1024,verify_chain,5,458677
Fndsa1024,verify_chain,5,466115
Fndsa1024,verify_chain,5,468814
Fndsa1024,verify_chain,5,500917
Fndsa1024,verify_chain,5,478905
Fndsa1024,verify_chain,5,479926
Fndsa1024,verify_chain,5,472048
Fndsa1024,verify_chain,5,473073
Fndsa1024,verify_chain,5,480113
Fndsa1024,verify_chain,5,487407
Fndsa1024,verify_chain,5,484935
Fndsa1024,verify_chain,5,488954
Fndsa1024,verify_chain,5,485706
Fndsa1024,verify_chain,5,476634
Fndsa1024,verify_chain,5,472587
Fndsa1024,verify_chain,5,487268
Fndsa1024,verify_chain,5,466035
Fndsa1024,verify_chain,5,468579
Fndsa1024,verify_chain,5,477574
Fndsa1024,verify_chain,5,468948
Fndsa1024,verify_chain,5,481052
Fndsa1024,verify_chain,5,469570
Fndsa1024,verify_chain,5,502614
Fndsa1024,verify_chain,5,483375
Fndsa1024,verify_chain,5,481535
Fndsa1024,verify_chain,5,474310
Fndsa1024,verify_chain,5,477084
Fndsa1024,verify_chain,5,474946
Fndsa1024,verify_chain,5,478013
Fndsa1024,verify_chain,5,467596
Fndsa1024,verify_chain,5,471545
Fndsa1024,verify_chain,5,501094
Fndsa1024,verify_chain,5,466654
Fndsa1024,verify_chain,5,465601
Fndsa1024,verify_chain,5,474449
Fndsa1024,verify_chain,5,499556
Fndsa1024,verify_chain,5,465357
Fndsa1024,verify_chain,5,467161
Fndsa1024,verify_chain,5,464574
Fndsa1024,verify_chain,5,484859
Fndsa1024,verify_chain,5,482569
Fndsa1024,verify_chain,5,460310
Fndsa1024,verify_chain,5,455867
Fndsa1024,verify_chain,5,499960
Fndsa1024,verify_chain,5,482109
Fndsa1024,verify_chain,5,483984
Fndsa1024,verify_chain,5,484727
Fndsa1024,verify_chain,5,478650
Fndsa1024,verify_chain,5,464491
Fndsa1024,verify_chain,5,475716
Fndsa1024,verify_chain,5,456504
Fndsa1024,verify_chain,5,476415
Fndsa1024,verify_chain,5,474928
Fndsa1024,verify_chain,5,458206
Fndsa1024,verify_chain,5,457031
Fndsa1024,verify_chain,5,464222
Fndsa1024,verify_chain,5,456782
Fndsa1024,verify_chain,5,454598
Fndsa1024,verify_chain,5,455380
Fndsa1024,verify_chain,5,469224
Fndsa1024,verify_chain,5,469813
Fndsa1024,verify_chain,5,467402
Fndsa1024,verify_chain,5,457040
Fndsa1024,verify_chain,5,469355
Fndsa1024,verify_chain,5,456652
Fndsa1024,verify_chain,5,456681
Fndsa1024,verify_chain,5,454420
Fndsa1024,verify_chain,5,470800
Fndsa1024,verify_chain,5,455966
Fndsa1024,verify_chain,5,465949
Fndsa1024,verify_chain,5,469792
Fndsa1024,verify_chain,5,476129
Fndsa1024,verify_chain,5,491614
Fndsa1024,verify_chain,5,457704
Fndsa1024,verify_chain,5,457159
Fndsa1024,verify_chain,5,480333
Fndsa1024,verify_chain,5,480749
Fndsa1024,verify_chain,5,465119
Fndsa1024,verify_chain,5,466744
Fndsa1024,verify_chain,5,484763
Fndsa1024,verify_chain,5,498671
Fndsa1024,verify_chain,5,474492
Fndsa1024,verify_chain,5,599076
Fndsa1024,verify_chain,5,462900
Fndsa1024,verify_chain,5,479009
Fndsa1024,verify_chain,5,488591
Fndsa1024,verify_chain,5,456130
Fndsa1024,verify_chain,5,457259
Fndsa1024,verify_chain,5,471362
Fndsa1024,verify_chain,5,483911
Fndsa1024,verify_chain,5,473430
Fndsa1024,verify_chain,5,486893
Fndsa1024,verify_chain,10,885780
Fndsa1024,verify_chain,10,860947
Fndsa1024,verify_chain,10,851789
Fndsa1024,verify_chain,10,857132
Fndsa1024,verify_chain,10,843573
Fndsa1024,verify_chain,10,848778
Fndsa1024,verify_chain,10,856174
Fndsa1024,verify_chain,10,854632
Fndsa1024,verify_chain,10,876603
Fndsa1024,verify_chain,10,845992
Fndsa1024,verify_chain,10,974337
Fndsa1024,verify_chain,10,866942
Fndsa1024,verify_chain,10,841199
Fndsa1024,verify_chain,10,837771
Fndsa1024,verify_chain,10,841407
Fndsa1024,verify_chain,10,840999
Fndsa1024,verify_chain,10,869383
Fndsa1024,verify_chain,10,857319
Fndsa1024,verify_chain,10,869567
Fndsa1024,verify_chain,10,854427
Fndsa1024,verify_chain,10,846889
Fndsa1024,verify_chain,10,855542
Fndsa1024,verify_chain,10,855603
Fndsa1024,verify_chain,10,857983
Fndsa1024,verify_chain,10,837493
Fndsa1024,verify_chain,10,844119
Fndsa1024,verify_chain,10,890149
Fndsa1024,verify_chain,10,852776
Fndsa1024,verify_chain,10,841363
Fndsa1024,verify_chain,10,842251
Fndsa1024,verify_chain,10,832244
Fndsa1024,verify_chain,10,867539
Fndsa1024,verify_chain,10,846029
Fndsa1024,verify_chain,10,850170
Fndsa1024,verify_chain,10,842530
Fndsa1024,verify_chain,10,830275
Fndsa1024,verify_chain,10,869508
Fndsa1024,verify_chain,10,851712
Fndsa1024,verify_chain,10,855025
Fndsa1024,verify_chain,10,828087
Fndsa1024,verify_chain,10,850391
Fndsa1024,verify_chain,10,852764
Fndsa1024,verify_chain,10,850643
Fndsa1024,verify_chain,10,857547
Fndsa1024,verify_chain,10,829006
Fndsa1024,verify_chain,10,861484
Fndsa1024,verify_chain,10,850690
Fndsa1024,verify_chain,10,848080
Fndsa1024,verify_chain,10,838748
Fndsa1024,verify_chain,10,830835
Fndsa1024,verify_chain,10,853489
Fndsa1024,verify_chain,10,852236
Fndsa1024,verify_chain,10,844818
Fndsa1024,verify_chain,10,842430
Fndsa1024,verify_chain,10,845296
Fndsa1024,verify_chain,10,839798
Fndsa1024,verify_chain,10,870369
Fndsa1024,verify_chain,10,864640
Fndsa1024,verify_chain,10,842920
Fndsa1024,verify_chain,10,842974
Fndsa1024,verify_chain,10,981942
Fndsa1024,verify_chain,10,871457
Fndsa1024,verify_chain,10,828308
Fndsa1024,verify_chain,10,833281
Fndsa1024,verify_chain,10,846986
Fndsa1024,verify_chain,10,826492
Fndsa1024,verify_chain,10,835513
Fndsa1024,verify_chain,10,822968
Fndsa1024,verify_chain,10,826457
Fndsa1024,verify_chain,10,859542
Fndsa1024,verify_chain,10,823504
Fndsa1024,verify_chain,10,845432
Fndsa1024,verify_chain,10,835868
Fndsa1024,verify_chain,10,851781
Fndsa1024,verify_chain,10,838348
Fndsa1024,verify_chain,10,840534
Fndsa1024,verify_chain,10,856998
Fndsa1024,verify_chain,10,1056344
Fndsa1024,verify_chain,10,893811
Fndsa1024,verify_chain,10,888041
Fndsa1024,verify_chain,10,851208
Fndsa1024,verify_chain,10,861071
Fndsa1024,verify_chain,10,825244
Fndsa1024,verify_chain,10,869253
Fndsa1024,verify_chain,10,851080
Fndsa1024,verify_chain,10,853002
Fndsa1024,verify_chain,10,860833
Fndsa1024,verify_chain,10,843249
Fndsa1024,verify_chain,10,849722
Fndsa1024,verify_chain,10,858152
Fndsa1024,verify_chain,10,847245
Fndsa1024,verify_chain,10,843527
Fndsa1024,verify_chain,10,857859
Fndsa1024,verify_chain,10,836705
Fndsa1024,verify_chain,10,862761
Fndsa1024,verify_chain,10,972292
Fndsa1024,verify_chain,10,954121
Fndsa1024,verify_chain,10,888926
Fndsa1024,verify_chain,10,886388
Fndsa1024,verify_chain,10,857450
Fndsa1024,verify_chain,10,850688
Fndsa1024,authority_build,2,28872584
Fndsa1024,authority_build,2,26454083
Fndsa1024,authority_build,2,31395847
Fndsa1024,authority_build,2,39703146
Fndsa1024,authority_build,2,32477313
Fndsa1024,authority_build,2,26412235
Fndsa1024,authority_build,2,24825315
Fndsa1024,authority_build,2,44901459
Fndsa1024,authority_build,2,37376965
Fndsa1024,authority_build,2,46532336
Fndsa1024,authority_build,2,26020878
Fndsa1024,authority_build,2,26944736
Fndsa1024,authority_build,2,33900989
Fndsa1024,authority_build,2,26372015
Fndsa1024,authority_build,2,27610147
Fndsa1024,authority_build,2,29405984
Fndsa1024,authority_build,2,45001781
Fndsa1024,authority_build,2,41745541
Fndsa1024,authority_build,2,29432439
Fndsa1024,authority_build,2,27582278
Fndsa1024,authority_build,2,32635018
Fndsa1024,authority_build,2,30242619
Fndsa1024,authority_build,2,25387899
Fndsa1024,authority_build,2,36542127
Fndsa1024,authority_build,2,39203661
Fndsa1024,authority_build,2,32650855
Fndsa1024,authority_build,2,54113371
Fndsa1024,authority_build,2,27011840
Fndsa1024,authority_build,2,24790823
Fndsa1024,authority_build,2,29281194
Fndsa1024,authority_build,2,48542513
Fndsa1024,authority_build,2,53227670
Fndsa1024,authority_build,2,41384052
Fndsa1024,authority_build,2,26852520
Fndsa1024,authority_build,2,24350595
Fndsa1024,authority_build,2,62598169
Fndsa1024,authority_build,2,24595541
Fndsa1024,authority_build,2,25372247
Fndsa1024,authority_build,2,38747787
Fndsa1024,authority_build,2,38881041
Fndsa1024,authority_build,2,38482803
Fndsa1024,authority_build,2,29440445
Fndsa1024,authority_build,2,25960991
Fndsa1024,authority_build,2,27613526
Fndsa1024,authority_build,2,31547473
Fndsa1024,authority_build,2,37221980
Fndsa1024,authority_build,2,28680984
Fndsa1024,authority_build,2,44211317
Fndsa1024,authority_build,2,44305635
Fndsa1024,authority_build,2,28829551
Fndsa1024,authority_build,2,31924498
Fndsa1024,authority_build,2,28985517
Fndsa1024,authority_build,2,28068231
Fndsa1024,authority_build,2,25014536
Fndsa1024,authority_build,2,41788678
Fndsa1024,authority_build,2,57257789
Fndsa1024,authority_build,2,43946596
Fndsa1024,authority_build,2,27384191
Fndsa1024,authority_build,2,25109420
Fndsa1024,authority_build,2,30224040
Fndsa1024,authority_build,2,24403440
Fndsa1024,authority_build,2,35653214
Fndsa1024,authority_build,2,36599709
Fndsa1024,authority_build,2,26716392
Fndsa1024,authority_build,2,30655085
Fndsa1024,authority_build,2,25601283
Fndsa1024,authority_build,2,40173988
Fndsa1024,authority_build,2,30264061
Fndsa1024,authority_build,2,39524279
Fndsa1024,authority_build,2,24499244
Fndsa1024,authority_build,2,28413316
Fndsa1024,authority_build,2,27975851
Fndsa1024,authority_build,2,38824840
Fndsa1024,authority_build,2,27320388
Fndsa1024,authority_build,2,37360690
Fndsa1024,authority_build,2,29611703
Fndsa1024,authority_build,2,24860459
Fndsa1024,authority_build,2,35506204
Fndsa1024,authority_build,2,34174754
Fndsa1024,authority_build,2,24990527
Fndsa1024,authority_build,2,28362399
Fndsa1024,authority_build,2,28308117
Fndsa1024,authority_build,2,28897834
Fndsa1024,authority_build,2,34356468
Fndsa1024,authority_build,2,51474384
Fndsa1024,authority_build,2,35035448
Fndsa1024,authority_build,2,34192758
Fndsa1024,authority_build,2,26095197
Fndsa1024,authority_build,2,48205262
Fndsa1024,authority_build,2,79099281
Fndsa1024,authority_build,2,35207935
Fndsa1024,authority_build,2,40198833
Fndsa1024,authority_build,2,26899449
Fndsa1024,authority_build,2,35198770
Fndsa1024,authority_build,2,37277011
Fndsa1024,authority_build,2,31938042
Fndsa1024,authority_build,2,40335070
Fndsa1024,authority_build,2,28735315
Fndsa1024,authority_build,2,33283409
Fndsa1024,authority_build,2,24585875
Fndsa1024,authority_build,2,26357233
Fndsa1024,append_hop,2,31090467
Fndsa1024,append_hop,2,53292803
Fndsa1024,append_hop,2,28698515
Fndsa1024,append_hop,2,61959875
Fndsa1024,append_hop,2,35385508
Fndsa1024,append_hop,2,25303018
Fndsa1024,append_hop,2,27976706
Fndsa1024,append_hop,2,46389781
Fndsa1024,append_hop,2,67022528
Fndsa1024,append_hop,2,37428042
Fndsa1024,append_hop,2,33951233
Fndsa1024,append_hop,2,42929161
Fndsa1024,append_hop,2,27778480
Fndsa1024,append_hop,2,25113771
Fndsa1024,append_hop,2,27140814
Fndsa1024,append_hop,2,26898627
Fndsa1024,append_hop,2,41520449
Fndsa1024,append_hop,2,32369942
Fndsa1024,append_hop,2,43290289
Fndsa1024,append_hop,2,26086264
Fndsa1024,append_hop,2,53666362
Fndsa1024,append_hop,2,32978106
Fndsa1024,append_hop,2,36698822
Fndsa1024,append_hop,2,24856081
Fndsa1024,append_hop,2,40191950
Fndsa1024,append_hop,2,25404699
Fndsa1024,append_hop,2,26445160
Fndsa1024,append_hop,2,24716264
Fndsa1024,append_hop,2,28071214
Fndsa1024,append_hop,2,32675360
Fndsa1024,append_hop,2,44593275
Fndsa1024,append_hop,2,24814046
Fndsa1024,append_hop,2,34632381
Fndsa1024,append_hop,2,34107226
Fndsa1024,append_hop,2,30302115
Fndsa1024,append_hop,2,29914083
Fndsa1024,append_hop,2,74087464
Fndsa1024,append_hop,2,31775667
Fndsa1024,append_hop,2,32010558
Fndsa1024,append_hop,2,24745065
Fndsa1024,append_hop,2,29068666
Fndsa1024,append_hop,2,25233167
Fndsa1024,append_hop,2,30910676
Fndsa1024,append_hop,2,30386212
Fndsa1024,append_hop,2,51594720
Fndsa1024,append_hop,2,29937087
Fndsa1024,append_hop,2,24705836
Fndsa1024,append_hop,2,34340979
Fndsa1024,append_hop,2,33973395
Fndsa1024,append_hop,2,38724042
Fndsa1024,append_hop,2,65375086
Fndsa1024,append_hop,2,26350617
Fndsa1024,append_hop,2,27975015
Fndsa1024,append_hop,2,60672637
Fndsa1024,append_hop,2,31238227
Fndsa1024,append_hop,2,25955277
Fndsa1024,append_hop,2,30157308
Fndsa1024,append_hop,2,49692376
Fndsa1024,append_hop,2,51385808
Fndsa1024,append_hop,2,28698346
Fndsa1024,append_hop,2,25083928
Fndsa1024,append_hop,2,26895360
Fndsa1024,append_hop,2,26447802
Fndsa1024,append_hop,2,40523842
Fndsa1024,append_hop,2,27954527
Fndsa1024,append_hop,2,25800299
Fndsa1024,append_hop,2,40329451
Fndsa1024,append_hop,2,34213400
Fndsa1024,append_hop,2,39748724
Fndsa1024,append_hop,2,25836692
Fndsa1024,append_hop,2,26066133
Fndsa1024,append_hop,2,69589320
Fndsa1024,append_hop,2,27656178
Fndsa1024,append_hop,2,27430256
Fndsa1024,append_hop,2,27772985
Fndsa1024,append_hop,2,55405801
Fndsa1024,append_hop,2,39086869
Fndsa1024,append_hop,2,25137393
Fndsa1024,append_hop,2,40042326
Fndsa1024,append_hop,2,27439650
Fndsa1024,append_hop,2,25398258
Fndsa1024,append_hop,2,33751868
Fndsa1024,append_hop,2,39028357
Fndsa1024,append_hop,2,25129496
Fndsa1024,append_hop,2,25900581
Fndsa1024,append_hop,2,29809764
Fndsa1024,append_hop,2,28229663
Fndsa1024,append_hop,2,30758868
Fndsa1024,append_hop,2,34978172
Fndsa1024,append_hop,2,25077667
Fndsa1024,append_hop,2,29664813
Fndsa1024,append_hop,2,65783137
Fndsa1024,append_hop,2,30565441
Fndsa1024,append_hop,2,27042505
Fndsa1024,append_hop,2,24080292
Fndsa1024,append_hop,2,32065299
Fndsa1024,append_hop,2,23682517
Fndsa1024,append_hop,2,24557025
Fndsa1024,append_hop,2,51265703
Fndsa1024,append_hop,2,23637113
Fndsa1024,append_hop,2,24867757
Fndsa1024,seal,2,5843046
Fndsa1024,seal,2,5773244
Fndsa1024,seal,2,5723580
Fndsa1024,seal,2,5847056
Fndsa1024,seal,2,5759526
Fndsa1024,seal,2,5754941
Fndsa1024,seal,2,6108904
Fndsa1024,seal,2,5730640
Fndsa1024,seal,2,5677106
Fndsa1024,seal,2,5918721
Fndsa1024,seal,2,5680431
Fndsa1024,seal,2,5817833
Fndsa1024,seal,2,5782427
Fndsa1024,seal,2,5680535
Fndsa1024,seal,2,5746850
Fndsa1024,seal,2,5706667
Fndsa1024,seal,2,5670474
Fndsa1024,seal,2,5915266
Fndsa1024,seal,2,5666288
Fndsa1024,seal,2,5667184
Fndsa1024,seal,2,5847763
Fndsa1024,seal,2,5693361
Fndsa1024,seal,2,5716917
Fndsa1024,seal,2,5739437
Fndsa1024,seal,2,5724122
Fndsa1024,seal,2,5747845
Fndsa1024,seal,2,5792806
Fndsa1024,seal,2,5667583
Fndsa1024,seal,2,5726378
Fndsa1024,seal,2,5659418
Fndsa1024,seal,2,5575047
Fndsa1024,seal,2,5715566
Fndsa1024,seal,2,5675570
Fndsa1024,seal,2,5636632
Fndsa1024,seal,2,5838250
Fndsa1024,seal,2,5818531
Fndsa1024,seal,2,5816142
Fndsa1024,seal,2,5830674
Fndsa1024,seal,2,5805614
Fndsa1024,seal,2,5823680
Fndsa1024,seal,2,5835956
Fndsa1024,seal,2,5809370
Fndsa1024,seal,2,6002995
Fndsa1024,seal,2,5826624
Fndsa1024,seal,2,5915498
Fndsa1024,seal,2,6022634
Fndsa1024,seal,2,5802503
Fndsa1024,seal,2,5719266
Fndsa1024,seal,2,5813647
Fndsa1024,seal,2,5802833
Fndsa1024,seal,2,5871894
Fndsa1024,seal,2,5878795
Fndsa1024,seal,2,5738835
Fndsa1024,seal,2,5882445
Fndsa1024,seal,2,5704955
Fndsa1024,seal,2,5675763
Fndsa1024,seal,2,5837915
Fndsa1024,seal,2,5695743
Fndsa1024,seal,2,5702708
Fndsa1024,seal,2,5938356
Fndsa1024,seal,2,5706523
Fndsa1024,seal,2,6111583
Fndsa1024,seal,2,5801547
Fndsa1024,seal,2,5670229
Fndsa1024,seal,2,5916791
Fndsa1024,seal,2,5710974
Fndsa1024,seal,2,5726097
Fndsa1024,seal,2,5942581
Fndsa1024,seal,2,5745542
Fndsa1024,seal,2,5843238
Fndsa1024,seal,2,6054904
Fndsa1024,seal,2,5906107
Fndsa1024,seal,2,5865444
Fndsa1024,seal,2,6009493
Fndsa1024,seal,2,5845737
Fndsa1024,seal,2,5830767
Fndsa1024,seal,2,5837092
Fndsa1024,seal,2,5797805
Fndsa1024,seal,2,5955421
Fndsa1024,seal,2,5839513
Fndsa1024,seal,2,5755013
Fndsa1024,seal,2,5788860
Fndsa1024,seal,2,5838898
Fndsa1024,seal,2,5766204
Fndsa1024,seal,2,5722263
Fndsa1024,seal,2,5701419
Fndsa1024,seal,2,5748040
Fndsa1024,seal,2,5842880
Fndsa1024,seal,2,5835693
Fndsa1024,seal,2,5955871
Fndsa1024,seal,2,5844304
Fndsa1024,seal,2,5835940
Fndsa1024,seal,2,5958193
Fndsa1024,seal,2,5864160
Fndsa1024,seal,2,5847802
Fndsa1024,seal,2,5836208
Fndsa1024,seal,2,5840803
Fndsa1024,seal,2,5877543
Fndsa1024,seal,2,5814377
Fndsa1024,seal,2,5829912
Fndsa1024,seal,2,5881562
Fndsa1024,verify_n2,2,257350
Fndsa1024,verify_n2,2,255905
Fndsa1024,verify_n2,2,269725
Fndsa1024,verify_n2,2,250787
Fndsa1024,verify_n2,2,257022
Fndsa1024,verify_n2,2,262949
Fndsa1024,verify_n2,2,261741
Fndsa1024,verify_n2,2,322440
Fndsa1024,verify_n2,2,272505
Fndsa1024,verify_n2,2,269359
Fndsa1024,verify_n2,2,258878
Fndsa1024,verify_n2,2,262225
Fndsa1024,verify_n2,2,271734
Fndsa1024,verify_n2,2,316306
Fndsa1024,verify_n2,2,259043
Fndsa1024,verify_n2,2,250945
Fndsa1024,verify_n2,2,261131
Fndsa1024,verify_n2,2,270228
Fndsa1024,verify_n2,2,250798
Fndsa1024,verify_n2,2,262288
Fndsa1024,verify_n2,2,254161
Fndsa1024,verify_n2,2,250905
Fndsa1024,verify_n2,2,251765
Fndsa1024,verify_n2,2,251224
Fndsa1024,verify_n2,2,255523
Fndsa1024,verify_n2,2,277109
Fndsa1024,verify_n2,2,250144
Fndsa1024,verify_n2,2,258725
Fndsa1024,verify_n2,2,253586
Fndsa1024,verify_n2,2,250703
Fndsa1024,verify_n2,2,252375
Fndsa1024,verify_n2,2,250963
Fndsa1024,verify_n2,2,260953
Fndsa1024,verify_n2,2,258350
Fndsa1024,verify_n2,2,253229
Fndsa1024,verify_n2,2,253073
Fndsa1024,verify_n2,2,250672
Fndsa1024,verify_n2,2,252292
Fndsa1024,verify_n2,2,253501
Fndsa1024,verify_n2,2,252277
Fndsa1024,verify_n2,2,248969
Fndsa1024,verify_n2,2,263893
Fndsa1024,verify_n2,2,254732
Fndsa1024,verify_n2,2,252799
Fndsa1024,verify_n2,2,249694
Fndsa1024,verify_n2,2,278348
Fndsa1024,verify_n2,2,251321
Fndsa1024,verify_n2,2,254339
Fndsa1024,verify_n2,2,263116
Fndsa1024,verify_n2,2,253996
Fndsa1024,verify_n2,2,250279
Fndsa1024,verify_n2,2,252930
Fndsa1024,verify_n2,2,250225
Fndsa1024,verify_n2,2,251411
Fndsa1024,verify_n2,2,258315
Fndsa1024,verify_n2,2,252415
Fndsa1024,verify_n2,2,251193
Fndsa1024,verify_n2,2,251897
Fndsa1024,verify_n2,2,251688
Fndsa1024,verify_n2,2,255167
Fndsa1024,verify_n2,2,254193
Fndsa1024,verify_n2,2,252737
Fndsa1024,verify_n2,2,258447
Fndsa1024,verify_n2,2,255942
Fndsa1024,verify_n2,2,255456
Fndsa1024,verify_n2,2,254019
Fndsa1024,verify_n2,2,252668
Fndsa1024,verify_n2,2,260526
Fndsa1024,verify_n2,2,270973
Fndsa1024,verify_n2,2,267145
Fndsa1024,verify_n2,2,263569
Fndsa1024,verify_n2,2,252555
Fndsa1024,verify_n2,2,266117
Fndsa1024,verify_n2,2,252955
Fndsa1024,verify_n2,2,255233
Fndsa1024,verify_n2,2,251594
Fndsa1024,verify_n2,2,261040
Fndsa1024,verify_n2,2,252843
Fndsa1024,verify_n2,2,262344
Fndsa1024,verify_n2,2,261199
Fndsa1024,verify_n2,2,253965
Fndsa1024,verify_n2,2,248280
Fndsa1024,verify_n2,2,252880
Fndsa1024,verify_n2,2,281984
Fndsa1024,verify_n2,2,260111
Fndsa1024,verify_n2,2,257179
Fndsa1024,verify_n2,2,256702
Fndsa1024,verify_n2,2,254408
Fndsa1024,verify_n2,2,253234
Fndsa1024,verify_n2,2,271148
Fndsa1024,verify_n2,2,381264
Fndsa1024,verify_n2,2,295712
Fndsa1024,verify_n2,2,263919
Fndsa1024,verify_n2,2,268104
Fndsa1024,verify_n2,2,272455
Fndsa1024,verify_n2,2,256829
Fndsa1024,verify_n2,2,331470
Fndsa1024,verify_n2,2,259227
Fndsa1024,verify_n2,2,253872
Fndsa1024,verify_n2,2,254122
Fndsa1024,verify_n2,2,255046
Fndsa1024,authorize,2,11089
Fndsa1024,authorize,2,10297
Fndsa1024,authorize,2,10210
Fndsa1024,authorize,2,10210
Fndsa1024,authorize,2,10278
Fndsa1024,authorize,2,8787
Fndsa1024,authorize,2,8494
Fndsa1024,authorize,2,8413
Fndsa1024,authorize,2,8360
Fndsa1024,authorize,2,8270
Fndsa1024,authorize,2,8769
Fndsa1024,authorize,2,8384
Fndsa1024,authorize,2,8485
Fndsa1024,authorize,2,8363
Fndsa1024,authorize,2,8530
Fndsa1024,authorize,2,8693
Fndsa1024,authorize,2,8268
Fndsa1024,authorize,2,8796
Fndsa1024,authorize,2,8370
Fndsa1024,authorize,2,8304
Fndsa1024,authorize,2,8683
Fndsa1024,authorize,2,8321
Fndsa1024,authorize,2,9012
Fndsa1024,authorize,2,8362
Fndsa1024,authorize,2,8456
Fndsa1024,authorize,2,8383
Fndsa1024,authorize,2,8219
Fndsa1024,authorize,2,8493
Fndsa1024,authorize,2,8035
Fndsa1024,authorize,2,8549
Fndsa1024,authorize,2,8174
Fndsa1024,authorize,2,8283
Fndsa1024,authorize,2,8317
Fndsa1024,authorize,2,8276
Fndsa1024,authorize,2,8203
Fndsa1024,authorize,2,8722
Fndsa1024,authorize,2,8478
Fndsa1024,authorize,2,7859
Fndsa1024,authorize,2,8458
Fndsa1024,authorize,2,8288
Fndsa1024,authorize,2,8263
Fndsa1024,authorize,2,8107
Fndsa1024,authorize,2,8278
Fndsa1024,authorize,2,8346
Fndsa1024,authorize,2,8386
Fndsa1024,authorize,2,8345
Fndsa1024,authorize,2,8322
Fndsa1024,authorize,2,8117
Fndsa1024,authorize,2,8391
Fndsa1024,authorize,2,8486
Fndsa1024,authorize,2,8411
Fndsa1024,authorize,2,8368
Fndsa1024,authorize,2,8304
Fndsa1024,authorize,2,8171
Fndsa1024,authorize,2,8429
Fndsa1024,authorize,2,8273
Fndsa1024,authorize,2,8019
Fndsa1024,authorize,2,8318
Fndsa1024,authorize,2,8243
Fndsa1024,authorize,2,8446
Fndsa1024,authorize,2,8451
Fndsa1024,authorize,2,7990
Fndsa1024,authorize,2,8308
Fndsa1024,authorize,2,8134
Fndsa1024,authorize,2,8214
Fndsa1024,authorize,2,8278
Fndsa1024,authorize,2,8142
Fndsa1024,authorize,2,8341
Fndsa1024,authorize,2,8368
Fndsa1024,authorize,2,8360
Fndsa1024,authorize,2,8505
Fndsa1024,authorize,2,8415
Fndsa1024,authorize,2,8345
Fndsa1024,authorize,2,8552
Fndsa1024,authorize,2,8311
Fndsa1024,authorize,2,8080
Fndsa1024,authorize,2,8271
Fndsa1024,authorize,2,8492
Fndsa1024,authorize,2,8121
Fndsa1024,authorize,2,8280
Fndsa1024,authorize,2,8230
Fndsa1024,authorize,2,8470
Fndsa1024,authorize,2,8224
Fndsa1024,authorize,2,8296
Fndsa1024,authorize,2,8181
Fndsa1024,authorize,2,8330
Fndsa1024,authorize,2,8137
Fndsa1024,authorize,2,8301
Fndsa1024,authorize,2,8374
Fndsa1024,authorize,2,8419
Fndsa1024,authorize,2,8235
Fndsa1024,authorize,2,8199
Fndsa1024,authorize,2,8210
Fndsa1024,authorize,2,8206
Fndsa1024,authorize,2,8354
Fndsa1024,authorize,2,8233
Fndsa1024,authorize,2,8164
Fndsa1024,authorize,2,8233
Fndsa1024,authorize,2,8195
Fndsa1024,authorize,2,8261
Fndsa1024,authorize,2,8101
HybridEdMldsa44,verify_chain,0,257245
HybridEdMldsa44,verify_chain,0,231191
HybridEdMldsa44,verify_chain,0,225316
HybridEdMldsa44,verify_chain,0,232129
HybridEdMldsa44,verify_chain,0,231593
HybridEdMldsa44,verify_chain,0,237472
HybridEdMldsa44,verify_chain,0,240723
HybridEdMldsa44,verify_chain,0,235606
HybridEdMldsa44,verify_chain,0,236366
HybridEdMldsa44,verify_chain,0,233358
HybridEdMldsa44,verify_chain,0,240506
HybridEdMldsa44,verify_chain,0,235497
HybridEdMldsa44,verify_chain,0,233937
HybridEdMldsa44,verify_chain,0,240166
HybridEdMldsa44,verify_chain,0,234768
HybridEdMldsa44,verify_chain,0,233696
HybridEdMldsa44,verify_chain,0,232583
HybridEdMldsa44,verify_chain,0,252403
HybridEdMldsa44,verify_chain,0,241741
HybridEdMldsa44,verify_chain,0,235062
HybridEdMldsa44,verify_chain,0,234063
HybridEdMldsa44,verify_chain,0,225739
HybridEdMldsa44,verify_chain,0,239500
HybridEdMldsa44,verify_chain,0,227173
HybridEdMldsa44,verify_chain,0,240192
HybridEdMldsa44,verify_chain,0,238247
HybridEdMldsa44,verify_chain,0,230044
HybridEdMldsa44,verify_chain,0,229835
HybridEdMldsa44,verify_chain,0,226651
HybridEdMldsa44,verify_chain,0,240543
HybridEdMldsa44,verify_chain,0,241321
HybridEdMldsa44,verify_chain,0,228438
HybridEdMldsa44,verify_chain,0,225048
HybridEdMldsa44,verify_chain,0,229967
HybridEdMldsa44,verify_chain,0,239428
HybridEdMldsa44,verify_chain,0,228979
HybridEdMldsa44,verify_chain,0,234194
HybridEdMldsa44,verify_chain,0,234931
HybridEdMldsa44,verify_chain,0,236552
HybridEdMldsa44,verify_chain,0,232996
HybridEdMldsa44,verify_chain,0,225977
HybridEdMldsa44,verify_chain,0,230301
HybridEdMldsa44,verify_chain,0,227539
HybridEdMldsa44,verify_chain,0,225196
HybridEdMldsa44,verify_chain,0,225116
HybridEdMldsa44,verify_chain,0,224147
HybridEdMldsa44,verify_chain,0,227942
HybridEdMldsa44,verify_chain,0,241088
HybridEdMldsa44,verify_chain,0,230974
HybridEdMldsa44,verify_chain,0,233220
HybridEdMldsa44,verify_chain,0,230368
HybridEdMldsa44,verify_chain,0,232996
HybridEdMldsa44,verify_chain,0,234002
HybridEdMldsa44,verify_chain,0,226570
HybridEdMldsa44,verify_chain,0,238856
HybridEdMldsa44,verify_chain,0,248029
HybridEdMldsa44,verify_chain,0,223729
HybridEdMldsa44,verify_chain,0,229346
HybridEdMldsa44,verify_chain,0,227684
HybridEdMldsa44,verify_chain,0,228245
HybridEdMldsa44,verify_chain,0,229889
HybridEdMldsa44,verify_chain,0,224362
HybridEdMldsa44,verify_chain,0,233494
HybridEdMldsa44,verify_chain,0,226202
HybridEdMldsa44,verify_chain,0,227392
HybridEdMldsa44,verify_chain,0,228895
HybridEdMldsa44,verify_chain,0,226277
HybridEdMldsa44,verify_chain,0,227828
HybridEdMldsa44,verify_chain,0,225814
HybridEdMldsa44,verify_chain,0,242285
HybridEdMldsa44,verify_chain,0,240351
HybridEdMldsa44,verify_chain,0,229585
HybridEdMldsa44,verify_chain,0,233755
HybridEdMldsa44,verify_chain,0,230887
HybridEdMldsa44,verify_chain,0,229739
HybridEdMldsa44,verify_chain,0,277359
HybridEdMldsa44,verify_chain,0,300163
HybridEdMldsa44,verify_chain,0,234969
HybridEdMldsa44,verify_chain,0,235340
HybridEdMldsa44,verify_chain,0,232079
HybridEdMldsa44,verify_chain,0,233839
HybridEdMldsa44,verify_chain,0,235808
HybridEdMldsa44,verify_chain,0,270588
HybridEdMldsa44,verify_chain,0,237508
HybridEdMldsa44,verify_chain,0,233131
HybridEdMldsa44,verify_chain,0,241922
HybridEdMldsa44,verify_chain,0,256424
HybridEdMldsa44,verify_chain,0,235346
HybridEdMldsa44,verify_chain,0,230291
HybridEdMldsa44,verify_chain,0,241612
HybridEdMldsa44,verify_chain,0,231349
HybridEdMldsa44,verify_chain,0,233865
HybridEdMldsa44,verify_chain,0,232421
HybridEdMldsa44,verify_chain,0,243608
HybridEdMldsa44,verify_chain,0,232077
HybridEdMldsa44,verify_chain,0,230138
HybridEdMldsa44,verify_chain,0,233506
HybridEdMldsa44,verify_chain,0,243325
HybridEdMldsa44,verify_chain,0,234160
HybridEdMldsa44,verify_chain,0,232562
HybridEdMldsa44,verify_chain,0,229601
HybridEdMldsa44,verify_chain,1,350313
HybridEdMldsa44,verify_chain,1,350082
HybridEdMldsa44,verify_chain,1,351741
HybridEdMldsa44,verify_chain,1,344754
HybridEdMldsa44,verify_chain,1,359079
HybridEdMldsa44,verify_chain,1,362869
HybridEdMldsa44,verify_chain,1,346027
HybridEdMldsa44,verify_chain,1,411142
HybridEdMldsa44,verify_chain,1,415884
HybridEdMldsa44,verify_chain,1,404009
HybridEdMldsa44,verify_chain,1,355762
HybridEdMldsa44,verify_chain,1,385077
HybridEdMldsa44,verify_chain,1,359121
HybridEdMldsa44,verify_chain,1,353565
HybridEdMldsa44,verify_chain,1,356497
HybridEdMldsa44,verify_chain,1,397480
HybridEdMldsa44,verify_chain,1,390709
HybridEdMldsa44,verify_chain,1,355381
HybridEdMldsa44,verify_chain,1,364272
HybridEdMldsa44,verify_chain,1,350154
HybridEdMldsa44,verify_chain,1,362941
HybridEdMldsa44,verify_chain,1,353927
HybridEdMldsa44,verify_chain,1,347035
HybridEdMldsa44,verify_chain,1,349779
HybridEdMldsa44,verify_chain,1,348706
HybridEdMldsa44,verify_chain,1,352221
HybridEdMldsa44,verify_chain,1,377648
HybridEdMldsa44,verify_chain,1,355484
HybridEdMldsa44,verify_chain,1,349342
HybridEdMldsa44,verify_chain,1,360926
HybridEdMldsa44,verify_chain,1,351333
HybridEdMldsa44,verify_chain,1,370964
HybridEdMldsa44,verify_chain,1,360920
HybridEdMldsa44,verify_chain,1,349603
HybridEdMldsa44,verify_chain,1,347776
HybridEdMldsa44,verify_chain,1,351890
HybridEdMldsa44,verify_chain,1,350868
HybridEdMldsa44,verify_chain,1,363278
HybridEdMldsa44,verify_chain,1,359177
HybridEdMldsa44,verify_chain,1,350126
HybridEdMldsa44,verify_chain,1,348831
HybridEdMldsa44,verify_chain,1,363200
HybridEdMldsa44,verify_chain,1,353204
HybridEdMldsa44,verify_chain,1,350564
HybridEdMldsa44,verify_chain,1,349211
HybridEdMldsa44,verify_chain,1,350258
HybridEdMldsa44,verify_chain,1,362553
HybridEdMldsa44,verify_chain,1,352213
HybridEdMldsa44,verify_chain,1,351564
HybridEdMldsa44,verify_chain,1,359036
HybridEdMldsa44,verify_chain,1,352210
HybridEdMldsa44,verify_chain,1,351461
HybridEdMldsa44,verify_chain,1,375227
HybridEdMldsa44,verify_chain,1,483489
HybridEdMldsa44,verify_chain,1,380401
HybridEdMldsa44,verify_chain,1,375174
HybridEdMldsa44,verify_chain,1,362400
HybridEdMldsa44,verify_chain,1,369008
HybridEdMldsa44,verify_chain,1,355193
HybridEdMldsa44,verify_chain,1,360782
HybridEdMldsa44,verify_chain,1,364711
HybridEdMldsa44,verify_chain,1,352612
HybridEdMldsa44,verify_chain,1,362875
HybridEdMldsa44,verify_chain,1,352813
HybridEdMldsa44,verify_chain,1,350301
HybridEdMldsa44,verify_chain,1,350400
HybridEdMldsa44,verify_chain,1,357740
HybridEdMldsa44,verify_chain,1,358992
HybridEdMldsa44,verify_chain,1,351866
HybridEdMldsa44,verify_chain,1,348287
HybridEdMldsa44,verify_chain,1,351254
HybridEdMldsa44,verify_chain,1,358609
HybridEdMldsa44,verify_chain,1,362730
HybridEdMldsa44,verify_chain,1,355492
HybridEdMldsa44,verify_chain,1,345173
HybridEdMldsa44,verify_chain,1,347390
HybridEdMldsa44,verify_chain,1,353346
HybridEdMldsa44,verify_chain,1,377383
HybridEdMldsa44,verify_chain,1,365785
HybridEdMldsa44,verify_chain,1,353809
HybridEdMldsa44,verify_chain,1,350354
HybridEdMldsa44,verify_chain,1,349608
HybridEdMldsa44,verify_chain,1,360168
HybridEdMldsa44,verify_chain,1,360223
HybridEdMldsa44,verify_chain,1,355411
HybridEdMldsa44,verify_chain,1,351807
HybridEdMldsa44,verify_chain,1,350710
HybridEdMldsa44,verify_chain,1,351224
HybridEdMldsa44,verify_chain,1,359328
HybridEdMldsa44,verify_chain,1,351531
HybridEdMldsa44,verify_chain,1,353680
HybridEdMldsa44,verify_chain,1,355808
HybridEdMldsa44,verify_chain,1,345877
HybridEdMldsa44,verify_chain,1,359869
HybridEdMldsa44,verify_chain,1,347666
HybridEdMldsa44,verify_chain,1,343225
HybridEdMldsa44,verify_chain,1,344887
HybridEdMldsa44,verify_chain,1,347977
HybridEdMldsa44,verify_chain,1,441861
HybridEdMldsa44,verify_chain,1,355711
HybridEdMldsa44,verify_chain,1,434005
HybridEdMldsa44,verify_chain,2,466188
HybridEdMldsa44,verify_chain,2,478381
HybridEdMldsa44,verify_chain,2,481054
HybridEdMldsa44,verify_chain,2,469425
HybridEdMldsa44,verify_chain,2,469850
HybridEdMldsa44,verify_chain,2,477616
HybridEdMldsa44,verify_chain,2,468358
HybridEdMldsa44,verify_chain,2,461401
HybridEdMldsa44,verify_chain,2,475219
HybridEdMldsa44,verify_chain,2,489564
HybridEdMldsa44,verify_chain,2,481875
HybridEdMldsa44,verify_chain,2,466857
HybridEdMldsa44,verify_chain,2,477594
HybridEdMldsa44,verify_chain,2,483767
HybridEdMldsa44,verify_chain,2,493438
HybridEdMldsa44,verify_chain,2,503911
HybridEdMldsa44,verify_chain,2,491478
HybridEdMldsa44,verify_chain,2,480272
HybridEdMldsa44,verify_chain,2,534410
HybridEdMldsa44,verify_chain,2,518583
HybridEdMldsa44,verify_chain,2,461980
HybridEdMldsa44,verify_chain,2,526420
HybridEdMldsa44,verify_chain,2,506299
HybridEdMldsa44,verify_chain,2,479953
HybridEdMldsa44,verify_chain,2,459092
HybridEdMldsa44,verify_chain,2,474050
HybridEdMldsa44,verify_chain,2,479414
HybridEdMldsa44,verify_chain,2,477827
HybridEdMldsa44,verify_chain,2,463234
HybridEdMldsa44,verify_chain,2,466884
HybridEdMldsa44,verify_chain,2,457539
HybridEdMldsa44,verify_chain,2,459918
HybridEdMldsa44,verify_chain,2,451136
HybridEdMldsa44,verify_chain,2,464019
HybridEdMldsa44,verify_chain,2,461890
HybridEdMldsa44,verify_chain,2,467392
HybridEdMldsa44,verify_chain,2,463101
HybridEdMldsa44,verify_chain,2,468693
HybridEdMldsa44,verify_chain,2,464810
HybridEdMldsa44,verify_chain,2,453509
HybridEdMldsa44,verify_chain,2,460426
HybridEdMldsa44,verify_chain,2,477350
HybridEdMldsa44,verify_chain,2,459976
HybridEdMldsa44,verify_chain,2,459200
HybridEdMldsa44,verify_chain,2,468941
HybridEdMldsa44,verify_chain,2,467177
HybridEdMldsa44,verify_chain,2,459740
HybridEdMldsa44,verify_chain,2,462801
HybridEdMldsa44,verify_chain,2,528134
HybridEdMldsa44,verify_chain,2,561849
HybridEdMldsa44,verify_chain,2,511279
HybridEdMldsa44,verify_chain,2,521748
HybridEdMldsa44,verify_chain,2,486478
HybridEdMldsa44,verify_chain,2,457577
HybridEdMldsa44,verify_chain,2,539229
HybridEdMldsa44,verify_chain,2,463059
HybridEdMldsa44,verify_chain,2,456763
HybridEdMldsa44,verify_chain,2,473763
HybridEdMldsa44,verify_chain,2,464025
HybridEdMldsa44,verify_chain,2,464735
HybridEdMldsa44,verify_chain,2,476081
HybridEdMldsa44,verify_chain,2,465127
HybridEdMldsa44,verify_chain,2,462240
HybridEdMldsa44,verify_chain,2,546994
HybridEdMldsa44,verify_chain,2,529155
HybridEdMldsa44,verify_chain,2,457375
HybridEdMldsa44,verify_chain,2,453930
HybridEdMldsa44,verify_chain,2,467487
HybridEdMldsa44,verify_chain,2,460110
HybridEdMldsa44,verify_chain,2,470682
HybridEdMldsa44,verify_chain,2,487185
HybridEdMldsa44,verify_chain,2,471591
HybridEdMldsa44,verify_chain,2,472912
HybridEdMldsa44,verify_chain,2,454290
HybridEdMldsa44,verify_chain,2,462635
HybridEdMldsa44,verify_chain,2,488549
HybridEdMldsa44,verify_chain,2,457702
HybridEdMldsa44,verify_chain,2,476938
HybridEdMldsa44,verify_chain,2,462907
HybridEdMldsa44,verify_chain,2,490858
HybridEdMldsa44,verify_chain,2,485817
HybridEdMldsa44,verify_chain,2,484734
HybridEdMldsa44,verify_chain,2,546492
HybridEdMldsa44,verify_chain,2,479924
HybridEdMldsa44,verify_chain,2,471716
HybridEdMldsa44,verify_chain,2,529500
HybridEdMldsa44,verify_chain,2,472394
HybridEdMldsa44,verify_chain,2,459270
HybridEdMldsa44,verify_chain,2,475707
HybridEdMldsa44,verify_chain,2,467166
HybridEdMldsa44,verify_chain,2,474457
HybridEdMldsa44,verify_chain,2,461753
HybridEdMldsa44,verify_chain,2,457417
HybridEdMldsa44,verify_chain,2,467789
HybridEdMldsa44,verify_chain,2,477067
HybridEdMldsa44,verify_chain,2,457158
HybridEdMldsa44,verify_chain,2,459277
HybridEdMldsa44,verify_chain,2,468050
HybridEdMldsa44,verify_chain,2,457580
HybridEdMldsa44,verify_chain,2,459848
HybridEdMldsa44,verify_chain,2,457663
HybridEdMldsa44,verify_chain,5,809367
HybridEdMldsa44,verify_chain,5,808976
HybridEdMldsa44,verify_chain,5,813609
HybridEdMldsa44,verify_chain,5,801939
HybridEdMldsa44,verify_chain,5,811275
HybridEdMldsa44,verify_chain,5,811194
HybridEdMldsa44,verify_chain,5,813142
HybridEdMldsa44,verify_chain,5,808870
HybridEdMldsa44,verify_chain,5,814294
HybridEdMldsa44,verify_chain,5,820783
HybridEdMldsa44,verify_chain,5,940528
HybridEdMldsa44,verify_chain,5,847376
HybridEdMldsa44,verify_chain,5,862210
HybridEdMldsa44,verify_chain,5,825939
HybridEdMldsa44,verify_chain,5,825612
HybridEdMldsa44,verify_chain,5,837243
HybridEdMldsa44,verify_chain,5,823573
HybridEdMldsa44,verify_chain,5,841062
HybridEdMldsa44,verify_chain,5,821191
HybridEdMldsa44,verify_chain,5,831255
HybridEdMldsa44,verify_chain,5,850234
HybridEdMldsa44,verify_chain,5,842082
HybridEdMldsa44,verify_chain,5,825873
HybridEdMldsa44,verify_chain,5,826818
HybridEdMldsa44,verify_chain,5,841857
HybridEdMldsa44,verify_chain,5,823665
HybridEdMldsa44,verify_chain,5,840121
HybridEdMldsa44,verify_chain,5,822627
HybridEdMldsa44,verify_chain,5,852952
HybridEdMldsa44,verify_chain,5,916071
HybridEdMldsa44,verify_chain,5,863435
HybridEdMldsa44,verify_chain,5,839795
HybridEdMldsa44,verify_chain,5,839162
HybridEdMldsa44,verify_chain,5,843196
HybridEdMldsa44,verify_chain,5,832945
HybridEdMldsa44,verify_chain,5,832308
HybridEdMldsa44,verify_chain,5,820198
HybridEdMldsa44,verify_chain,5,831122
HybridEdMldsa44,verify_chain,5,821615
HybridEdMldsa44,verify_chain,5,847394
HybridEdMldsa44,verify_chain,5,866098
HybridEdMldsa44,verify_chain,5,832948
HybridEdMldsa44,verify_chain,5,817347
HybridEdMldsa44,verify_chain,5,833320
HybridEdMldsa44,verify_chain,5,824270
HybridEdMldsa44,verify_chain,5,846688
HybridEdMldsa44,verify_chain,5,826928
HybridEdMldsa44,verify_chain,5,829730
HybridEdMldsa44,verify_chain,5,849974
HybridEdMldsa44,verify_chain,5,841484
HybridEdMldsa44,verify_chain,5,932387
HybridEdMldsa44,verify_chain,5,831794
HybridEdMldsa44,verify_chain,5,848386
HybridEdMldsa44,verify_chain,5,814964
HybridEdMldsa44,verify_chain,5,843557
HybridEdMldsa44,verify_chain,5,825709
HybridEdMldsa44,verify_chain,5,826653
HybridEdMldsa44,verify_chain,5,822508
HybridEdMldsa44,verify_chain,5,820158
HybridEdMldsa44,verify_chain,5,842329
HybridEdMldsa44,verify_chain,5,826663
HybridEdMldsa44,verify_chain,5,833254
HybridEdMldsa44,verify_chain,5,822821
HybridEdMldsa44,verify_chain,5,808760
HybridEdMldsa44,verify_chain,5,829447
HybridEdMldsa44,verify_chain,5,796610
HybridEdMldsa44,verify_chain,5,833109
HybridEdMldsa44,verify_chain,5,931732
HybridEdMldsa44,verify_chain,5,838384
HybridEdMldsa44,verify_chain,5,888298
HybridEdMldsa44,verify_chain,5,837658
HybridEdMldsa44,verify_chain,5,828348
HybridEdMldsa44,verify_chain,5,822134
HybridEdMldsa44,verify_chain,5,807031
HybridEdMldsa44,verify_chain,5,849915
HybridEdMldsa44,verify_chain,5,833408
HybridEdMldsa44,verify_chain,5,841700
HybridEdMldsa44,verify_chain,5,835276
HybridEdMldsa44,verify_chain,5,842718
HybridEdMldsa44,verify_chain,5,835148
HybridEdMldsa44,verify_chain,5,819271
HybridEdMldsa44,verify_chain,5,822064
HybridEdMldsa44,verify_chain,5,819091
HybridEdMldsa44,verify_chain,5,839288
HybridEdMldsa44,verify_chain,5,816693
HybridEdMldsa44,verify_chain,5,839789
HybridEdMldsa44,verify_chain,5,825703
HybridEdMldsa44,verify_chain,5,834390
HybridEdMldsa44,verify_chain,5,866109
HybridEdMldsa44,verify_chain,5,819288
HybridEdMldsa44,verify_chain,5,823574
HybridEdMldsa44,verify_chain,5,849379
HybridEdMldsa44,verify_chain,5,852599
HybridEdMldsa44,verify_chain,5,852610
HybridEdMldsa44,verify_chain,5,823157
HybridEdMldsa44,verify_chain,5,828982
HybridEdMldsa44,verify_chain,5,820497
HybridEdMldsa44,verify_chain,5,828118
HybridEdMldsa44,verify_chain,5,834249
HybridEdMldsa44,verify_chain,5,830568
HybridEdMldsa44,verify_chain,5,823033
HybridEdMldsa44,verify_chain,10,1402529
HybridEdMldsa44,verify_chain,10,1395202
HybridEdMldsa44,verify_chain,10,1409994
HybridEdMldsa44,verify_chain,10,1387527
HybridEdMldsa44,verify_chain,10,1394934
HybridEdMldsa44,verify_chain,10,1403422
HybridEdMldsa44,verify_chain,10,1388965
HybridEdMldsa44,verify_chain,10,1538477
HybridEdMldsa44,verify_chain,10,1557294
HybridEdMldsa44,verify_chain,10,1410658
HybridEdMldsa44,verify_chain,10,1381939
HybridEdMldsa44,verify_chain,10,1405507
HybridEdMldsa44,verify_chain,10,1386490
HybridEdMldsa44,verify_chain,10,1391231
HybridEdMldsa44,verify_chain,10,1394456
HybridEdMldsa44,verify_chain,10,1389719
HybridEdMldsa44,verify_chain,10,1417255
HybridEdMldsa44,verify_chain,10,1391467
HybridEdMldsa44,verify_chain,10,1474811
HybridEdMldsa44,verify_chain,10,1594110
HybridEdMldsa44,verify_chain,10,1597193
HybridEdMldsa44,verify_chain,10,1445144
HybridEdMldsa44,verify_chain,10,1444820
HybridEdMldsa44,verify_chain,10,1442194
HybridEdMldsa44,verify_chain,10,1415321
HybridEdMldsa44,verify_chain,10,1443389
HybridEdMldsa44,verify_chain,10,1424672
HybridEdMldsa44,verify_chain,10,1431714
HybridEdMldsa44,verify_chain,10,1431153
HybridEdMldsa44,verify_chain,10,1496354
HybridEdMldsa44,verify_chain,10,1528155
HybridEdMldsa44,verify_chain,10,1441230
HybridEdMldsa44,verify_chain,10,1426457
HybridEdMldsa44,verify_chain,10,1429205
HybridEdMldsa44,verify_chain,10,1427321
HybridEdMldsa44,verify_chain,10,1431390
HybridEdMldsa44,verify_chain,10,1431531
HybridEdMldsa44,verify_chain,10,1430311
HybridEdMldsa44,verify_chain,10,1428356
HybridEdMldsa44,verify_chain,10,1442380
HybridEdMldsa44,verify_chain,10,1454867
HybridEdMldsa44,verify_chain,10,1504212
HybridEdMldsa44,verify_chain,10,1521631
HybridEdMldsa44,verify_chain,10,1448293
HybridEdMldsa44,verify_chain,10,1476080
HybridEdMldsa44,verify_chain,10,1434237
HybridEdMldsa44,verify_chain,10,1414772
HybridEdMldsa44,verify_chain,10,1418927
HybridEdMldsa44,verify_chain,10,1395294
HybridEdMldsa44,verify_chain,10,1438805
HybridEdMldsa44,verify_chain,10,1411737
HybridEdMldsa44,verify_chain,10,1403063
HybridEdMldsa44,verify_chain,10,1447027
HybridEdMldsa44,verify_chain,10,1421295
HybridEdMldsa44,verify_chain,10,1409619
HybridEdMldsa44,verify_chain,10,1417992
HybridEdMldsa44,verify_chain,10,1438213
HybridEdMldsa44,verify_chain,10,1402696
HybridEdMldsa44,verify_chain,10,1415094
HybridEdMldsa44,verify_chain,10,1418688
HybridEdMldsa44,verify_chain,10,1454831
HybridEdMldsa44,verify_chain,10,1442887
HybridEdMldsa44,verify_chain,10,1415956
HybridEdMldsa44,verify_chain,10,1425834
HybridEdMldsa44,verify_chain,10,1427139
HybridEdMldsa44,verify_chain,10,1416677
HybridEdMldsa44,verify_chain,10,1436295
HybridEdMldsa44,verify_chain,10,1448053
HybridEdMldsa44,verify_chain,10,1400447
HybridEdMldsa44,verify_chain,10,1414377
HybridEdMldsa44,verify_chain,10,1423724
HybridEdMldsa44,verify_chain,10,1427350
HybridEdMldsa44,verify_chain,10,1412138
HybridEdMldsa44,verify_chain,10,1431620
HybridEdMldsa44,verify_chain,10,1417699
HybridEdMldsa44,verify_chain,10,1428229
HybridEdMldsa44,verify_chain,10,1412751
HybridEdMldsa44,verify_chain,10,1408508
HybridEdMldsa44,verify_chain,10,1421532
HybridEdMldsa44,verify_chain,10,1403151
HybridEdMldsa44,verify_chain,10,1424578
HybridEdMldsa44,verify_chain,10,1455525
HybridEdMldsa44,verify_chain,10,1430675
HybridEdMldsa44,verify_chain,10,1420757
HybridEdMldsa44,verify_chain,10,1452494
HybridEdMldsa44,verify_chain,10,1416277
HybridEdMldsa44,verify_chain,10,1425020
HybridEdMldsa44,verify_chain,10,1541736
HybridEdMldsa44,verify_chain,10,1497605
HybridEdMldsa44,verify_chain,10,1483406
HybridEdMldsa44,verify_chain,10,1447093
HybridEdMldsa44,verify_chain,10,1478945
HybridEdMldsa44,verify_chain,10,1468602
HybridEdMldsa44,verify_chain,10,1452294
HybridEdMldsa44,verify_chain,10,1452600
HybridEdMldsa44,verify_chain,10,1442301
HybridEdMldsa44,verify_chain,10,1430492
HybridEdMldsa44,verify_chain,10,1598454
HybridEdMldsa44,verify_chain,10,1422875
HybridEdMldsa44,verify_chain,10,1397410
HybridEdMldsa44,verify_chain,10,1398836
HybridEdMldsa44,authority_build,2,242077
HybridEdMldsa44,authority_build,2,441409
HybridEdMldsa44,authority_build,2,300842
HybridEdMldsa44,authority_build,2,228146
HybridEdMldsa44,authority_build,2,230765
HybridEdMldsa44,authority_build,2,296599
HybridEdMldsa44,authority_build,2,231540
HybridEdMldsa44,authority_build,2,656723
HybridEdMldsa44,authority_build,2,263344
HybridEdMldsa44,authority_build,2,347249
HybridEdMldsa44,authority_build,2,302587
HybridEdMldsa44,authority_build,2,461868
HybridEdMldsa44,authority_build,2,374699
HybridEdMldsa44,authority_build,2,229138
HybridEdMldsa44,authority_build,2,277130
HybridEdMldsa44,authority_build,2,237121
HybridEdMldsa44,authority_build,2,785422
HybridEdMldsa44,authority_build,2,346405
HybridEdMldsa44,authority_build,2,306514
HybridEdMldsa44,authority_build,2,461638
HybridEdMldsa44,authority_build,2,372859
HybridEdMldsa44,authority_build,2,313085
HybridEdMldsa44,authority_build,2,261491
HybridEdMldsa44,authority_build,2,229502
HybridEdMldsa44,authority_build,2,266192
HybridEdMldsa44,authority_build,2,263905
HybridEdMldsa44,authority_build,2,343656
HybridEdMldsa44,authority_build,2,357246
HybridEdMldsa44,authority_build,2,231801
HybridEdMldsa44,authority_build,2,276957
HybridEdMldsa44,authority_build,2,558378
HybridEdMldsa44,authority_build,2,510587
HybridEdMldsa44,authority_build,2,304199
HybridEdMldsa44,authority_build,2,567734
HybridEdMldsa44,authority_build,2,614994
HybridEdMldsa44,authority_build,2,232441
HybridEdMldsa44,authority_build,2,446582
HybridEdMldsa44,authority_build,2,394259
HybridEdMldsa44,authority_build,2,267766
HybridEdMldsa44,authority_build,2,228517
HybridEdMldsa44,authority_build,2,344210
HybridEdMldsa44,authority_build,2,401857
HybridEdMldsa44,authority_build,2,223375
HybridEdMldsa44,authority_build,2,597171
HybridEdMldsa44,authority_build,2,229457
HybridEdMldsa44,authority_build,2,377190
HybridEdMldsa44,authority_build,2,225127
HybridEdMldsa44,authority_build,2,626096
HybridEdMldsa44,authority_build,2,280678
HybridEdMldsa44,authority_build,2,268691
HybridEdMldsa44,authority_build,2,313243
HybridEdMldsa44,authority_build,2,228987
HybridEdMldsa44,authority_build,2,335493
HybridEdMldsa44,authority_build,2,308098
HybridEdMldsa44,authority_build,2,227944
HybridEdMldsa44,authority_build,2,225852
HybridEdMldsa44,authority_build,2,344976
HybridEdMldsa44,authority_build,2,260954
HybridEdMldsa44,authority_build,2,420256
HybridEdMldsa44,authority_build,2,371444
HybridEdMldsa44,authority_build,2,315984
HybridEdMldsa44,authority_build,2,357363
HybridEdMldsa44,authority_build,2,505275
HybridEdMldsa44,authority_build,2,462412
HybridEdMldsa44,authority_build,2,583896
HybridEdMldsa44,authority_build,2,226673
HybridEdMldsa44,authority_build,2,330848
HybridEdMldsa44,authority_build,2,494774
HybridEdMldsa44,authority_build,2,267442
HybridEdMldsa44,authority_build,2,268656
HybridEdMldsa44,authority_build,2,462259
HybridEdMldsa44,authority_build,2,297539
HybridEdMldsa44,authority_build,2,692707
HybridEdMldsa44,authority_build,2,227489
HybridEdMldsa44,authority_build,2,271404
HybridEdMldsa44,authority_build,2,270992
HybridEdMldsa44,authority_build,2,330263
HybridEdMldsa44,authority_build,2,395518
HybridEdMldsa44,authority_build,2,344841
HybridEdMldsa44,authority_build,2,374907
HybridEdMldsa44,authority_build,2,293906
HybridEdMldsa44,authority_build,2,605776
HybridEdMldsa44,authority_build,2,373632
HybridEdMldsa44,authority_build,2,262943
HybridEdMldsa44,authority_build,2,296459
HybridEdMldsa44,authority_build,2,469472
HybridEdMldsa44,authority_build,2,388174
HybridEdMldsa44,authority_build,2,377837
HybridEdMldsa44,authority_build,2,441351
HybridEdMldsa44,authority_build,2,624625
HybridEdMldsa44,authority_build,2,292993
HybridEdMldsa44,authority_build,2,263043
HybridEdMldsa44,authority_build,2,221613
HybridEdMldsa44,authority_build,2,424290
HybridEdMldsa44,authority_build,2,300836
HybridEdMldsa44,authority_build,2,233708
HybridEdMldsa44,authority_build,2,224950
HybridEdMldsa44,authority_build,2,226432
HybridEdMldsa44,authority_build,2,500022
HybridEdMldsa44,authority_build,2,276405
HybridEdMldsa44,authority_build,2,268650
HybridEdMldsa44,append_hop,2,329553
HybridEdMldsa44,append_hop,2,453319
HybridEdMldsa44,append_hop,2,250118
HybridEdMldsa44,append_hop,2,250126
HybridEdMldsa44,append_hop,2,281332
HybridEdMldsa44,append_hop,2,542339
HybridEdMldsa44,append_hop,2,247912
HybridEdMldsa44,append_hop,2,667434
HybridEdMldsa44,append_hop,2,244161
HybridEdMldsa44,append_hop,2,288379
HybridEdMldsa44,append_hop,2,587149
HybridEdMldsa44,append_hop,2,359814
HybridEdMldsa44,append_hop,2,455991
HybridEdMldsa44,append_hop,2,277927
HybridEdMldsa44,append_hop,2,326107
HybridEdMldsa44,append_hop,2,287169
HybridEdMldsa44,append_hop,2,526288
HybridEdMldsa44,append_hop,2,408461
HybridEdMldsa44,append_hop,2,267446
HybridEdMldsa44,append_hop,2,652028
HybridEdMldsa44,append_hop,2,287444
HybridEdMldsa44,append_hop,2,284956
HybridEdMldsa44,append_hop,2,246171
HybridEdMldsa44,append_hop,2,285914
HybridEdMldsa44,append_hop,2,320019
HybridEdMldsa44,append_hop,2,313395
HybridEdMldsa44,append_hop,2,244197
HybridEdMldsa44,append_hop,2,339289
HybridEdMldsa44,append_hop,2,465934
HybridEdMldsa44,append_hop,2,311659
HybridEdMldsa44,append_hop,2,266929
HybridEdMldsa44,append_hop,2,289566
HybridEdMldsa44,append_hop,2,484132
HybridEdMldsa44,append_hop,2,261331
HybridEdMldsa44,append_hop,2,291345
HybridEdMldsa44,append_hop,2,286940
HybridEdMldsa44,append_hop,2,366956
HybridEdMldsa44,append_hop,2,251212
HybridEdMldsa44,append_hop,2,256214
HybridEdMldsa44,append_hop,2,335568
HybridEdMldsa44,append_hop,2,361422
HybridEdMldsa44,append_hop,2,244980
HybridEdMldsa44,append_hop,2,526806
HybridEdMldsa44,append_hop,2,301751
HybridEdMldsa44,append_hop,2,494479
HybridEdMldsa44,append_hop,2,247059
HybridEdMldsa44,append_hop,2,419996
HybridEdMldsa44,append_hop,2,244116
HybridEdMldsa44,append_hop,2,239081
HybridEdMldsa44,append_hop,2,283901
HybridEdMldsa44,append_hop,2,250315
HybridEdMldsa44,append_hop,2,326485
HybridEdMldsa44,append_hop,2,249889
HybridEdMldsa44,append_hop,2,249604
HybridEdMldsa44,append_hop,2,1211818
HybridEdMldsa44,append_hop,2,326561
HybridEdMldsa44,append_hop,2,480372
HybridEdMldsa44,append_hop,2,314358
HybridEdMldsa44,append_hop,2,335767
HybridEdMldsa44,append_hop,2,290960
HybridEdMldsa44,append_hop,2,507521
HybridEdMldsa44,append_hop,2,784489
HybridEdMldsa44,append_hop,2,372355
HybridEdMldsa44,append_hop,2,243459
HybridEdMldsa44,append_hop,2,245193
HybridEdMldsa44,append_hop,2,384192
HybridEdMldsa44,append_hop,2,241133
HybridEdMldsa44,append_hop,2,390167
HybridEdMldsa44,append_hop,2,365288
HybridEdMldsa44,append_hop,2,281815
HybridEdMldsa44,append_hop,2,594983
HybridEdMldsa44,append_hop,2,386760
HybridEdMldsa44,append_hop,2,313937
HybridEdMldsa44,append_hop,2,301181
HybridEdMldsa44,append_hop,2,782805
HybridEdMldsa44,append_hop,2,289803
HybridEdMldsa44,append_hop,2,283297
HybridEdMldsa44,append_hop,2,356047
HybridEdMldsa44,append_hop,2,343613
HybridEdMldsa44,append_hop,2,773277
HybridEdMldsa44,append_hop,2,244506
HybridEdMldsa44,append_hop,2,319929
HybridEdMldsa44,append_hop,2,453480
HybridEdMldsa44,append_hop,2,334771
HybridEdMldsa44,append_hop,2,328831
HybridEdMldsa44,append_hop,2,330246
HybridEdMldsa44,append_hop,2,320794
HybridEdMldsa44,append_hop,2,293198
HybridEdMldsa44,append_hop,2,366623
HybridEdMldsa44,append_hop,2,512174
HybridEdMldsa44,append_hop,2,249072
HybridEdMldsa44,append_hop,2,525387
HybridEdMldsa44,append_hop,2,251611
HybridEdMldsa44,append_hop,2,247014
HybridEdMldsa44,append_hop,2,630574
HybridEdMldsa44,append_hop,2,248394
HybridEdMldsa44,append_hop,2,448158
HybridEdMldsa44,append_hop,2,775971
HybridEdMldsa44,append_hop,2,553114
HybridEdMldsa44,append_hop,2,249843
HybridEdMldsa44,append_hop,2,367795
HybridEdMldsa44,seal,2,566469
HybridEdMldsa44,seal,2,613907
HybridEdMldsa44,seal,2,560765
HybridEdMldsa44,seal,2,561324
HybridEdMldsa44,seal,2,560320
HybridEdMldsa44,seal,2,544153
HybridEdMldsa44,seal,2,569165
HybridEdMldsa44,seal,2,546825
HybridEdMldsa44,seal,2,544970
HybridEdMldsa44,seal,2,581475
HybridEdMldsa44,seal,2,550270
HybridEdMldsa44,seal,2,561124
HybridEdMldsa44,seal,2,559695
HybridEdMldsa44,seal,2,567493
HybridEdMldsa44,seal,2,547609
HybridEdMldsa44,seal,2,544289
HybridEdMldsa44,seal,2,558117
HybridEdMldsa44,seal,2,560802
HybridEdMldsa44,seal,2,542423
HybridEdMldsa44,seal,2,546914
HybridEdMldsa44,seal,2,554253
HybridEdMldsa44,seal,2,556475
HybridEdMldsa44,seal,2,575506
HybridEdMldsa44,seal,2,553302
HybridEdMldsa44,seal,2,541071
HybridEdMldsa44,seal,2,594261
HybridEdMldsa44,seal,2,544295
HybridEdMldsa44,seal,2,545120
HybridEdMldsa44,seal,2,573785
HybridEdMldsa44,seal,2,544080
HybridEdMldsa44,seal,2,546751
HybridEdMldsa44,seal,2,552145
HybridEdMldsa44,seal,2,548090
HybridEdMldsa44,seal,2,564601
HybridEdMldsa44,seal,2,544326
HybridEdMldsa44,seal,2,568329
HybridEdMldsa44,seal,2,545176
HybridEdMldsa44,seal,2,543681
HybridEdMldsa44,seal,2,551681
HybridEdMldsa44,seal,2,544512
HybridEdMldsa44,seal,2,544275
HybridEdMldsa44,seal,2,577142
HybridEdMldsa44,seal,2,558452
HybridEdMldsa44,seal,2,543979
HybridEdMldsa44,seal,2,537744
HybridEdMldsa44,seal,2,542906
HybridEdMldsa44,seal,2,545720
HybridEdMldsa44,seal,2,533006
HybridEdMldsa44,seal,2,544762
HybridEdMldsa44,seal,2,556398
HybridEdMldsa44,seal,2,548472
HybridEdMldsa44,seal,2,581066
HybridEdMldsa44,seal,2,562181
HybridEdMldsa44,seal,2,556906
HybridEdMldsa44,seal,2,577529
HybridEdMldsa44,seal,2,540660
HybridEdMldsa44,seal,2,541921
HybridEdMldsa44,seal,2,560854
HybridEdMldsa44,seal,2,533880
HybridEdMldsa44,seal,2,530484
HybridEdMldsa44,seal,2,558781
HybridEdMldsa44,seal,2,549028
HybridEdMldsa44,seal,2,542997
HybridEdMldsa44,seal,2,542386
HybridEdMldsa44,seal,2,574587
HybridEdMldsa44,seal,2,568249
HybridEdMldsa44,seal,2,541565
HybridEdMldsa44,seal,2,553500
HybridEdMldsa44,seal,2,544455
HybridEdMldsa44,seal,2,542268
HybridEdMldsa44,seal,2,556529
HybridEdMldsa44,seal,2,559268
HybridEdMldsa44,seal,2,552140
HybridEdMldsa44,seal,2,572788
HybridEdMldsa44,seal,2,554569
HybridEdMldsa44,seal,2,537338
HybridEdMldsa44,seal,2,533140
HybridEdMldsa44,seal,2,540754
HybridEdMldsa44,seal,2,539440
HybridEdMldsa44,seal,2,803060
HybridEdMldsa44,seal,2,609507
HybridEdMldsa44,seal,2,578917
HybridEdMldsa44,seal,2,692380
HybridEdMldsa44,seal,2,565835
HybridEdMldsa44,seal,2,564138
HybridEdMldsa44,seal,2,611751
HybridEdMldsa44,seal,2,566700
HybridEdMldsa44,seal,2,557251
HybridEdMldsa44,seal,2,562645
HybridEdMldsa44,seal,2,556205
HybridEdMldsa44,seal,2,569773
HybridEdMldsa44,seal,2,552399
HybridEdMldsa44,seal,2,586249
HybridEdMldsa44,seal,2,552473
HybridEdMldsa44,seal,2,552947
HybridEdMldsa44,seal,2,573881
HybridEdMldsa44,seal,2,550968
HybridEdMldsa44,seal,2,550051
HybridEdMldsa44,seal,2,590108
HybridEdMldsa44,seal,2,560480
HybridEdMldsa44,seal,2,559513
HybridEdMldsa44,verify_n2,2,469269
HybridEdMldsa44,verify_n2,2,470492
HybridEdMldsa44,verify_n2,2,456047
HybridEdMldsa44,verify_n2,2,460893
HybridEdMldsa44,verify_n2,2,455345
HybridEdMldsa44,verify_n2,2,478803
HybridEdMldsa44,verify_n2,2,460955
HybridEdMldsa44,verify_n2,2,459521
HybridEdMldsa44,verify_n2,2,470537
HybridEdMldsa44,verify_n2,2,484854
HybridEdMldsa44,verify_n2,2,472650
HybridEdMldsa44,verify_n2,2,461299
HybridEdMldsa44,verify_n2,2,465768
HybridEdMldsa44,verify_n2,2,463423
HybridEdMldsa44,verify_n2,2,470280
HybridEdMldsa44,verify_n2,2,452016
HybridEdMldsa44,verify_n2,2,448636
HybridEdMldsa44,verify_n2,2,465106
HybridEdMldsa44,verify_n2,2,451254
HybridEdMldsa44,verify_n2,2,459891
HybridEdMldsa44,verify_n2,2,466201
HybridEdMldsa44,verify_n2,2,474126
HybridEdMldsa44,verify_n2,2,473646
HybridEdMldsa44,verify_n2,2,463903
HybridEdMldsa44,verify_n2,2,456650
HybridEdMldsa44,verify_n2,2,487962
HybridEdMldsa44,verify_n2,2,477744
HybridEdMldsa44,verify_n2,2,468043
HybridEdMldsa44,verify_n2,2,479934
HybridEdMldsa44,verify_n2,2,471072
HybridEdMldsa44,verify_n2,2,460498
HybridEdMldsa44,verify_n2,2,473406
HybridEdMldsa44,verify_n2,2,479477
HybridEdMldsa44,verify_n2,2,464947
HybridEdMldsa44,verify_n2,2,462135
HybridEdMldsa44,verify_n2,2,483992
HybridEdMldsa44,verify_n2,2,467877
HybridEdMldsa44,verify_n2,2,459412
HybridEdMldsa44,verify_n2,2,457502
HybridEdMldsa44,verify_n2,2,471683
HybridEdMldsa44,verify_n2,2,461943
HybridEdMldsa44,verify_n2,2,477510
HybridEdMldsa44,verify_n2,2,458674
HybridEdMldsa44,verify_n2,2,476496
HybridEdMldsa44,verify_n2,2,460948
HybridEdMldsa44,verify_n2,2,460233
HybridEdMldsa44,verify_n2,2,457033
HybridEdMldsa44,verify_n2,2,472004
HybridEdMldsa44,verify_n2,2,481505
HybridEdMldsa44,verify_n2,2,467337
HybridEdMldsa44,verify_n2,2,460379
HybridEdMldsa44,verify_n2,2,468910
HybridEdMldsa44,verify_n2,2,474818
HybridEdMldsa44,verify_n2,2,461519
HybridEdMldsa44,verify_n2,2,467706
HybridEdMldsa44,verify_n2,2,468510
HybridEdMldsa44,verify_n2,2,458325
HybridEdMldsa44,verify_n2,2,466340
HybridEdMldsa44,verify_n2,2,459670
HybridEdMldsa44,verify_n2,2,478432
HybridEdMldsa44,verify_n2,2,470870
HybridEdMldsa44,verify_n2,2,489765
HybridEdMldsa44,verify_n2,2,460744
HybridEdMldsa44,verify_n2,2,473699
HybridEdMldsa44,verify_n2,2,466442
HybridEdMldsa44,verify_n2,2,481098
HybridEdMldsa44,verify_n2,2,469451
HybridEdMldsa44,verify_n2,2,463118
HybridEdMldsa44,verify_n2,2,459795
HybridEdMldsa44,verify_n2,2,465062
HybridEdMldsa44,verify_n2,2,463081
HybridEdMldsa44,verify_n2,2,470549
HybridEdMldsa44,verify_n2,2,459261
HybridEdMldsa44,verify_n2,2,460129
HybridEdMldsa44,verify_n2,2,463745
HybridEdMldsa44,verify_n2,2,474520
HybridEdMldsa44,verify_n2,2,465176
HybridEdMldsa44,verify_n2,2,459804
HybridEdMldsa44,verify_n2,2,484791
HybridEdMldsa44,verify_n2,2,460674
HybridEdMldsa44,verify_n2,2,459674
HybridEdMldsa44,verify_n2,2,458569
HybridEdMldsa44,verify_n2,2,475219
HybridEdMldsa44,verify_n2,2,460172
HybridEdMldsa44,verify_n2,2,458829
HybridEdMldsa44,verify_n2,2,466222
HybridEdMldsa44,verify_n2,2,474858
HybridEdMldsa44,verify_n2,2,460116
HybridEdMldsa44,verify_n2,2,459755
HybridEdMldsa44,verify_n2,2,455919
HybridEdMldsa44,verify_n2,2,461925
HybridEdMldsa44,verify_n2,2,473600
HybridEdMldsa44,verify_n2,2,458544
HybridEdMldsa44,verify_n2,2,455090
HybridEdMldsa44,verify_n2,2,477435
HybridEdMldsa44,verify_n2,2,479917
HybridEdMldsa44,verify_n2,2,469846
HybridEdMldsa44,verify_n2,2,464222
HybridEdMldsa44,verify_n2,2,711873
HybridEdMldsa44,verify_n2,2,599750
HybridEdMldsa44,verify_n2,2,514075
HybridEdMldsa44,authorize,2,8675
HybridEdMldsa44,authorize,2,8202
HybridEdMldsa44,authorize,2,8480
HybridEdMldsa44,authorize,2,8258
HybridEdMldsa44,authorize,2,8050
HybridEdMldsa44,authorize,2,8594
HybridEdMldsa44,authorize,2,8242
HybridEdMldsa44,authorize,2,8151
HybridEdMldsa44,authorize,2,8278
HybridEdMldsa44,authorize,2,8349
HybridEdMldsa44,authorize,2,8287
HybridEdMldsa44,authorize,2,8189
HybridEdMldsa44,authorize,2,8055
HybridEdMldsa44,authorize,2,8125
HybridEdMldsa44,authorize,2,7920
HybridEdMldsa44,authorize,2,7899
HybridEdMldsa44,authorize,2,8146
HybridEdMldsa44,authorize,2,8194
HybridEdMldsa44,authorize,2,7908
HybridEdMldsa44,authorize,2,7882
HybridEdMldsa44,authorize,2,8054
HybridEdMldsa44,authorize,2,8153
HybridEdMldsa44,authorize,2,7943
HybridEdMldsa44,authorize,2,7940
HybridEdMldsa44,authorize,2,8094
HybridEdMldsa44,authorize,2,8284
HybridEdMldsa44,authorize,2,8155
HybridEdMldsa44,authorize,2,8121
HybridEdMldsa44,authorize,2,8141
HybridEdMldsa44,authorize,2,8002
HybridEdMldsa44,authorize,2,8056
HybridEdMldsa44,authorize,2,8011
HybridEdMldsa44,authorize,2,7979
HybridEdMldsa44,authorize,2,7987
HybridEdMldsa44,authorize,2,8157
HybridEdMldsa44,authorize,2,7917
HybridEdMldsa44,authorize,2,7979
HybridEdMldsa44,authorize,2,7755
HybridEdMldsa44,authorize,2,7962
HybridEdMldsa44,authorize,2,8080
HybridEdMldsa44,authorize,2,8000
HybridEdMldsa44,authorize,2,8061
HybridEdMldsa44,authorize,2,7894
HybridEdMldsa44,authorize,2,8304
HybridEdMldsa44,authorize,2,8096
HybridEdMldsa44,authorize,2,22853
HybridEdMldsa44,authorize,2,11397
HybridEdMldsa44,authorize,2,8820
HybridEdMldsa44,authorize,2,8483
HybridEdMldsa44,authorize,2,7921
HybridEdMldsa44,authorize,2,8011
HybridEdMldsa44,authorize,2,8201
HybridEdMldsa44,authorize,2,8122
HybridEdMldsa44,authorize,2,8157
HybridEdMldsa44,authorize,2,8028
HybridEdMldsa44,authorize,2,8116
HybridEdMldsa44,authorize,2,8245
HybridEdMldsa44,authorize,2,8105
HybridEdMldsa44,authorize,2,7811
HybridEdMldsa44,authorize,2,8074
HybridEdMldsa44,authorize,2,7771
HybridEdMldsa44,authorize,2,8193
HybridEdMldsa44,authorize,2,7878
HybridEdMldsa44,authorize,2,8159
HybridEdMldsa44,authorize,2,8015
HybridEdMldsa44,authorize,2,7876
HybridEdMldsa44,authorize,2,7848
HybridEdMldsa44,authorize,2,7948
HybridEdMldsa44,authorize,2,8083
HybridEdMldsa44,authorize,2,8141
HybridEdMldsa44,authorize,2,8011
HybridEdMldsa44,authorize,2,7896
HybridEdMldsa44,authorize,2,7920
HybridEdMldsa44,authorize,2,8389
HybridEdMldsa44,authorize,2,7902
HybridEdMldsa44,authorize,2,8143
HybridEdMldsa44,authorize,2,24292
HybridEdMldsa44,authorize,2,10442
HybridEdMldsa44,authorize,2,8244
HybridEdMldsa44,authorize,2,8477
HybridEdMldsa44,authorize,2,8212
HybridEdMldsa44,authorize,2,8092
HybridEdMldsa44,authorize,2,7846
HybridEdMldsa44,authorize,2,8101
HybridEdMldsa44,authorize,2,8105
HybridEdMldsa44,authorize,2,7917
HybridEdMldsa44,authorize,2,7650
HybridEdMldsa44,authorize,2,7790
HybridEdMldsa44,authorize,2,7980
HybridEdMldsa44,authorize,2,8165
HybridEdMldsa44,authorize,2,7908
HybridEdMldsa44,authorize,2,8110
HybridEdMldsa44,authorize,2,7843
HybridEdMldsa44,authorize,2,8156
HybridEdMldsa44,authorize,2,8073
HybridEdMldsa44,authorize,2,8099
HybridEdMldsa44,authorize,2,7900
HybridEdMldsa44,authorize,2,8150
HybridEdMldsa44,authorize,2,7965
HybridEdMldsa44,authorize,2,8104
HybridEdMldsa44,authorize,2,8089
HybridEdFndsa512,verify_chain,0,144957
HybridEdFndsa512,verify_chain,0,143116
HybridEdFndsa512,verify_chain,0,143312
HybridEdFndsa512,verify_chain,0,142733
HybridEdFndsa512,verify_chain,0,142895
HybridEdFndsa512,verify_chain,0,142537
HybridEdFndsa512,verify_chain,0,152981
HybridEdFndsa512,verify_chain,0,143796
HybridEdFndsa512,verify_chain,0,144374
HybridEdFndsa512,verify_chain,0,143704
HybridEdFndsa512,verify_chain,0,143846
HybridEdFndsa512,verify_chain,0,151345
HybridEdFndsa512,verify_chain,0,146531
HybridEdFndsa512,verify_chain,0,142490
HybridEdFndsa512,verify_chain,0,142689
HybridEdFndsa512,verify_chain,0,143774
HybridEdFndsa512,verify_chain,0,143765
HybridEdFndsa512,verify_chain,0,151247
HybridEdFndsa512,verify_chain,0,152145
HybridEdFndsa512,verify_chain,0,148548
HybridEdFndsa512,verify_chain,0,143190
HybridEdFndsa512,verify_chain,0,143364
HybridEdFndsa512,verify_chain,0,143133
HybridEdFndsa512,verify_chain,0,143720
HybridEdFndsa512,verify_chain,0,145237
HybridEdFndsa512,verify_chain,0,145562
HybridEdFndsa512,verify_chain,0,146310
HybridEdFndsa512,verify_chain,0,211734
HybridEdFndsa512,verify_chain,0,176359
HybridEdFndsa512,verify_chain,0,166937
HybridEdFndsa512,verify_chain,0,146485
HybridEdFndsa512,verify_chain,0,142863
HybridEdFndsa512,verify_chain,0,142037
HybridEdFndsa512,verify_chain,0,153061
HybridEdFndsa512,verify_chain,0,162674
HybridEdFndsa512,verify_chain,0,146263
HybridEdFndsa512,verify_chain,0,143873
HybridEdFndsa512,verify_chain,0,148997
HybridEdFndsa512,verify_chain,0,157463
HybridEdFndsa512,verify_chain,0,142841
HybridEdFndsa512,verify_chain,0,143249
HybridEdFndsa512,verify_chain,0,143355
HybridEdFndsa512,verify_chain,0,143101
HybridEdFndsa512,verify_chain,0,141997
HybridEdFndsa512,verify_chain,0,142785
HybridEdFndsa512,verify_chain,0,143384
HybridEdFndsa512,verify_chain,0,150943
HybridEdFndsa512,verify_chain,0,148380
HybridEdFndsa512,verify_chain,0,142606
HybridEdFndsa512,verify_chain,0,143497
HybridEdFndsa512,verify_chain,0,143012
HybridEdFndsa512,verify_chain,0,142691
HybridEdFndsa512,verify_chain,0,143074
HybridEdFndsa512,verify_chain,0,142678
HybridEdFndsa512,verify_chain,0,144162
HybridEdFndsa512,verify_chain,0,145120
HybridEdFndsa512,verify_chain,0,142438
HybridEdFndsa512,verify_chain,0,142411
HybridEdFndsa512,verify_chain,0,142200
HybridEdFndsa512,verify_chain,0,157440
HybridEdFndsa512,verify_chain,0,153364
HybridEdFndsa512,verify_chain,0,145768
HybridEdFndsa512,verify_chain,0,142495
HybridEdFndsa512,verify_chain,0,143084
HybridEdFndsa512,verify_chain,0,142817
HybridEdFndsa512,verify_chain,0,150962
HybridEdFndsa512,verify_chain,0,144770
HybridEdFndsa512,verify_chain,0,143341
HybridEdFndsa512,verify_chain,0,143401
HybridEdFndsa512,verify_chain,0,142893
HybridEdFndsa512,verify_chain,0,142318
HybridEdFndsa512,verify_chain,0,142833
HybridEdFndsa512,verify_chain,0,143905
HybridEdFndsa512,verify_chain,0,148815
HybridEdFndsa512,verify_chain,0,146262
HybridEdFndsa512,verify_chain,0,143221
HybridEdFndsa512,verify_chain,0,142915
HybridEdFndsa512,verify_chain,0,142722
HybridEdFndsa512,verify_chain,0,143274
HybridEdFndsa512,verify_chain,0,142328
HybridEdFndsa512,verify_chain,0,142772
HybridEdFndsa512,verify_chain,0,144826
HybridEdFndsa512,verify_chain,0,161654
HybridEdFndsa512,verify_chain,0,143129
HybridEdFndsa512,verify_chain,0,140723
HybridEdFndsa512,verify_chain,0,140913
HybridEdFndsa512,verify_chain,0,141168
HybridEdFndsa512,verify_chain,0,150985
HybridEdFndsa512,verify_chain,0,143498
HybridEdFndsa512,verify_chain,0,141539
HybridEdFndsa512,verify_chain,0,144134
HybridEdFndsa512,verify_chain,0,150082
HybridEdFndsa512,verify_chain,0,154168
HybridEdFndsa512,verify_chain,0,154981
HybridEdFndsa512,verify_chain,0,147206
HybridEdFndsa512,verify_chain,0,141220
HybridEdFndsa512,verify_chain,0,140697
HybridEdFndsa512,verify_chain,0,141545
HybridEdFndsa512,verify_chain,0,143391
HybridEdFndsa512,verify_chain,0,141903
HybridEdFndsa512,verify_chain,0,150774
HybridEdFndsa512,verify_chain,1,211493
HybridEdFndsa512,verify_chain,1,215276
HybridEdFndsa512,verify_chain,1,219979
HybridEdFndsa512,verify_chain,1,221110
HybridEdFndsa512,verify_chain,1,255397
HybridEdFndsa512,verify_chain,1,213408
HybridEdFndsa512,verify_chain,1,224880
HybridEdFndsa512,verify_chain,1,215534
HybridEdFndsa512,verify_chain,1,213285
HybridEdFndsa512,verify_chain,1,212045
HybridEdFndsa512,verify_chain,1,211393
HybridEdFndsa512,verify_chain,1,211351
HybridEdFndsa512,verify_chain,1,212129
HybridEdFndsa512,verify_chain,1,223515
HybridEdFndsa512,verify_chain,1,214405
HybridEdFndsa512,verify_chain,1,211933
HybridEdFndsa512,verify_chain,1,211014
HybridEdFndsa512,verify_chain,1,211279
HybridEdFndsa512,verify_chain,1,211590
HybridEdFndsa512,verify_chain,1,212213
HybridEdFndsa512,verify_chain,1,223249
HybridEdFndsa512,verify_chain,1,213959
HybridEdFndsa512,verify_chain,1,223236
HybridEdFndsa512,verify_chain,1,216347
HybridEdFndsa512,verify_chain,1,212445
HybridEdFndsa512,verify_chain,1,211462
HybridEdFndsa512,verify_chain,1,217287
HybridEdFndsa512,verify_chain,1,218127
HybridEdFndsa512,verify_chain,1,212146
HybridEdFndsa512,verify_chain,1,212563
HybridEdFndsa512,verify_chain,1,223688
HybridEdFndsa512,verify_chain,1,213920
HybridEdFndsa512,verify_chain,1,212948
HybridEdFndsa512,verify_chain,1,212464
HybridEdFndsa512,verify_chain,1,211874
HybridEdFndsa512,verify_chain,1,213299
HybridEdFndsa512,verify_chain,1,211535
HybridEdFndsa512,verify_chain,1,212361
HybridEdFndsa512,verify_chain,1,216547
HybridEdFndsa512,verify_chain,1,250047
HybridEdFndsa512,verify_chain,1,213987
HybridEdFndsa512,verify_chain,1,211622
HybridEdFndsa512,verify_chain,1,213345
HybridEdFndsa512,verify_chain,1,212364
HybridEdFndsa512,verify_chain,1,211844
HybridEdFndsa512,verify_chain,1,212017
HybridEdFndsa512,verify_chain,1,218617
HybridEdFndsa512,verify_chain,1,217398
HybridEdFndsa512,verify_chain,1,223931
HybridEdFndsa512,verify_chain,1,214148
HybridEdFndsa512,verify_chain,1,253953
HybridEdFndsa512,verify_chain,1,218785
HybridEdFndsa512,verify_chain,1,213103
HybridEdFndsa512,verify_chain,1,212618
HybridEdFndsa512,verify_chain,1,213284
HybridEdFndsa512,verify_chain,1,221361
HybridEdFndsa512,verify_chain,1,215843
HybridEdFndsa512,verify_chain,1,226157
HybridEdFndsa512,verify_chain,1,212681
HybridEdFndsa512,verify_chain,1,212325
HybridEdFndsa512,verify_chain,1,217670
HybridEdFndsa512,verify_chain,1,225566
HybridEdFndsa512,verify_chain,1,211739
HybridEdFndsa512,verify_chain,1,211359
HybridEdFndsa512,verify_chain,1,222393
HybridEdFndsa512,verify_chain,1,216456
HybridEdFndsa512,verify_chain,1,217743
HybridEdFndsa512,verify_chain,1,217194
HybridEdFndsa512,verify_chain,1,211187
HybridEdFndsa512,verify_chain,1,212014
HybridEdFndsa512,verify_chain,1,211936
HybridEdFndsa512,verify_chain,1,211241
HybridEdFndsa512,verify_chain,1,221261
HybridEdFndsa512,verify_chain,1,215167
HybridEdFndsa512,verify_chain,1,212164
HybridEdFndsa512,verify_chain,1,215330
HybridEdFndsa512,verify_chain,1,220853
HybridEdFndsa512,verify_chain,1,212185
HybridEdFndsa512,verify_chain,1,212282
HybridEdFndsa512,verify_chain,1,214623
HybridEdFndsa512,verify_chain,1,222670
HybridEdFndsa512,verify_chain,1,212664
HybridEdFndsa512,verify_chain,1,211881
HybridEdFndsa512,verify_chain,1,212375
HybridEdFndsa512,verify_chain,1,211280
HybridEdFndsa512,verify_chain,1,212187
HybridEdFndsa512,verify_chain,1,211565
HybridEdFndsa512,verify_chain,1,224034
HybridEdFndsa512,verify_chain,1,213719
HybridEdFndsa512,verify_chain,1,220634
HybridEdFndsa512,verify_chain,1,213988
HybridEdFndsa512,verify_chain,1,213373
HybridEdFndsa512,verify_chain,1,211839
HybridEdFndsa512,verify_chain,1,212087
HybridEdFndsa512,verify_chain,1,220905
HybridEdFndsa512,verify_chain,1,242877
HybridEdFndsa512,verify_chain,1,220357
HybridEdFndsa512,verify_chain,1,213971
HybridEdFndsa512,verify_chain,1,244388
HybridEdFndsa512,verify_chain,1,213761
HybridEdFndsa512,verify_chain,1,225360
HybridEdFndsa512,verify_chain,2,283977
HybridEdFndsa512,verify_chain,2,279537
HybridEdFndsa512,verify_chain,2,280223
HybridEdFndsa512,verify_chain,2,300757
HybridEdFndsa512,verify_chain,2,288258
HybridEdFndsa512,verify_chain,2,299144
HybridEdFndsa512,verify_chain,2,289509
HybridEdFndsa512,verify_chain,2,279854
HybridEdFndsa512,verify_chain,2,289857
HybridEdFndsa512,verify_chain,2,283522
HybridEdFndsa512,verify_chain,2,276419
HybridEdFndsa512,verify_chain,2,276056
HybridEdFndsa512,verify_chain,2,276700
HybridEdFndsa512,verify_chain,2,286657
HybridEdFndsa512,verify_chain,2,277925
HybridEdFndsa512,verify_chain,2,276384
HybridEdFndsa512,verify_chain,2,274977
HybridEdFndsa512,verify_chain,2,275764
HybridEdFndsa512,verify_chain,2,279020
HybridEdFndsa512,verify_chain,2,293619
HybridEdFndsa512,verify_chain,2,277044
HybridEdFndsa512,verify_chain,2,278549
HybridEdFndsa512,verify_chain,2,274996
HybridEdFndsa512,verify_chain,2,278942
HybridEdFndsa512,verify_chain,2,279436
HybridEdFndsa512,verify_chain,2,290417
HybridEdFndsa512,verify_chain,2,279037
HybridEdFndsa512,verify_chain,2,275648
HybridEdFndsa512,verify_chain,2,276085
HybridEdFndsa512,verify_chain,2,275769
HybridEdFndsa512,verify_chain,2,274643
HybridEdFndsa512,verify_chain,2,284442
HybridEdFndsa512,verify_chain,2,278924
HybridEdFndsa512,verify_chain,2,285642
HybridEdFndsa512,verify_chain,2,280643
HybridEdFndsa512,verify_chain,2,275509
HybridEdFndsa512,verify_chain,2,275084
HybridEdFndsa512,verify_chain,2,286362
HybridEdFndsa512,verify_chain,2,278627
HybridEdFndsa512,verify_chain,2,278093
HybridEdFndsa512,verify_chain,2,275527
HybridEdFndsa512,verify_chain,2,275209
HybridEdFndsa512,verify_chain,2,274592
HybridEdFndsa512,verify_chain,2,288509
HybridEdFndsa512,verify_chain,2,299419
HybridEdFndsa512,verify_chain,2,298850
HybridEdFndsa512,verify_chain,2,308373
HybridEdFndsa512,verify_chain,2,305844
HybridEdFndsa512,verify_chain,2,315991
HybridEdFndsa512,verify_chain,2,301331
HybridEdFndsa512,verify_chain,2,282879
HybridEdFndsa512,verify_chain,2,283642
HybridEdFndsa512,verify_chain,2,277655
HybridEdFndsa512,verify_chain,2,288927
HybridEdFndsa512,verify_chain,2,286965
HybridEdFndsa512,verify_chain,2,303834
HybridEdFndsa512,verify_chain,2,276906
HybridEdFndsa512,verify_chain,2,276020
HybridEdFndsa512,verify_chain,2,276614
HybridEdFndsa512,verify_chain,2,301184
HybridEdFndsa512,verify_chain,2,301339
HybridEdFndsa512,verify_chain,2,310581
HybridEdFndsa512,verify_chain,2,280887
HybridEdFndsa512,verify_chain,2,275436
HybridEdFndsa512,verify_chain,2,300995
HybridEdFndsa512,verify_chain,2,276122
HybridEdFndsa512,verify_chain,2,276699
HybridEdFndsa512,verify_chain,2,294730
HybridEdFndsa512,verify_chain,2,287879
HybridEdFndsa512,verify_chain,2,288404
HybridEdFndsa512,verify_chain,2,274318
HybridEdFndsa512,verify_chain,2,316221
HybridEdFndsa512,verify_chain,2,277670
HybridEdFndsa512,verify_chain,2,295215
HybridEdFndsa512,verify_chain,2,289541
HybridEdFndsa512,verify_chain,2,287299
HybridEdFndsa512,verify_chain,2,274688
HybridEdFndsa512,verify_chain,2,285312
HybridEdFndsa512,verify_chain,2,289992
HybridEdFndsa512,verify_chain,2,277031
HybridEdFndsa512,verify_chain,2,275291
HybridEdFndsa512,verify_chain,2,286215
HybridEdFndsa512,verify_chain,2,284302
HybridEdFndsa512,verify_chain,2,286358
HybridEdFndsa512,verify_chain,2,275861
HybridEdFndsa512,verify_chain,2,275333
HybridEdFndsa512,verify_chain,2,275011
HybridEdFndsa512,verify_chain,2,274727
HybridEdFndsa512,verify_chain,2,313707
HybridEdFndsa512,verify_chain,2,286871
HybridEdFndsa512,verify_chain,2,276460
HybridEdFndsa512,verify_chain,2,275606
HybridEdFndsa512,verify_chain,2,275477
HybridEdFndsa512,verify_chain,2,291962
HybridEdFndsa512,verify_chain,2,283775
HybridEdFndsa512,verify_chain,2,287591
HybridEdFndsa512,verify_chain,2,277195
HybridEdFndsa512,verify_chain,2,275195
HybridEdFndsa512,verify_chain,2,274149
HybridEdFndsa512,verify_chain,2,296325
HybridEdFndsa512,verify_chain,2,283224
HybridEdFndsa512,verify_chain,5,532082
HybridEdFndsa512,verify_chain,5,505089
HybridEdFndsa512,verify_chain,5,517324
HybridEdFndsa512,verify_chain,5,513290
HybridEdFndsa512,verify_chain,5,514775
HybridEdFndsa512,verify_chain,5,507835
HybridEdFndsa512,verify_chain,5,515541
HybridEdFndsa512,verify_chain,5,518725
HybridEdFndsa512,verify_chain,5,515043
HybridEdFndsa512,verify_chain,5,500171
HybridEdFndsa512,verify_chain,5,524417
HybridEdFndsa512,verify_chain,5,502424
HybridEdFndsa512,verify_chain,5,497736
HybridEdFndsa512,verify_chain,5,499182
HybridEdFndsa512,verify_chain,5,514078
HybridEdFndsa512,verify_chain,5,505086
HybridEdFndsa512,verify_chain,5,537046
HybridEdFndsa512,verify_chain,5,527042
HybridEdFndsa512,verify_chain,5,513520
HybridEdFndsa512,verify_chain,5,499696
HybridEdFndsa512,verify_chain,5,504053
HybridEdFndsa512,verify_chain,5,511467
HybridEdFndsa512,verify_chain,5,509944
HybridEdFndsa512,verify_chain,5,511506
HybridEdFndsa512,verify_chain,5,513687
HybridEdFndsa512,verify_chain,5,504102
HybridEdFndsa512,verify_chain,5,499259
HybridEdFndsa512,verify_chain,5,497678
HybridEdFndsa512,verify_chain,5,511108
HybridEdFndsa512,verify_chain,5,501012
HybridEdFndsa512,verify_chain,5,498574
HybridEdFndsa512,verify_chain,5,509592
HybridEdFndsa512,verify_chain,5,533594
HybridEdFndsa512,verify_chain,5,509877
HybridEdFndsa512,verify_chain,5,500049
HybridEdFndsa512,verify_chain,5,506666
HybridEdFndsa512,verify_chain,5,500779
HybridEdFndsa512,verify_chain,5,498800
HybridEdFndsa512,verify_chain,5,496371
HybridEdFndsa512,verify_chain,5,516212
HybridEdFndsa512,verify_chain,5,504267
HybridEdFndsa512,verify_chain,5,498515
HybridEdFndsa512,verify_chain,5,500420
HybridEdFndsa512,verify_chain,5,523505
HybridEdFndsa512,verify_chain,5,505234
HybridEdFndsa512,verify_chain,5,499849
HybridEdFndsa512,verify_chain,5,513299
HybridEdFndsa512,verify_chain,5,515047
HybridEdFndsa512,verify_chain,5,508440
HybridEdFndsa512,verify_chain,5,568464
HybridEdFndsa512,verify_chain,5,522089
HybridEdFndsa512,verify_chain,5,501175
HybridEdFndsa512,verify_chain,5,562815
HybridEdFndsa512,verify_chain,5,540026
HybridEdFndsa512,verify_chain,5,517475
HybridEdFndsa512,verify_chain,5,532160
HybridEdFndsa512,verify_chain,5,505760
HybridEdFndsa512,verify_chain,5,504822
HybridEdFndsa512,verify_chain,5,524963
HybridEdFndsa512,verify_chain,5,536717
HybridEdFndsa512,verify_chain,5,525731
HybridEdFndsa512,verify_chain,5,525043
HybridEdFndsa512,verify_chain,5,541420
HybridEdFndsa512,verify_chain,5,535669
HybridEdFndsa512,verify_chain,5,525376
HybridEdFndsa512,verify_chain,5,535124
HybridEdFndsa512,verify_chain,5,532776
HybridEdFndsa512,verify_chain,5,546234
HybridEdFndsa512,verify_chain,5,526935
HybridEdFndsa512,verify_chain,5,540227
HybridEdFndsa512,verify_chain,5,541227
HybridEdFndsa512,verify_chain,5,528990
HybridEdFndsa512,verify_chain,5,558177
HybridEdFndsa512,verify_chain,5,535109
HybridEdFndsa512,verify_chain,5,527829
HybridEdFndsa512,verify_chain,5,522825
HybridEdFndsa512,verify_chain,5,536739
HybridEdFndsa512,verify_chain,5,533483
HybridEdFndsa512,verify_chain,5,532956
HybridEdFndsa512,verify_chain,5,557750
HybridEdFndsa512,verify_chain,5,560443
HybridEdFndsa512,verify_chain,5,540640
HybridEdFndsa512,verify_chain,5,530412
HybridEdFndsa512,verify_chain,5,534924
HybridEdFndsa512,verify_chain,5,530644
HybridEdFndsa512,verify_chain,5,533521
HybridEdFndsa512,verify_chain,5,546367
HybridEdFndsa512,verify_chain,5,524104
HybridEdFndsa512,verify_chain,5,520464
HybridEdFndsa512,verify_chain,5,525213
HybridEdFndsa512,verify_chain,5,540625
HybridEdFndsa512,verify_chain,5,525381
HybridEdFndsa512,verify_chain,5,537361
HybridEdFndsa512,verify_chain,5,532168
HybridEdFndsa512,verify_chain,5,527915
HybridEdFndsa512,verify_chain,5,520451
HybridEdFndsa512,verify_chain,5,524248
HybridEdFndsa512,verify_chain,5,536175
HybridEdFndsa512,verify_chain,5,525501
HybridEdFndsa512,verify_chain,5,535484
HybridEdFndsa512,verify_chain,5,541312
HybridEdFndsa512,verify_chain,10,854206
HybridEdFndsa512,verify_chain,10,857463
HybridEdFndsa512,verify_chain,10,857252
HybridEdFndsa512,verify_chain,10,842671
HybridEdFndsa512,verify_chain,10,854170
HybridEdFndsa512,verify_chain,10,834329
HybridEdFndsa512,verify_chain,10,843459
HybridEdFndsa512,verify_chain,10,852556
HybridEdFndsa512,verify_chain,10,875574
HybridEdFndsa512,verify_chain,10,842621
HybridEdFndsa512,verify_chain,10,840690
HybridEdFndsa512,verify_chain,10,831383
HybridEdFndsa512,verify_chain,10,854164
HybridEdFndsa512,verify_chain,10,847598
HybridEdFndsa512,verify_chain,10,852728
HybridEdFndsa512,verify_chain,10,844786
HybridEdFndsa512,verify_chain,10,1074365
HybridEdFndsa512,verify_chain,10,1025922
HybridEdFndsa512,verify_chain,10,990184
HybridEdFndsa512,verify_chain,10,857014
HybridEdFndsa512,verify_chain,10,940475
HybridEdFndsa512,verify_chain,10,867672
HybridEdFndsa512,verify_chain,10,865825
HybridEdFndsa512,verify_chain,10,835430
HybridEdFndsa512,verify_chain,10,843818
HybridEdFndsa512,verify_chain,10,835685
HybridEdFndsa512,verify_chain,10,856799
HybridEdFndsa512,verify_chain,10,832959
HybridEdFndsa512,verify_chain,10,851037
HybridEdFndsa512,verify_chain,10,866183
HybridEdFndsa512,verify_chain,10,863515
HybridEdFndsa512,verify_chain,10,889929
HybridEdFndsa512,verify_chain,10,884651
HybridEdFndsa512,verify_chain,10,860378
HybridEdFndsa512,verify_chain,10,888404
HybridEdFndsa512,verify_chain,10,969061
HybridEdFndsa512,verify_chain,10,871950
HybridEdFndsa512,verify_chain,10,864162
HybridEdFndsa512,verify_chain,10,834689
HybridEdFndsa512,verify_chain,10,842915
HybridEdFndsa512,verify_chain,10,842612
HybridEdFndsa512,verify_chain,10,851656
HybridEdFndsa512,verify_chain,10,828830
HybridEdFndsa512,verify_chain,10,851241
HybridEdFndsa512,verify_chain,10,835699
HybridEdFndsa512,verify_chain,10,855578
HybridEdFndsa512,verify_chain,10,838949
HybridEdFndsa512,verify_chain,10,841931
HybridEdFndsa512,verify_chain,10,844903
HybridEdFndsa512,verify_chain,10,830960
HybridEdFndsa512,verify_chain,10,884879
HybridEdFndsa512,verify_chain,10,834652
HybridEdFndsa512,verify_chain,10,839305
HybridEdFndsa512,verify_chain,10,856472
HybridEdFndsa512,verify_chain,10,901858
HybridEdFndsa512,verify_chain,10,999810
HybridEdFndsa512,verify_chain,10,868782
HybridEdFndsa512,verify_chain,10,981700
HybridEdFndsa512,verify_chain,10,874429
HybridEdFndsa512,verify_chain,10,896106
HybridEdFndsa512,verify_chain,10,868965
HybridEdFndsa512,verify_chain,10,885400
HybridEdFndsa512,verify_chain,10,850708
HybridEdFndsa512,verify_chain,10,872682
HybridEdFndsa512,verify_chain,10,859528
HybridEdFndsa512,verify_chain,10,847147
HybridEdFndsa512,verify_chain,10,844896
HybridEdFndsa512,verify_chain,10,849135
HybridEdFndsa512,verify_chain,10,863692
HybridEdFndsa512,verify_chain,10,851417
HybridEdFndsa512,verify_chain,10,844250
HybridEdFndsa512,verify_chain,10,846240
HybridEdFndsa512,verify_chain,10,912992
HybridEdFndsa512,verify_chain,10,909861
HybridEdFndsa512,verify_chain,10,871431
HybridEdFndsa512,verify_chain,10,854817
HybridEdFndsa512,verify_chain,10,862542
HybridEdFndsa512,verify_chain,10,866829
HybridEdFndsa512,verify_chain,10,875811
HybridEdFndsa512,verify_chain,10,856343
HybridEdFndsa512,verify_chain,10,863238
HybridEdFndsa512,verify_chain,10,849752
HybridEdFndsa512,verify_chain,10,884957
HybridEdFndsa512,verify_chain,10,871728
HybridEdFndsa512,verify_chain,10,891421
HybridEdFndsa512,verify_chain,10,852546
HybridEdFndsa512,verify_chain,10,862914
HybridEdFndsa512,verify_chain,10,863967
HybridEdFndsa512,verify_chain,10,850951
HybridEdFndsa512,verify_chain,10,865517
HybridEdFndsa512,verify_chain,10,869305
HybridEdFndsa512,verify_chain,10,893670
HybridEdFndsa512,verify_chain,10,871393
HybridEdFndsa512,verify_chain,10,882404
HybridEdFndsa512,verify_chain,10,871249
HybridEdFndsa512,verify_chain,10,896559
HybridEdFndsa512,verify_chain,10,875787
HybridEdFndsa512,verify_chain,10,877119
HybridEdFndsa512,verify_chain,10,872518
HybridEdFndsa512,verify_chain,10,885321
HybridEdFndsa512,verify_chain,10,888636
HybridEdFndsa512,authority_build,2,9896432
HybridEdFndsa512,authority_build,2,11239500
HybridEdFndsa512,authority_build,2,13867118
HybridEdFndsa512,authority_build,2,15623944
HybridEdFndsa512,authority_build,2,9463134
HybridEdFndsa512,authority_build,2,10450896
HybridEdFndsa512,authority_build,2,9494299
HybridEdFndsa512,authority_build,2,12396489
HybridEdFndsa512,authority_build,2,9419551
HybridEdFndsa512,authority_build,2,29482652
HybridEdFndsa512,authority_build,2,11070956
HybridEdFndsa512,authority_build,2,11361628
HybridEdFndsa512,authority_build,2,9403925
HybridEdFndsa512,authority_build,2,20821905
HybridEdFndsa512,authority_build,2,10025710
HybridEdFndsa512,authority_build,2,9257443
HybridEdFndsa512,authority_build,2,9529815
HybridEdFndsa512,authority_build,2,10884102
HybridEdFndsa512,authority_build,2,12423564
HybridEdFndsa512,authority_build,2,10953140
HybridEdFndsa512,authority_build,2,10696845
HybridEdFndsa512,authority_build,2,11720889
HybridEdFndsa512,authority_build,2,13238004
HybridEdFndsa512,authority_build,2,13884597
HybridEdFndsa512,authority_build,2,10580434
HybridEdFndsa512,authority_build,2,16348168
HybridEdFndsa512,authority_build,2,9989125
HybridEdFndsa512,authority_build,2,11410651
HybridEdFndsa512,authority_build,2,15286535
HybridEdFndsa512,authority_build,2,9594961
HybridEdFndsa512,authority_build,2,14112404
HybridEdFndsa512,authority_build,2,12191856
HybridEdFndsa512,authority_build,2,10069650
HybridEdFndsa512,authority_build,2,18435409
HybridEdFndsa512,authority_build,2,11815433
HybridEdFndsa512,authority_build,2,11387820
HybridEdFndsa512,authority_build,2,13271892
HybridEdFndsa512,authority_build,2,12766717
HybridEdFndsa512,authority_build,2,9454083
HybridEdFndsa512,authority_build,2,12591784
HybridEdFndsa512,authority_build,2,10313074
HybridEdFndsa512,authority_build,2,10470005
HybridEdFndsa512,authority_build,2,10696855
HybridEdFndsa512,authority_build,2,15035313
HybridEdFndsa512,authority_build,2,18599426
HybridEdFndsa512,authority_build,2,27431842
HybridEdFndsa512,authority_build,2,12024805
HybridEdFndsa512,authority_build,2,9557746
HybridEdFndsa512,authority_build,2,11773111
HybridEdFndsa512,authority_build,2,18791887
HybridEdFndsa512,authority_build,2,15686413
HybridEdFndsa512,authority_build,2,13189081
HybridEdFndsa512,authority_build,2,14433902
HybridEdFndsa512,authority_build,2,10084553
HybridEdFndsa512,authority_build,2,9329318
HybridEdFndsa512,authority_build,2,12779375
HybridEdFndsa512,authority_build,2,9805680
HybridEdFndsa512,authority_build,2,9333919
HybridEdFndsa512,authority_build,2,10597999
HybridEdFndsa512,authority_build,2,10242851
HybridEdFndsa512,authority_build,2,11947484
HybridEdFndsa512,authority_build,2,11852099
HybridEdFndsa512,authority_build,2,9457503
HybridEdFndsa512,authority_build,2,9550261
HybridEdFndsa512,authority_build,2,14262043
HybridEdFndsa512,authority_build,2,9570340
HybridEdFndsa512,authority_build,2,13391562
HybridEdFndsa512,authority_build,2,10511897
HybridEdFndsa512,authority_build,2,12570819
HybridEdFndsa512,authority_build,2,9373795
HybridEdFndsa512,authority_build,2,10249759
HybridEdFndsa512,authority_build,2,10008408
HybridEdFndsa512,authority_build,2,13699726
HybridEdFndsa512,authority_build,2,11520117
HybridEdFndsa512,authority_build,2,10650067
HybridEdFndsa512,authority_build,2,10549547
HybridEdFndsa512,authority_build,2,15363884
HybridEdFndsa512,authority_build,2,12331398
HybridEdFndsa512,authority_build,2,19740953
HybridEdFndsa512,authority_build,2,14238035
HybridEdFndsa512,authority_build,2,10576493
HybridEdFndsa512,authority_build,2,21349992
HybridEdFndsa512,authority_build,2,12840417
HybridEdFndsa512,authority_build,2,9860102
HybridEdFndsa512,authority_build,2,9993568
HybridEdFndsa512,authority_build,2,10641121
HybridEdFndsa512,authority_build,2,11330244
HybridEdFndsa512,authority_build,2,11731863
HybridEdFndsa512,authority_build,2,11059254
HybridEdFndsa512,authority_build,2,14508219
HybridEdFndsa512,authority_build,2,11538620
HybridEdFndsa512,authority_build,2,10364362
HybridEdFndsa512,authority_build,2,11239957
HybridEdFndsa512,authority_build,2,17664666
HybridEdFndsa512,authority_build,2,13722258
HybridEdFndsa512,authority_build,2,14528871
HybridEdFndsa512,authority_build,2,13846392
HybridEdFndsa512,authority_build,2,14444681
HybridEdFndsa512,authority_build,2,10067810
HybridEdFndsa512,authority_build,2,9768428
HybridEdFndsa512,authority_build,2,11422239
HybridEdFndsa512,append_hop,2,9931157
HybridEdFndsa512,append_hop,2,11397165
HybridEdFndsa512,append_hop,2,14211578
HybridEdFndsa512,append_hop,2,14987859
HybridEdFndsa512,append_hop,2,13788127
HybridEdFndsa512,append_hop,2,9744304
HybridEdFndsa512,append_hop,2,19548894
HybridEdFndsa512,append_hop,2,16602582
HybridEdFndsa512,append_hop,2,12018000
HybridEdFndsa512,append_hop,2,15932945
HybridEdFndsa512,append_hop,2,11749406
HybridEdFndsa512,append_hop,2,11565480
HybridEdFndsa512,append_hop,2,10905360
HybridEdFndsa512,append_hop,2,10443094
HybridEdFndsa512,append_hop,2,11644447
HybridEdFndsa512,append_hop,2,10509582
HybridEdFndsa512,append_hop,2,10659774
HybridEdFndsa512,append_hop,2,9780363
HybridEdFndsa512,append_hop,2,10513729
HybridEdFndsa512,append_hop,2,21267517
HybridEdFndsa512,append_hop,2,11975516
HybridEdFndsa512,append_hop,2,9994750
HybridEdFndsa512,append_hop,2,9805471
HybridEdFndsa512,append_hop,2,12029540
HybridEdFndsa512,append_hop,2,15036277
HybridEdFndsa512,append_hop,2,11916413
HybridEdFndsa512,append_hop,2,13750537
HybridEdFndsa512,append_hop,2,13301803
HybridEdFndsa512,append_hop,2,11206343
HybridEdFndsa512,append_hop,2,10771583
HybridEdFndsa512,append_hop,2,10607409
HybridEdFndsa512,append_hop,2,10732046
HybridEdFndsa512,append_hop,2,15333368
HybridEdFndsa512,append_hop,2,12206913
HybridEdFndsa512,append_hop,2,16124798
HybridEdFndsa512,append_hop,2,13600691
HybridEdFndsa512,append_hop,2,10329874
HybridEdFndsa512,append_hop,2,10388149
HybridEdFndsa512,append_hop,2,20223540
HybridEdFndsa512,append_hop,2,10128472
HybridEdFndsa512,append_hop,2,16826039
HybridEdFndsa512,append_hop,2,12140316
HybridEdFndsa512,append_hop,2,10490988
HybridEdFndsa512,append_hop,2,13333513
HybridEdFndsa512,append_hop,2,12212677
HybridEdFndsa512,append_hop,2,19136342
HybridEdFndsa512,append_hop,2,10760758
HybridEdFndsa512,append_hop,2,12638405
HybridEdFndsa512,append_hop,2,27963929
HybridEdFndsa512,append_hop,2,10218822
HybridEdFndsa512,append_hop,2,9814065
HybridEdFndsa512,append_hop,2,12593160
HybridEdFndsa512,append_hop,2,13804229
HybridEdFndsa512,append_hop,2,9685802
HybridEdFndsa512,append_hop,2,11069650
HybridEdFndsa512,append_hop,2,13284449
HybridEdFndsa512,append_hop,2,12262878
HybridEdFndsa512,append_hop,2,13572219
HybridEdFndsa512,append_hop,2,12007165
HybridEdFndsa512,append_hop,2,12685349
HybridEdFndsa512,append_hop,2,18025710
HybridEdFndsa512,append_hop,2,10552786
HybridEdFndsa512,append_hop,2,13980238
HybridEdFndsa512,append_hop,2,15745637
HybridEdFndsa512,append_hop,2,14457866
HybridEdFndsa512,append_hop,2,10024775
HybridEdFndsa512,append_hop,2,11718352
HybridEdFndsa512,append_hop,2,11594994
HybridEdFndsa512,append_hop,2,18491387
HybridEdFndsa512,append_hop,2,9679819
HybridEdFndsa512,append_hop,2,18137646
HybridEdFndsa512,append_hop,2,13885299
HybridEdFndsa512,append_hop,2,20308864
HybridEdFndsa512,append_hop,2,18682191
HybridEdFndsa512,append_hop,2,18714735
HybridEdFndsa512,append_hop,2,9781252
HybridEdFndsa512,append_hop,2,12581064
HybridEdFndsa512,append_hop,2,19750022
HybridEdFndsa512,append_hop,2,19694180
HybridEdFndsa512,append_hop,2,11900198
HybridEdFndsa512,append_hop,2,11536082
HybridEdFndsa512,append_hop,2,10521053
HybridEdFndsa512,append_hop,2,11174929
HybridEdFndsa512,append_hop,2,10916315
HybridEdFndsa512,append_hop,2,9672220
HybridEdFndsa512,append_hop,2,9807520
HybridEdFndsa512,append_hop,2,9993144
HybridEdFndsa512,append_hop,2,10428759
HybridEdFndsa512,append_hop,2,13951377
HybridEdFndsa512,append_hop,2,15126130
HybridEdFndsa512,append_hop,2,11947327
HybridEdFndsa512,append_hop,2,11295623
HybridEdFndsa512,append_hop,2,12214017
HybridEdFndsa512,append_hop,2,18462428
HybridEdFndsa512,append_hop,2,21395272
HybridEdFndsa512,append_hop,2,16326337
HybridEdFndsa512,append_hop,2,9664401
HybridEdFndsa512,append_hop,2,17447969
HybridEdFndsa512,append_hop,2,10457053
HybridEdFndsa512,append_hop,2,10219252
HybridEdFndsa512,append_hop,2,11842368
HybridEdFndsa512,seal,2,2868832
HybridEdFndsa512,seal,2,2815199
HybridEdFndsa512,seal,2,2748313
HybridEdFndsa512,seal,2,2741193
HybridEdFndsa512,seal,2,2780954
HybridEdFndsa512,seal,2,2803941
HybridEdFndsa512,seal,2,2914436
HybridEdFndsa512,seal,2,2776298
HybridEdFndsa512,seal,2,2794932
HybridEdFndsa512,seal,2,2753391
HybridEdFndsa512,seal,2,2753136
HybridEdFndsa512,seal,2,2725631
HybridEdFndsa512,seal,2,2805493
HybridEdFndsa512,seal,2,2794079
HybridEdFndsa512,seal,2,2783131
HybridEdFndsa512,seal,2,2781673
HybridEdFndsa512,seal,2,2835268
HybridEdFndsa512,seal,2,2711819
HybridEdFndsa512,seal,2,2777705
HybridEdFndsa512,seal,2,2800618
HybridEdFndsa512,seal,2,2794910
HybridEdFndsa512,seal,2,2803334
HybridEdFndsa512,seal,2,2798454
HybridEdFndsa512,seal,2,2772031
HybridEdFndsa512,seal,2,2789954
HybridEdFndsa512,seal,2,2778733
HybridEdFndsa512,seal,2,2827658
HybridEdFndsa512,seal,2,2785862
HybridEdFndsa512,seal,2,2766465
HybridEdFndsa512,seal,2,2724418
HybridEdFndsa512,seal,2,2781395
HybridEdFndsa512,seal,2,2770709
HybridEdFndsa512,seal,2,2783626
HybridEdFndsa512,seal,2,2705045
HybridEdFndsa512,seal,2,2757608
HybridEdFndsa512,seal,2,2718001
HybridEdFndsa512,seal,2,2788590
HybridEdFndsa512,seal,2,2731164
HybridEdFndsa512,seal,2,2761143
HybridEdFndsa512,seal,2,2736485
HybridEdFndsa512,seal,2,2743958
HybridEdFndsa512,seal,2,2716097
HybridEdFndsa512,seal,2,2780509
HybridEdFndsa512,seal,2,2750988
HybridEdFndsa512,seal,2,2820058
HybridEdFndsa512,seal,2,2797293
HybridEdFndsa512,seal,2,2808629
HybridEdFndsa512,seal,2,2769103
HybridEdFndsa512,seal,2,2911700
HybridEdFndsa512,seal,2,3208553
HybridEdFndsa512,seal,2,2793490
HybridEdFndsa512,seal,2,2828025
HybridEdFndsa512,seal,2,2821428
HybridEdFndsa512,seal,2,2792639
HybridEdFndsa512,seal,2,2882969
HybridEdFndsa512,seal,2,2916912
HybridEdFndsa512,seal,2,2803775
HybridEdFndsa512,seal,2,2784365
HybridEdFndsa512,seal,2,2839256
HybridEdFndsa512,seal,2,2784061
HybridEdFndsa512,seal,2,3006921
HybridEdFndsa512,seal,2,2806252
HybridEdFndsa512,seal,2,2838811
HybridEdFndsa512,seal,2,2790662
HybridEdFndsa512,seal,2,2796337
HybridEdFndsa512,seal,2,2825997
HybridEdFndsa512,seal,2,2848512
HybridEdFndsa512,seal,2,2772519
HybridEdFndsa512,seal,2,2817453
HybridEdFndsa512,seal,2,2785801
HybridEdFndsa512,seal,2,2758816
HybridEdFndsa512,seal,2,2725385
HybridEdFndsa512,seal,2,2894186
HybridEdFndsa512,seal,2,2807887
HybridEdFndsa512,seal,2,2787415
HybridEdFndsa512,seal,2,2774416
HybridEdFndsa512,seal,2,2787147
HybridEdFndsa512,seal,2,2772850
HybridEdFndsa512,seal,2,2860059
HybridEdFndsa512,seal,2,2799425
HybridEdFndsa512,seal,2,2826018
HybridEdFndsa512,seal,2,2806799
HybridEdFndsa512,seal,2,2870619
HybridEdFndsa512,seal,2,2813632
HybridEdFndsa512,seal,2,2831192
HybridEdFndsa512,seal,2,2811945
HybridEdFndsa512,seal,2,2810237
HybridEdFndsa512,seal,2,2799724
HybridEdFndsa512,seal,2,2821585
HybridEdFndsa512,seal,2,2810835
HybridEdFndsa512,seal,2,2864583
HybridEdFndsa512,seal,2,2793304
HybridEdFndsa512,seal,2,2830600
HybridEdFndsa512,seal,2,2794939
HybridEdFndsa512,seal,2,2799482
HybridEdFndsa512,seal,2,2809158
HybridEdFndsa512,seal,2,2842923
HybridEdFndsa512,seal,2,2783553
HybridEdFndsa512,seal,2,2814685
HybridEdFndsa512,seal,2,2797217
HybridEdFndsa512,seal,2,2833201
HybridEdFndsa512,verify_n2,2,299190
HybridEdFndsa512,verify_n2,2,297629
HybridEdFndsa512,verify_n2,2,292787
HybridEdFndsa512,verify_n2,2,309484
HybridEdFndsa512,verify_n2,2,297669
HybridEdFndsa512,verify_n2,2,293004
HybridEdFndsa512,verify_n2,2,302637
HybridEdFndsa512,verify_n2,2,295380
HybridEdFndsa512,verify_n2,2,298066
HybridEdFndsa512,verify_n2,2,291285
HybridEdFndsa512,verify_n2,2,292662
HybridEdFndsa512,verify_n2,2,294018
HybridEdFndsa512,verify_n2,2,294267
HybridEdFndsa512,verify_n2,2,302105
HybridEdFndsa512,verify_n2,2,291481
HybridEdFndsa512,verify_n2,2,297030
HybridEdFndsa512,verify_n2,2,295328
HybridEdFndsa512,verify_n2,2,293218
HybridEdFndsa512,verify_n2,2,292227
HybridEdFndsa512,verify_n2,2,301792
HybridEdFndsa512,verify_n2,2,292774
HybridEdFndsa512,verify_n2,2,291515
HybridEdFndsa512,verify_n2,2,340062
HybridEdFndsa512,verify_n2,2,296966
HybridEdFndsa512,verify_n2,2,293139
HybridEdFndsa512,verify_n2,2,302600
HybridEdFndsa512,verify_n2,2,295532
HybridEdFndsa512,verify_n2,2,291176
HybridEdFndsa512,verify_n2,2,289855
HybridEdFndsa512,verify_n2,2,290249
HybridEdFndsa512,verify_n2,2,295770
HybridEdFndsa512,verify_n2,2,301557
HybridEdFndsa512,verify_n2,2,295875
HybridEdFndsa512,verify_n2,2,290737
HybridEdFndsa512,verify_n2,2,290046
HybridEdFndsa512,verify_n2,2,307216
HybridEdFndsa512,verify_n2,2,311917
HybridEdFndsa512,verify_n2,2,291741
HybridEdFndsa512,verify_n2,2,300883
HybridEdFndsa512,verify_n2,2,293997
HybridEdFndsa512,verify_n2,2,292021
HybridEdFndsa512,verify_n2,2,291875
HybridEdFndsa512,verify_n2,2,303140
HybridEdFndsa512,verify_n2,2,302064
HybridEdFndsa512,verify_n2,2,289704
HybridEdFndsa512,verify_n2,2,313462
HybridEdFndsa512,verify_n2,2,298024
HybridEdFndsa512,verify_n2,2,291318
HybridEdFndsa512,verify_n2,2,300574
HybridEdFndsa512,verify_n2,2,292667
HybridEdFndsa512,verify_n2,2,291567
HybridEdFndsa512,verify_n2,2,303212
HybridEdFndsa512,verify_n2,2,291225
HybridEdFndsa512,verify_n2,2,290084
HybridEdFndsa512,verify_n2,2,291088
HybridEdFndsa512,verify_n2,2,290427
HybridEdFndsa512,verify_n2,2,290828
HybridEdFndsa512,verify_n2,2,304644
HybridEdFndsa512,verify_n2,2,291113
HybridEdFndsa512,verify_n2,2,290763
HybridEdFndsa512,verify_n2,2,290635
HybridEdFndsa512,verify_n2,2,294816
HybridEdFndsa512,verify_n2,2,302455
HybridEdFndsa512,verify_n2,2,292316
HybridEdFndsa512,verify_n2,2,301163
HybridEdFndsa512,verify_n2,2,292043
HybridEdFndsa512,verify_n2,2,290695
HybridEdFndsa512,verify_n2,2,290496
HybridEdFndsa512,verify_n2,2,290924
HybridEdFndsa512,verify_n2,2,292133
HybridEdFndsa512,verify_n2,2,297371
HybridEdFndsa512,verify_n2,2,294976
HybridEdFndsa512,verify_n2,2,291085
HybridEdFndsa512,verify_n2,2,289644
HybridEdFndsa512,verify_n2,2,290453
HybridEdFndsa512,verify_n2,2,289457
HybridEdFndsa512,verify_n2,2,296407
HybridEdFndsa512,verify_n2,2,300512
HybridEdFndsa512,verify_n2,2,294822
HybridEdFndsa512,verify_n2,2,331330
HybridEdFndsa512,verify_n2,2,428073
HybridEdFndsa512,verify_n2,2,482315
HybridEdFndsa512,verify_n2,2,316447
HybridEdFndsa512,verify_n2,2,304461
HybridEdFndsa512,verify_n2,2,304079
HybridEdFndsa512,verify_n2,2,298787
HybridEdFndsa512,verify_n2,2,304624
HybridEdFndsa512,verify_n2,2,316277
HybridEdFndsa512,verify_n2,2,343617
HybridEdFndsa512,verify_n2,2,294833
HybridEdFndsa512,verify_n2,2,293586
HybridEdFndsa512,verify_n2,2,292469
HybridEdFndsa512,verify_n2,2,302800
HybridEdFndsa512,verify_n2,2,304566
HybridEdFndsa512,verify_n2,2,299638
HybridEdFndsa512,verify_n2,2,296697
HybridEdFndsa512,verify_n2,2,292828
HybridEdFndsa512,verify_n2,2,291274
HybridEdFndsa512,verify_n2,2,291021
HybridEdFndsa512,verify_n2,2,301075
HybridEdFndsa512,verify_n2,2,296179
HybridEdFndsa512,authorize,2,9799
HybridEdFndsa512,authorize,2,9111
HybridEdFndsa512,authorize,2,9103
HybridEdFndsa512,authorize,2,8862
HybridEdFndsa512,authorize,2,9112
HybridEdFndsa512,authorize,2,9094
HybridEdFndsa512,authorize,2,8661
HybridEdFndsa512,authorize,2,9412
HybridEdFndsa512,authorize,2,8898
HybridEdFndsa512,authorize,2,8994
HybridEdFndsa512,authorize,2,8470
HybridEdFndsa512,authorize,2,8662
HybridEdFndsa512,authorize,2,8871
HybridEdFndsa512,authorize,2,8900
HybridEdFndsa512,authorize,2,9035
HybridEdFndsa512,authorize,2,8960
HybridEdFndsa512,authorize,2,8700
HybridEdFndsa512,authorize,2,8715
HybridEdFndsa512,authorize,2,8994
HybridEdFndsa512,authorize,2,8526
HybridEdFndsa512,authorize,2,9004
HybridEdFndsa512,authorize,2,22550
HybridEdFndsa512,authorize,2,12469
HybridEdFndsa512,authorize,2,9263
HybridEdFndsa512,authorize,2,9258
HybridEdFndsa512,authorize,2,8869
HybridEdFndsa512,authorize,2,8822
HybridEdFndsa512,authorize,2,8769
HybridEdFndsa512,authorize,2,8647
HybridEdFndsa512,authorize,2,8666
HybridEdFndsa512,authorize,2,8569
HybridEdFndsa512,authorize,2,8664
HybridEdFndsa512,authorize,2,8706
HybridEdFndsa512,authorize,2,8704
HybridEdFndsa512,authorize,2,8757
HybridEdFndsa512,authorize,2,8535
HybridEdFndsa512,authorize,2,8667
HybridEdFndsa512,authorize,2,8746
HybridEdFndsa512,authorize,2,8564
HybridEdFndsa512,authorize,2,8547
HybridEdFndsa512,authorize,2,8887
HybridEdFndsa512,authorize,2,8783
HybridEdFndsa512,authorize,2,8836
HybridEdFndsa512,authorize,2,8758
HybridEdFndsa512,authorize,2,8709
HybridEdFndsa512,authorize,2,8840
HybridEdFndsa512,authorize,2,8640
HybridEdFndsa512,authorize,2,8687
HybridEdFndsa512,authorize,2,8831
HybridEdFndsa512,authorize,2,8608
HybridEdFndsa512,authorize,2,8863
HybridEdFndsa512,authorize,2,8832
HybridEdFndsa512,authorize,2,8810
HybridEdFndsa512,authorize,2,8718
HybridEdFndsa512,authorize,2,8875
HybridEdFndsa512,authorize,2,8729
HybridEdFndsa512,authorize,2,8551
HybridEdFndsa512,authorize,2,8543
HybridEdFndsa512,authorize,2,8629
HybridEdFndsa512,authorize,2,8543
HybridEdFndsa512,authorize,2,8688
HybridEdFndsa512,authorize,2,22073
HybridEdFndsa512,authorize,2,13544
HybridEdFndsa512,authorize,2,9396
HybridEdFndsa512,authorize,2,8717
HybridEdFndsa512,authorize,2,8650
HybridEdFndsa512,authorize,2,8838
HybridEdFndsa512,authorize,2,8780
HybridEdFndsa512,authorize,2,8705
HybridEdFndsa512,authorize,2,8636
HybridEdFndsa512,authorize,2,8840
HybridEdFndsa512,authorize,2,8701
HybridEdFndsa512,authorize,2,8627
HybridEdFndsa512,authorize,2,8667
HybridEdFndsa512,authorize,2,8523
HybridEdFndsa512,authorize,2,8574
HybridEdFndsa512,authorize,2,8801
HybridEdFndsa512,authorize,2,8744
HybridEdFndsa512,authorize,2,8820
HybridEdFndsa512,authorize,2,8594
HybridEdFndsa512,authorize,2,8736
HybridEdFndsa512,authorize,2,8702
HybridEdFndsa512,authorize,2,8666
HybridEdFndsa512,authorize,2,8611
HybridEdFndsa512,authorize,2,8676
HybridEdFndsa512,authorize,2,8607
HybridEdFndsa512,authorize,2,8747
HybridEdFndsa512,authorize,2,8746
HybridEdFndsa512,authorize,2,8628
HybridEdFndsa512,authorize,2,8560
HybridEdFndsa512,authorize,2,8631
HybridEdFndsa512,authorize,2,8804
HybridEdFndsa512,authorize,2,8537
HybridEdFndsa512,authorize,2,8704
HybridEdFndsa512,authorize,2,8776
HybridEdFndsa512,authorize,2,8622
HybridEdFndsa512,authorize,2,8847
HybridEdFndsa512,authorize,2,8712
HybridEdFndsa512,authorize,2,8679
HybridEdFndsa512,authorize,2,8809
HybridEdFndsa512,authorize,2,8720
Slhdsa128s,verify_chain,0,783960
Slhdsa128s,verify_chain,0,743749
Slhdsa128s,verify_chain,0,731982
Slhdsa128s,verify_chain,0,723175
Slhdsa128s,verify_chain,0,740549
Slhdsa128s,verify_chain,1,1136634
Slhdsa128s,verify_chain,1,1158564
Slhdsa128s,verify_chain,1,1141103
Slhdsa128s,verify_chain,1,1168815
Slhdsa128s,verify_chain,1,1145168
Slhdsa128s,verify_chain,2,1525702
Slhdsa128s,verify_chain,2,1540908
Slhdsa128s,verify_chain,2,1519634
Slhdsa128s,verify_chain,2,1588655
Slhdsa128s,verify_chain,2,1566877
Slhdsa128s,authority_build,2,416572426
Slhdsa128s,authority_build,2,420839194
Slhdsa128s,authority_build,2,422369882
Slhdsa128s,authority_build,2,419333382
Slhdsa128s,authority_build,2,436415536
Slhdsa128s,append_hop,2,446887459
Slhdsa128s,append_hop,2,451432805
Slhdsa128s,append_hop,2,445982226
Slhdsa128s,append_hop,2,424971239
Slhdsa128s,append_hop,2,419220377
Slhdsa128s,seal,2,370349183
Slhdsa128s,seal,2,370863828
Slhdsa128s,seal,2,372725051
Slhdsa128s,seal,2,370310542
Slhdsa128s,seal,2,369893181
Slhdsa128s,verify_n2,2,1668344
Slhdsa128s,verify_n2,2,1669044
Slhdsa128s,verify_n2,2,1682405
Slhdsa128s,verify_n2,2,1672145
Slhdsa128s,verify_n2,2,1642374
Slhdsa128s,authorize,2,17714
Slhdsa128s,authorize,2,11244
Slhdsa128s,authorize,2,10148
Slhdsa128s,authorize,2,9718
Slhdsa128s,authorize,2,9733
Slhdsa128f,verify_chain,0,2308909
Slhdsa128f,verify_chain,0,2326354
Slhdsa128f,verify_chain,0,2324105
Slhdsa128f,verify_chain,0,2421472
Slhdsa128f,verify_chain,0,2301589
Slhdsa128f,verify_chain,1,3499042
Slhdsa128f,verify_chain,1,3546399
Slhdsa128f,verify_chain,1,3615597
Slhdsa128f,verify_chain,1,3508481
Slhdsa128f,verify_chain,1,3527192
Slhdsa128f,verify_chain,2,4617166
Slhdsa128f,verify_chain,2,4692751
Slhdsa128f,verify_chain,2,4607737
Slhdsa128f,verify_chain,2,4609093
Slhdsa128f,verify_chain,2,4600253
Slhdsa128f,authority_build,2,19659192
Slhdsa128f,authority_build,2,20445363
Slhdsa128f,authority_build,2,19710862
Slhdsa128f,authority_build,2,19589998
Slhdsa128f,authority_build,2,19707529
Slhdsa128f,append_hop,2,19621292
Slhdsa128f,append_hop,2,19928945
Slhdsa128f,append_hop,2,19649668
Slhdsa128f,append_hop,2,19528709
Slhdsa128f,append_hop,2,19245515
Slhdsa128f,seal,2,18969695
Slhdsa128f,seal,2,18842785
Slhdsa128f,seal,2,18882462
Slhdsa128f,seal,2,18853754
Slhdsa128f,seal,2,18827641
Slhdsa128f,verify_n2,2,4640004
Slhdsa128f,verify_n2,2,4590007
Slhdsa128f,verify_n2,2,4596122
Slhdsa128f,verify_n2,2,4710471
Slhdsa128f,verify_n2,2,4608132
Slhdsa128f,authorize,2,17347
Slhdsa128f,authorize,2,10630
Slhdsa128f,authorize,2,11067
Slhdsa128f,authorize,2,12052
Slhdsa128f,authorize,2,10991
Slhdsa256s,verify_chain,0,1596251
Slhdsa256s,verify_chain,0,1590554
Slhdsa256s,verify_chain,0,1616842
Slhdsa256s,verify_chain,0,1659552
Slhdsa256s,verify_chain,0,1630242
Slhdsa256s,verify_chain,1,2647462
Slhdsa256s,verify_chain,1,2543330
Slhdsa256s,verify_chain,1,2510874
Slhdsa256s,verify_chain,1,2512794
Slhdsa256s,verify_chain,1,2546341
Slhdsa256s,verify_chain,2,3427871
Slhdsa256s,verify_chain,2,3712156
Slhdsa256s,verify_chain,2,3460484
Slhdsa256s,verify_chain,2,3537240
Slhdsa256s,verify_chain,2,3458412
Slhdsa256s,authority_build,2,649393344
Slhdsa256s,authority_build,2,644695631
Slhdsa256s,authority_build,2,651065202
Slhdsa256s,authority_build,2,645955747
Slhdsa256s,authority_build,2,639376053
Slhdsa256s,append_hop,2,621920989
Slhdsa256s,append_hop,2,630386511
Slhdsa256s,append_hop,2,624481413
Slhdsa256s,append_hop,2,639017272
Slhdsa256s,append_hop,2,640137776
Slhdsa256s,seal,2,580940872
Slhdsa256s,seal,2,584160632
Slhdsa256s,seal,2,584327102
Slhdsa256s,seal,2,584850748
Slhdsa256s,seal,2,579236658
Slhdsa256s,verify_n2,2,3606972
Slhdsa256s,verify_n2,2,3583395
Slhdsa256s,verify_n2,2,3600382
Slhdsa256s,verify_n2,2,3640602
Slhdsa256s,verify_n2,2,3548402
Slhdsa256s,authorize,2,13372
Slhdsa256s,authorize,2,10458
Slhdsa256s,authorize,2,9610
Slhdsa256s,authorize,2,9758
Slhdsa256s,authorize,2,9436
Slhdsa256f,verify_chain,0,3356801
Slhdsa256f,verify_chain,0,3344249
Slhdsa256f,verify_chain,0,3327572
Slhdsa256f,verify_chain,0,3431064
Slhdsa256f,verify_chain,0,3530489
Slhdsa256f,verify_chain,1,5266666
Slhdsa256f,verify_chain,1,5271024
Slhdsa256f,verify_chain,1,5097947
Slhdsa256f,verify_chain,1,5101365
Slhdsa256f,verify_chain,1,5152895
Slhdsa256f,verify_chain,2,6758009
Slhdsa256f,verify_chain,2,6916261
Slhdsa256f,verify_chain,2,6759024
Slhdsa256f,verify_chain,2,6935613
Slhdsa256f,verify_chain,2,6958770
Slhdsa256f,authority_build,2,63934349
Slhdsa256f,authority_build,2,65944230
Slhdsa256f,authority_build,2,66003866
Slhdsa256f,authority_build,2,66503888
Slhdsa256f,authority_build,2,64912078
Slhdsa256f,append_hop,2,63561156
Slhdsa256f,append_hop,2,63383225
Slhdsa256f,append_hop,2,63130909
Slhdsa256f,append_hop,2,62354209
Slhdsa256f,append_hop,2,62322887
Slhdsa256f,seal,2,60965853
Slhdsa256f,seal,2,59184544
Slhdsa256f,seal,2,59937746
Slhdsa256f,seal,2,60153300
Slhdsa256f,seal,2,60741386
Slhdsa256f,verify_n2,2,6554727
Slhdsa256f,verify_n2,2,6803786
Slhdsa256f,verify_n2,2,6796741
Slhdsa256f,verify_n2,2,6741339
Slhdsa256f,verify_n2,2,6695085
Slhdsa256f,authorize,2,13034
Slhdsa256f,authorize,2,10629
Slhdsa256f,authorize,2,9947
Slhdsa256f,authorize,2,11899
Slhdsa256f,authorize,2,10860
