alg,op,n,ns
Ed25519,verify_chain,0,58781
Ed25519,verify_chain,0,70179
Ed25519,verify_chain,0,60936
Ed25519,verify_chain,0,59230
Ed25519,verify_chain,0,58784
Ed25519,verify_chain,0,58628
Ed25519,verify_chain,0,58660
Ed25519,verify_chain,0,58605
Ed25519,verify_chain,0,58643
Ed25519,verify_chain,0,58584
Ed25519,verify_chain,0,58561
Ed25519,verify_chain,0,58593
Ed25519,verify_chain,0,58684
Ed25519,verify_chain,0,58630
Ed25519,verify_chain,0,58376
Ed25519,verify_chain,0,66357
Ed25519,verify_chain,0,60363
Ed25519,verify_chain,0,58770
Ed25519,verify_chain,0,58601
Ed25519,verify_chain,0,58475
Ed25519,verify_chain,0,58571
Ed25519,verify_chain,0,58591
Ed25519,verify_chain,0,58521
Ed25519,verify_chain,0,58599
Ed25519,verify_chain,0,58547
Ed25519,verify_chain,0,58503
Ed25519,verify_chain,0,58532
Ed25519,verify_chain,0,58437
Ed25519,verify_chain,0,58468
Ed25519,verify_chain,0,58520
Ed25519,verify_chain,0,58575
Ed25519,verify_chain,0,58512
Ed25519,verify_chain,0,58515
Ed25519,verify_chain,0,58604
Ed25519,verify_chain,0,58791
Ed25519,verify_chain,0,58453
Ed25519,verify_chain,0,58610
Ed25519,verify_chain,0,58632
Ed25519,verify_chain,0,58609
Ed25519,verify_chain,0,58483
Ed25519,verify_chain,0,58603
Ed25519,verify_chain,0,58482
Ed25519,verify_chain,0,58606
Ed25519,verify_chain,0,58709
Ed25519,verify_chain,0,58616
Ed25519,verify_chain,0,58547
Ed25519,verify_chain,0,58486
Ed25519,verify_chain,0,58318
Ed25519,verify_chain,0,65255
Ed25519,verify_chain,0,62325
Ed25519,verify_chain,0,62241
Ed25519,verify_chain,0,64591
Ed25519,verify_chain,0,59535
Ed25519,verify_chain,0,58548
Ed25519,verify_chain,0,58647
Ed25519,verify_chain,0,58456
Ed25519,verify_chain,0,58473
Ed25519,verify_chain,0,58468
Ed25519,verify_chain,0,58577
Ed25519,verify_chain,0,58631
Ed25519,verify_chain,0,58475
Ed25519,verify_chain,0,58536
Ed25519,verify_chain,0,58735
Ed25519,verify_chain,0,58594
Ed25519,verify_chain,0,58565
Ed25519,verify_chain,0,58634
Ed25519,verify_chain,0,58735
Ed25519,verify_chain,0,58713
Ed25519,verify_chain,0,58658
Ed25519,verify_chain,0,58988
Ed25519,verify_chain,0,58613
Ed25519,verify_chain,0,58445
Ed25519,verify_chain,0,58627
Ed25519,verify_chain,0,58627
Ed25519,verify_chain,0,58886
Ed25519,verify_chain,0,58608
Ed25519,verify_chain,0,58636
Ed25519,verify_chain,0,64760
Ed25519,verify_chain,0,61349
Ed25519,verify_chain,0,59257
Ed25519,verify_chain,0,58680
Ed25519,verify_chain,0,67089
Ed25519,verify_chain,0,59861
Ed25519,verify_chain,0,58584
Ed25519,verify_chain,0,58611
Ed25519,verify_chain,0,58798
Ed25519,verify_chain,0,58574
Ed25519,verify_chain,0,58549
Ed25519,verify_chain,0,58553
Ed25519,verify_chain,0,58549
Ed25519,verify_chain,0,58631
Ed25519,verify_chain,0,58687
Ed25519,verify_chain,0,58534
Ed25519,verify_chain,0,58438
Ed25519,verify_chain,0,58589
Ed25519,verify_chain,0,58566
Ed25519,verify_chain,0,58525
Ed25519,verify_chain,0,58468
Ed25519,verify_chain,0,58477
Ed25519,verify_chain,0,58534
Ed25519,verify_chain,0,58874
Ed25519,verify_chain,1,88469
Ed25519,verify_chain,1,88491
Ed25519,verify_chain,1,88360
Ed25519,verify_chain,1,88614
Ed25519,verify_chain,1,88603
Ed25519,verify_chain,1,88825
Ed25519,verify_chain,1,88638
Ed25519,verify_chain,1,88559
Ed25519,verify_chain,1,88519
Ed25519,verify_chain,1,88376
Ed25519,verify_chain,1,88358
Ed25519,verify_chain,1,98601
Ed25519,verify_chain,1,90605
Ed25519,verify_chain,1,88621
Ed25519,verify_chain,1,88484
Ed25519,verify_chain,1,88381
Ed25519,verify_chain,1,88370
Ed25519,verify_chain,1,88348
Ed25519,verify_chain,1,93959
Ed25519,verify_chain,1,91473
Ed25519,verify_chain,1,88848
Ed25519,verify_chain,1,88832
Ed25519,verify_chain,1,88603
Ed25519,verify_chain,1,88477
Ed25519,verify_chain,1,88633
Ed25519,verify_chain,1,88782
Ed25519,verify_chain,1,88674
Ed25519,verify_chain,1,88495
Ed25519,verify_chain,1,88605
Ed25519,verify_chain,1,88574
Ed25519,verify_chain,1,88588
Ed25519,verify_chain,1,88500
Ed25519,verify_chain,1,88590
Ed25519,verify_chain,1,98023
Ed25519,verify_chain,1,91642
Ed25519,verify_chain,1,88486
Ed25519,verify_chain,1,88660
Ed25519,verify_chain,1,88420
Ed25519,verify_chain,1,88331
Ed25519,verify_chain,1,92261
Ed25519,verify_chain,1,97154
Ed25519,verify_chain,1,88811
Ed25519,verify_chain,1,88449
Ed25519,verify_chain,1,88629
Ed25519,verify_chain,1,88584
Ed25519,verify_chain,1,88668
Ed25519,verify_chain,1,88386
Ed25519,verify_chain,1,90409
Ed25519,verify_chain,1,88432
Ed25519,verify_chain,1,88647
Ed25519,verify_chain,1,88514
Ed25519,verify_chain,1,88448
Ed25519,verify_chain,1,97774
Ed25519,verify_chain,1,89193
Ed25519,verify_chain,1,88576
Ed25519,verify_chain,1,88339
Ed25519,verify_chain,1,88660
Ed25519,verify_chain,1,88324
Ed25519,verify_chain,1,88096
Ed25519,verify_chain,1,88460
Ed25519,verify_chain,1,88431
Ed25519,verify_chain,1,88171
Ed25519,verify_chain,1,88358
Ed25519,verify_chain,1,88483
Ed25519,verify_chain,1,89138
Ed25519,verify_chain,1,89205
Ed25519,verify_chain,1,88453
Ed25519,verify_chain,1,88828
Ed25519,verify_chain,1,88881
Ed25519,verify_chain,1,96670
Ed25519,verify_chain,1,89923
Ed25519,verify_chain,1,98437
Ed25519,verify_chain,1,89380
Ed25519,verify_chain,1,88613
Ed25519,verify_chain,1,88632
Ed25519,verify_chain,1,88653
Ed25519,verify_chain,1,88513
Ed25519,verify_chain,1,88224
Ed25519,verify_chain,1,88527
Ed25519,verify_chain,1,88527
Ed25519,verify_chain,1,88410
Ed25519,verify_chain,1,88353
Ed25519,verify_chain,1,88374
Ed25519,verify_chain,1,92192
Ed25519,verify_chain,1,96340
Ed25519,verify_chain,1,90339
Ed25519,verify_chain,1,88774
Ed25519,verify_chain,1,88575
Ed25519,verify_chain,1,88402
Ed25519,verify_chain,1,88437
Ed25519,verify_chain,1,88444
Ed25519,verify_chain,1,88433
Ed25519,verify_chain,1,96357
Ed25519,verify_chain,1,92164
Ed25519,verify_chain,1,88658
Ed25519,verify_chain,1,88546
Ed25519,verify_chain,1,88294
Ed25519,verify_chain,1,88328
Ed25519,verify_chain,1,88262
Ed25519,verify_chain,1,88644
Ed25519,verify_chain,1,88506
Ed25519,verify_chain,2,119462
Ed25519,verify_chain,2,119496
Ed25519,verify_chain,2,119345
Ed25519,verify_chain,2,119036
Ed25519,verify_chain,2,131517
Ed25519,verify_chain,2,120464
Ed25519,verify_chain,2,119394
Ed25519,verify_chain,2,119294
Ed25519,verify_chain,2,119142
Ed25519,verify_chain,2,127103
Ed25519,verify_chain,2,135222
Ed25519,verify_chain,2,124790
Ed25519,verify_chain,2,119666
Ed25519,verify_chain,2,119267
Ed25519,verify_chain,2,119060
Ed25519,verify_chain,2,119184
Ed25519,verify_chain,2,119096
Ed25519,verify_chain,2,118974
Ed25519,verify_chain,2,119269
Ed25519,verify_chain,2,119238
Ed25519,verify_chain,2,119501
Ed25519,verify_chain,2,119208
Ed25519,verify_chain,2,119093
Ed25519,verify_chain,2,127165
Ed25519,verify_chain,2,122024
Ed25519,verify_chain,2,119597
Ed25519,verify_chain,2,119285
Ed25519,verify_chain,2,119226
Ed25519,verify_chain,2,119155
Ed25519,verify_chain,2,119356
Ed25519,verify_chain,2,119392
Ed25519,verify_chain,2,119252
Ed25519,verify_chain,2,119199
Ed25519,verify_chain,2,119285
Ed25519,verify_chain,2,119123
Ed25519,verify_chain,2,127007
Ed25519,verify_chain,2,120129
Ed25519,verify_chain,2,128272
Ed25519,verify_chain,2,120464
Ed25519,verify_chain,2,119288
Ed25519,verify_chain,2,129749
Ed25519,verify_chain,2,120331
Ed25519,verify_chain,2,119523
Ed25519,verify_chain,2,119487
Ed25519,verify_chain,2,120175
Ed25519,verify_chain,2,119342
Ed25519,verify_chain,2,119309
Ed25519,verify_chain,2,119499
Ed25519,verify_chain,2,119471
Ed25519,verify_chain,2,119385
Ed25519,verify_chain,2,119478
Ed25519,verify_chain,2,119310
Ed25519,verify_chain,2,119480
Ed25519,verify_chain,2,119358
Ed25519,verify_chain,2,127967
Ed25519,verify_chain,2,120015
Ed25519,verify_chain,2,119418
Ed25519,verify_chain,2,119486
Ed25519,verify_chain,2,119254
Ed25519,verify_chain,2,119216
Ed25519,verify_chain,2,119350
Ed25519,verify_chain,2,119260
Ed25519,verify_chain,2,118978
Ed25519,verify_chain,2,119195
Ed25519,verify_chain,2,119145
Ed25519,verify_chain,2,119333
Ed25519,verify_chain,2,119130
Ed25519,verify_chain,2,119126
Ed25519,verify_chain,2,129494
Ed25519,verify_chain,2,120438
Ed25519,verify_chain,2,123456
Ed25519,verify_chain,2,125694
Ed25519,verify_chain,2,128445
Ed25519,verify_chain,2,121105
Ed25519,verify_chain,2,119261
Ed25519,verify_chain,2,119368
Ed25519,verify_chain,2,119358
Ed25519,verify_chain,2,119333
Ed25519,verify_chain,2,119325
Ed25519,verify_chain,2,119438
Ed25519,verify_chain,2,119312
Ed25519,verify_chain,2,119286
Ed25519,verify_chain,2,129216
Ed25519,verify_chain,2,120050
Ed25519,verify_chain,2,119404
Ed25519,verify_chain,2,119125
Ed25519,verify_chain,2,119154
Ed25519,verify_chain,2,119108
Ed25519,verify_chain,2,119281
Ed25519,verify_chain,2,119124
Ed25519,verify_chain,2,119456
Ed25519,verify_chain,2,120437
Ed25519,verify_chain,2,119375
Ed25519,verify_chain,2,119852
Ed25519,verify_chain,2,119587
Ed25519,verify_chain,2,119343
Ed25519,verify_chain,2,119548
Ed25519,verify_chain,2,119254
Ed25519,verify_chain,2,130503
Ed25519,verify_chain,2,120352
Ed25519,verify_chain,2,119440
Ed25519,verify_chain,5,231992
Ed25519,verify_chain,5,217123
Ed25519,verify_chain,5,211111
Ed25519,verify_chain,5,215980
Ed25519,verify_chain,5,218677
Ed25519,verify_chain,5,211071
Ed25519,verify_chain,5,210744
Ed25519,verify_chain,5,237654
Ed25519,verify_chain,5,213106
Ed25519,verify_chain,5,221219
Ed25519,verify_chain,5,213579
Ed25519,verify_chain,5,210678
Ed25519,verify_chain,5,210277
Ed25519,verify_chain,5,210276
Ed25519,verify_chain,5,210482
Ed25519,verify_chain,5,210302
Ed25519,verify_chain,5,222697
Ed25519,verify_chain,5,211314
Ed25519,verify_chain,5,210832
Ed25519,verify_chain,5,210226
Ed25519,verify_chain,5,209813
Ed25519,verify_chain,5,210238
Ed25519,verify_chain,5,222430
Ed25519,verify_chain,5,210914
Ed25519,verify_chain,5,222569
Ed25519,verify_chain,5,211113
Ed25519,verify_chain,5,210263
Ed25519,verify_chain,5,211850
Ed25519,verify_chain,5,210211
Ed25519,verify_chain,5,210170
Ed25519,verify_chain,5,210221
Ed25519,verify_chain,5,219302
Ed25519,verify_chain,5,220829
Ed25519,verify_chain,5,211806
Ed25519,verify_chain,5,210741
Ed25519,verify_chain,5,210560
Ed25519,verify_chain,5,210090
Ed25519,verify_chain,5,210135
Ed25519,verify_chain,5,210377
Ed25519,verify_chain,5,210362
Ed25519,verify_chain,5,222604
Ed25519,verify_chain,5,221362
Ed25519,verify_chain,5,210429
Ed25519,verify_chain,5,210204
Ed25519,verify_chain,5,210062
Ed25519,verify_chain,5,209868
Ed25519,verify_chain,5,212725
Ed25519,verify_chain,5,210232
Ed25519,verify_chain,5,210073
Ed25519,verify_chain,5,220208
Ed25519,verify_chain,5,211247
Ed25519,verify_chain,5,210506
Ed25519,verify_chain,5,218407
Ed25519,verify_chain,5,211301
Ed25519,verify_chain,5,210303
Ed25519,verify_chain,5,287407
Ed25519,verify_chain,5,310852
Ed25519,verify_chain,5,242515
Ed25519,verify_chain,5,222764
Ed25519,verify_chain,5,228338
Ed25519,verify_chain,5,230373
Ed25519,verify_chain,5,334114
Ed25519,verify_chain,5,214022
Ed25519,verify_chain,5,247917
Ed25519,verify_chain,5,220621
Ed25519,verify_chain,5,213395
Ed25519,verify_chain,5,211654
Ed25519,verify_chain,5,210597
Ed25519,verify_chain,5,210678
Ed25519,verify_chain,5,210743
Ed25519,verify_chain,5,210316
Ed25519,verify_chain,5,225530
Ed25519,verify_chain,5,222080
Ed25519,verify_chain,5,212634
Ed25519,verify_chain,5,210836
Ed25519,verify_chain,5,210707
Ed25519,verify_chain,5,216650
Ed25519,verify_chain,5,221925
Ed25519,verify_chain,5,210530
Ed25519,verify_chain,5,210373
Ed25519,verify_chain,5,220444
Ed25519,verify_chain,5,211392
Ed25519,verify_chain,5,210503
Ed25519,verify_chain,5,210044
Ed25519,verify_chain,5,210240
Ed25519,verify_chain,5,210075
Ed25519,verify_chain,5,210088
Ed25519,verify_chain,5,210264
Ed25519,verify_chain,5,209794
Ed25519,verify_chain,5,219162
Ed25519,verify_chain,5,212515
Ed25519,verify_chain,5,210571
Ed25519,verify_chain,5,210574
Ed25519,verify_chain,5,210330
Ed25519,verify_chain,5,210250
Ed25519,verify_chain,5,214448
Ed25519,verify_chain,5,216733
Ed25519,verify_chain,5,210231
Ed25519,verify_chain,5,217781
Ed25519,verify_chain,5,213115
Ed25519,verify_chain,5,210154
Ed25519,verify_chain,10,491205
Ed25519,verify_chain,10,487368
Ed25519,verify_chain,10,411541
Ed25519,verify_chain,10,373191
Ed25519,verify_chain,10,381578
Ed25519,verify_chain,10,369482
Ed25519,verify_chain,10,379514
Ed25519,verify_chain,10,454846
Ed25519,verify_chain,10,433137
Ed25519,verify_chain,10,420654
Ed25519,verify_chain,10,421487
Ed25519,verify_chain,10,457765
Ed25519,verify_chain,10,374815
Ed25519,verify_chain,10,373182
Ed25519,verify_chain,10,377133
Ed25519,verify_chain,10,393545
Ed25519,verify_chain,10,379888
Ed25519,verify_chain,10,387402
Ed25519,verify_chain,10,376748
Ed25519,verify_chain,10,375293
Ed25519,verify_chain,10,369239
Ed25519,verify_chain,10,403560
Ed25519,verify_chain,10,366540
Ed25519,verify_chain,10,366714
Ed25519,verify_chain,10,367078
Ed25519,verify_chain,10,379190
Ed25519,verify_chain,10,366899
Ed25519,verify_chain,10,365769
Ed25519,verify_chain,10,365843
Ed25519,verify_chain,10,366622
Ed25519,verify_chain,10,375136
Ed25519,verify_chain,10,367035
Ed25519,verify_chain,10,376503
Ed25519,verify_chain,10,382833
Ed25519,verify_chain,10,366278
Ed25519,verify_chain,10,365979
Ed25519,verify_chain,10,376071
Ed25519,verify_chain,10,366135
Ed25519,verify_chain,10,381440
Ed25519,verify_chain,10,366049
Ed25519,verify_chain,10,378462
Ed25519,verify_chain,10,371214
Ed25519,verify_chain,10,594221
Ed25519,verify_chain,10,384783
Ed25519,verify_chain,10,372134
Ed25519,verify_chain,10,411350
Ed25519,verify_chain,10,369217
Ed25519,verify_chain,10,366001
Ed25519,verify_chain,10,381544
Ed25519,verify_chain,10,384996
Ed25519,verify_chain,10,366267
Ed25519,verify_chain,10,365392
Ed25519,verify_chain,10,365174
Ed25519,verify_chain,10,391727
Ed25519,verify_chain,10,375941
Ed25519,verify_chain,10,367255
Ed25519,verify_chain,10,365050
Ed25519,verify_chain,10,364994
Ed25519,verify_chain,10,364938
Ed25519,verify_chain,10,376870
Ed25519,verify_chain,10,378551
Ed25519,verify_chain,10,366019
Ed25519,verify_chain,10,364625
Ed25519,verify_chain,10,373978
Ed25519,verify_chain,10,386577
Ed25519,verify_chain,10,366285
Ed25519,verify_chain,10,364318
Ed25519,verify_chain,10,364525
Ed25519,verify_chain,10,364971
Ed25519,verify_chain,10,364040
Ed25519,verify_chain,10,375412
Ed25519,verify_chain,10,366550
Ed25519,verify_chain,10,365006
Ed25519,verify_chain,10,365427
Ed25519,verify_chain,10,369908
Ed25519,verify_chain,10,398385
Ed25519,verify_chain,10,366058
Ed25519,verify_chain,10,364953
Ed25519,verify_chain,10,378859
Ed25519,verify_chain,10,375905
Ed25519,verify_chain,10,366978
Ed25519,verify_chain,10,365259
Ed25519,verify_chain,10,366263
Ed25519,verify_chain,10,388517
Ed25519,verify_chain,10,482369
Ed25519,verify_chain,10,472724
Ed25519,verify_chain,10,371703
Ed25519,verify_chain,10,391729
Ed25519,verify_chain,10,371377
Ed25519,verify_chain,10,379527
Ed25519,verify_chain,10,368370
Ed25519,verify_chain,10,374005
Ed25519,verify_chain,10,367336
Ed25519,verify_chain,10,365978
Ed25519,verify_chain,10,366253
Ed25519,verify_chain,10,390717
Ed25519,verify_chain,10,366358
Ed25519,verify_chain,10,365754
Ed25519,verify_chain,10,365802
Ed25519,verify_chain,10,366470
Ed25519,verify_chain,10,376568
Ed25519,authority_build,2,23493
Ed25519,authority_build,2,23310
Ed25519,authority_build,2,23064
Ed25519,authority_build,2,23001
Ed25519,authority_build,2,23069
Ed25519,authority_build,2,22898
Ed25519,authority_build,2,22944
Ed25519,authority_build,2,23191
Ed25519,authority_build,2,23206
Ed25519,authority_build,2,22978
Ed25519,authority_build,2,23096
Ed25519,authority_build,2,24183
Ed25519,authority_build,2,24098
Ed25519,authority_build,2,24306
Ed25519,authority_build,2,23997
Ed25519,authority_build,2,24049
Ed25519,authority_build,2,24379
Ed25519,authority_build,2,24118
Ed25519,authority_build,2,24133
Ed25519,authority_build,2,24277
Ed25519,authority_build,2,24498
Ed25519,authority_build,2,24052
Ed25519,authority_build,2,24174
Ed25519,authority_build,2,24207
Ed25519,authority_build,2,24181
Ed25519,authority_build,2,24111
Ed25519,authority_build,2,23914
Ed25519,authority_build,2,23963
Ed25519,authority_build,2,24123
Ed25519,authority_build,2,24232
Ed25519,authority_build,2,24233
Ed25519,authority_build,2,24136
Ed25519,authority_build,2,24139
Ed25519,authority_build,2,24132
Ed25519,authority_build,2,24147
Ed25519,authority_build,2,24098
Ed25519,authority_build,2,24122
Ed25519,authority_build,2,24080
Ed25519,authority_build,2,24340
Ed25519,authority_build,2,24303
Ed25519,authority_build,2,24007
Ed25519,authority_build,2,24165
Ed25519,authority_build,2,29223
Ed25519,authority_build,2,27079
Ed25519,authority_build,2,32952
Ed25519,authority_build,2,26132
Ed25519,authority_build,2,24416
Ed25519,authority_build,2,24267
Ed25519,authority_build,2,24314
Ed25519,authority_build,2,24363
Ed25519,authority_build,2,24278
Ed25519,authority_build,2,24314
Ed25519,authority_build,2,24269
Ed25519,authority_build,2,24003
Ed25519,authority_build,2,24083
Ed25519,authority_build,2,24093
Ed25519,authority_build,2,24183
Ed25519,authority_build,2,24162
Ed25519,authority_build,2,24067
Ed25519,authority_build,2,23937
Ed25519,authority_build,2,24034
Ed25519,authority_build,2,23985
Ed25519,authority_build,2,24001
Ed25519,authority_build,2,24042
Ed25519,authority_build,2,24156
Ed25519,authority_build,2,23975
Ed25519,authority_build,2,24162
Ed25519,authority_build,2,27698
Ed25519,authority_build,2,24677
Ed25519,authority_build,2,24156
Ed25519,authority_build,2,24022
Ed25519,authority_build,2,30513
Ed25519,authority_build,2,24902
Ed25519,authority_build,2,24214
Ed25519,authority_build,2,24108
Ed25519,authority_build,2,24003
Ed25519,authority_build,2,24122
Ed25519,authority_build,2,24113
Ed25519,authority_build,2,24131
Ed25519,authority_build,2,24072
Ed25519,authority_build,2,24121
Ed25519,authority_build,2,24078
Ed25519,authority_build,2,24165
Ed25519,authority_build,2,24022
Ed25519,authority_build,2,24374
Ed25519,authority_build,2,24102
Ed25519,authority_build,2,23957
Ed25519,authority_build,2,24255
Ed25519,authority_build,2,24009
Ed25519,authority_build,2,24192
Ed25519,authority_build,2,24197
Ed25519,authority_build,2,23962
Ed25519,authority_build,2,23958
Ed25519,authority_build,2,24170
Ed25519,authority_build,2,29128
Ed25519,authority_build,2,23922
Ed25519,authority_build,2,24102
Ed25519,authority_build,2,23924
Ed25519,authority_build,2,23932
Ed25519,authority_build,2,24157
Ed25519,authority_build,2,24008
Ed25519,append_hop,2,35948
Ed25519,append_hop,2,35876
Ed25519,append_hop,2,35416
Ed25519,append_hop,2,35478
Ed25519,append_hop,2,35266
Ed25519,append_hop,2,35528
Ed25519,append_hop,2,35608
Ed25519,append_hop,2,35572
Ed25519,append_hop,2,35188
Ed25519,append_hop,2,35362
Ed25519,append_hop,2,35503
Ed25519,append_hop,2,35833
Ed25519,append_hop,2,35459
Ed25519,append_hop,2,35421
Ed25519,append_hop,2,35624
Ed25519,append_hop,2,35438
Ed25519,append_hop,2,35230
Ed25519,append_hop,2,35353
Ed25519,append_hop,2,35310
Ed25519,append_hop,2,35380
Ed25519,append_hop,2,35484
Ed25519,append_hop,2,35311
Ed25519,append_hop,2,35550
Ed25519,append_hop,2,35373
Ed25519,append_hop,2,35473
Ed25519,append_hop,2,35464
Ed25519,append_hop,2,35355
Ed25519,append_hop,2,35210
Ed25519,append_hop,2,35579
Ed25519,append_hop,2,35450
Ed25519,append_hop,2,35770
Ed25519,append_hop,2,35364
Ed25519,append_hop,2,35355
Ed25519,append_hop,2,35851
Ed25519,append_hop,2,35436
Ed25519,append_hop,2,35655
Ed25519,append_hop,2,35306
Ed25519,append_hop,2,35665
Ed25519,append_hop,2,35477
Ed25519,append_hop,2,35530
Ed25519,append_hop,2,35489
Ed25519,append_hop,2,35593
Ed25519,append_hop,2,35335
Ed25519,append_hop,2,35503
Ed25519,append_hop,2,35162
Ed25519,append_hop,2,35333
Ed25519,append_hop,2,35432
Ed25519,append_hop,2,35668
Ed25519,append_hop,2,35240
Ed25519,append_hop,2,35418
Ed25519,append_hop,2,35404
Ed25519,append_hop,2,43135
Ed25519,append_hop,2,39141
Ed25519,append_hop,2,48758
Ed25519,append_hop,2,39714
Ed25519,append_hop,2,36856
Ed25519,append_hop,2,35563
Ed25519,append_hop,2,35602
Ed25519,append_hop,2,35439
Ed25519,append_hop,2,35601
Ed25519,append_hop,2,35428
Ed25519,append_hop,2,35443
Ed25519,append_hop,2,35514
Ed25519,append_hop,2,35476
Ed25519,append_hop,2,35511
Ed25519,append_hop,2,35242
Ed25519,append_hop,2,35356
Ed25519,append_hop,2,35643
Ed25519,append_hop,2,35296
Ed25519,append_hop,2,38884
Ed25519,append_hop,2,36745
Ed25519,append_hop,2,35512
Ed25519,append_hop,2,41602
Ed25519,append_hop,2,36496
Ed25519,append_hop,2,35534
Ed25519,append_hop,2,35502
Ed25519,append_hop,2,35456
Ed25519,append_hop,2,35500
Ed25519,append_hop,2,35592
Ed25519,append_hop,2,35288
Ed25519,append_hop,2,42008
Ed25519,append_hop,2,37276
Ed25519,append_hop,2,35747
Ed25519,append_hop,2,35473
Ed25519,append_hop,2,35384
Ed25519,append_hop,2,35537
Ed25519,append_hop,2,35452
Ed25519,append_hop,2,35622
Ed25519,append_hop,2,35646
Ed25519,append_hop,2,35676
Ed25519,append_hop,2,35202
Ed25519,append_hop,2,35394
Ed25519,append_hop,2,35566
Ed25519,append_hop,2,35539
Ed25519,append_hop,2,35966
Ed25519,append_hop,2,35527
Ed25519,append_hop,2,35437
Ed25519,append_hop,2,35057
Ed25519,append_hop,2,44321
Ed25519,append_hop,2,37592
Ed25519,append_hop,2,36530
Ed25519,seal,2,24085
Ed25519,seal,2,24113
Ed25519,seal,2,23952
Ed25519,seal,2,23986
Ed25519,seal,2,24114
Ed25519,seal,2,24028
Ed25519,seal,2,23967
Ed25519,seal,2,23847
Ed25519,seal,2,24014
Ed25519,seal,2,23876
Ed25519,seal,2,24002
Ed25519,seal,2,24026
Ed25519,seal,2,23877
Ed25519,seal,2,23952
Ed25519,seal,2,24420
Ed25519,seal,2,24087
Ed25519,seal,2,23832
Ed25519,seal,2,23935
Ed25519,seal,2,24058
Ed25519,seal,2,23931
Ed25519,seal,2,24112
Ed25519,seal,2,24081
Ed25519,seal,2,23909
Ed25519,seal,2,23971
Ed25519,seal,2,24011
Ed25519,seal,2,23888
Ed25519,seal,2,23899
Ed25519,seal,2,23846
Ed25519,seal,2,23977
Ed25519,seal,2,23984
Ed25519,seal,2,24153
Ed25519,seal,2,23940
Ed25519,seal,2,24049
Ed25519,seal,2,24024
Ed25519,seal,2,23964
Ed25519,seal,2,24045
Ed25519,seal,2,23956
Ed25519,seal,2,24010
Ed25519,seal,2,24065
Ed25519,seal,2,24048
Ed25519,seal,2,24118
Ed25519,seal,2,23955
Ed25519,seal,2,23971
Ed25519,seal,2,24015
Ed25519,seal,2,24055
Ed25519,seal,2,23893
Ed25519,seal,2,24183
Ed25519,seal,2,23977
Ed25519,seal,2,23968
Ed25519,seal,2,24021
Ed25519,seal,2,23921
Ed25519,seal,2,24016
Ed25519,seal,2,23989
Ed25519,seal,2,23962
Ed25519,seal,2,24141
Ed25519,seal,2,24119
Ed25519,seal,2,23835
Ed25519,seal,2,32560
Ed25519,seal,2,25487
Ed25519,seal,2,24525
Ed25519,seal,2,24653
Ed25519,seal,2,24300
Ed25519,seal,2,23981
Ed25519,seal,2,24174
Ed25519,seal,2,24215
Ed25519,seal,2,24190
Ed25519,seal,2,24177
Ed25519,seal,2,24108
Ed25519,seal,2,24074
Ed25519,seal,2,24015
Ed25519,seal,2,24094
Ed25519,seal,2,24075
Ed25519,seal,2,24095
Ed25519,seal,2,24129
Ed25519,seal,2,24109
Ed25519,seal,2,24290
Ed25519,seal,2,24199
Ed25519,seal,2,24592
Ed25519,seal,2,24585
Ed25519,seal,2,24861
Ed25519,seal,2,25311
Ed25519,seal,2,24539
Ed25519,seal,2,24429
Ed25519,seal,2,24722
Ed25519,seal,2,24516
Ed25519,seal,2,24546
Ed25519,seal,2,24610
Ed25519,seal,2,24792
Ed25519,seal,2,25265
Ed25519,seal,2,24657
Ed25519,seal,2,24912
Ed25519,seal,2,24979
Ed25519,seal,2,25382
Ed25519,seal,2,25160
Ed25519,seal,2,25356
Ed25519,seal,2,24438
Ed25519,seal,2,25126
Ed25519,seal,2,24624
Ed25519,seal,2,28469
Ed25519,seal,2,24261
Ed25519,seal,2,24492
Ed25519,verify_n2,2,116773
Ed25519,verify_n2,2,116973
Ed25519,verify_n2,2,117112
Ed25519,verify_n2,2,116897
Ed25519,verify_n2,2,117073
Ed25519,verify_n2,2,116866
Ed25519,verify_n2,2,117076
Ed25519,verify_n2,2,239621
Ed25519,verify_n2,2,139382
Ed25519,verify_n2,2,124340
Ed25519,verify_n2,2,120120
Ed25519,verify_n2,2,119676
Ed25519,verify_n2,2,119861
Ed25519,verify_n2,2,129595
Ed25519,verify_n2,2,136935
Ed25519,verify_n2,2,119731
Ed25519,verify_n2,2,119635
Ed25519,verify_n2,2,119692
Ed25519,verify_n2,2,119575
Ed25519,verify_n2,2,119582
Ed25519,verify_n2,2,119399
Ed25519,verify_n2,2,133343
Ed25519,verify_n2,2,120068
Ed25519,verify_n2,2,119557
Ed25519,verify_n2,2,119554
Ed25519,verify_n2,2,119759
Ed25519,verify_n2,2,119676
Ed25519,verify_n2,2,119420
Ed25519,verify_n2,2,119528
Ed25519,verify_n2,2,119826
Ed25519,verify_n2,2,119539
Ed25519,verify_n2,2,119622
Ed25519,verify_n2,2,119452
Ed25519,verify_n2,2,128798
Ed25519,verify_n2,2,120785
Ed25519,verify_n2,2,119616
Ed25519,verify_n2,2,119543
Ed25519,verify_n2,2,129503
Ed25519,verify_n2,2,120159
Ed25519,verify_n2,2,119587
Ed25519,verify_n2,2,119313
Ed25519,verify_n2,2,119479
Ed25519,verify_n2,2,119392
Ed25519,verify_n2,2,119275
Ed25519,verify_n2,2,119423
Ed25519,verify_n2,2,119345
Ed25519,verify_n2,2,123219
Ed25519,verify_n2,2,128375
Ed25519,verify_n2,2,119575
Ed25519,verify_n2,2,119413
Ed25519,verify_n2,2,119503
Ed25519,verify_n2,2,131323
Ed25519,verify_n2,2,120702
Ed25519,verify_n2,2,119707
Ed25519,verify_n2,2,119512
Ed25519,verify_n2,2,119414
Ed25519,verify_n2,2,119245
Ed25519,verify_n2,2,119237
Ed25519,verify_n2,2,119508
Ed25519,verify_n2,2,119440
Ed25519,verify_n2,2,119395
Ed25519,verify_n2,2,119423
Ed25519,verify_n2,2,119685
Ed25519,verify_n2,2,119359
Ed25519,verify_n2,2,119610
Ed25519,verify_n2,2,119212
Ed25519,verify_n2,2,119267
Ed25519,verify_n2,2,129337
Ed25519,verify_n2,2,120458
Ed25519,verify_n2,2,119637
Ed25519,verify_n2,2,119320
Ed25519,verify_n2,2,119453
Ed25519,verify_n2,2,119447
Ed25519,verify_n2,2,126704
Ed25519,verify_n2,2,122316
Ed25519,verify_n2,2,119191
Ed25519,verify_n2,2,119377
Ed25519,verify_n2,2,119236
Ed25519,verify_n2,2,119571
Ed25519,verify_n2,2,123336
Ed25519,verify_n2,2,125686
Ed25519,verify_n2,2,119559
Ed25519,verify_n2,2,119529
Ed25519,verify_n2,2,128281
Ed25519,verify_n2,2,120676
Ed25519,verify_n2,2,119533
Ed25519,verify_n2,2,119575
Ed25519,verify_n2,2,119681
Ed25519,verify_n2,2,119303
Ed25519,verify_n2,2,119556
Ed25519,verify_n2,2,119588
Ed25519,verify_n2,2,119874
Ed25519,verify_n2,2,119486
Ed25519,verify_n2,2,119535
Ed25519,verify_n2,2,119343
Ed25519,verify_n2,2,119536
Ed25519,verify_n2,2,119524
Ed25519,verify_n2,2,128746
Ed25519,verify_n2,2,121104
Ed25519,verify_n2,2,119666
Ed25519,verify_n2,2,119579
Ed25519,authorize,2,9095
Ed25519,authorize,2,9081
Ed25519,authorize,2,8949
Ed25519,authorize,2,8998
Ed25519,authorize,2,8844
Ed25519,authorize,2,8727
Ed25519,authorize,2,8765
Ed25519,authorize,2,8739
Ed25519,authorize,2,8969
Ed25519,authorize,2,8778
Ed25519,authorize,2,8734
Ed25519,authorize,2,8913
Ed25519,authorize,2,8773
Ed25519,authorize,2,9115
Ed25519,authorize,2,8883
Ed25519,authorize,2,9139
Ed25519,authorize,2,8751
Ed25519,authorize,2,8666
Ed25519,authorize,2,8733
Ed25519,authorize,2,8864
Ed25519,authorize,2,8860
Ed25519,authorize,2,8740
Ed25519,authorize,2,8626
Ed25519,authorize,2,8763
Ed25519,authorize,2,8608
Ed25519,authorize,2,8767
Ed25519,authorize,2,8750
Ed25519,authorize,2,8945
Ed25519,authorize,2,8948
Ed25519,authorize,2,8681
Ed25519,authorize,2,9019
Ed25519,authorize,2,8720
Ed25519,authorize,2,8583
Ed25519,authorize,2,9047
Ed25519,authorize,2,8761
Ed25519,authorize,2,8850
Ed25519,authorize,2,8710
Ed25519,authorize,2,9215
Ed25519,authorize,2,9272
Ed25519,authorize,2,8868
Ed25519,authorize,2,8857
Ed25519,authorize,2,8660
Ed25519,authorize,2,8859
Ed25519,authorize,2,8969
Ed25519,authorize,2,8827
Ed25519,authorize,2,9028
Ed25519,authorize,2,9013
Ed25519,authorize,2,8763
Ed25519,authorize,2,8955
Ed25519,authorize,2,8791
Ed25519,authorize,2,9096
Ed25519,authorize,2,8697
Ed25519,authorize,2,8765
Ed25519,authorize,2,8811
Ed25519,authorize,2,8761
Ed25519,authorize,2,8779
Ed25519,authorize,2,8821
Ed25519,authorize,2,8781
Ed25519,authorize,2,8893
Ed25519,authorize,2,8879
Ed25519,authorize,2,8743
Ed25519,authorize,2,8862
Ed25519,authorize,2,8931
Ed25519,authorize,2,8851
Ed25519,authorize,2,8970
Ed25519,authorize,2,8968
Ed25519,authorize,2,8828
Ed25519,authorize,2,8847
Ed25519,authorize,2,8798
Ed25519,authorize,2,8672
Ed25519,authorize,2,8841
Ed25519,authorize,2,8914
Ed25519,authorize,2,8923
Ed25519,authorize,2,8906
Ed25519,authorize,2,8839
Ed25519,authorize,2,9110
Ed25519,authorize,2,9067
Ed25519,authorize,2,8663
Ed25519,authorize,2,8940
Ed25519,authorize,2,8741
Ed25519,authorize,2,8836
Ed25519,authorize,2,9087
Ed25519,authorize,2,8879
Ed25519,authorize,2,8551
Ed25519,authorize,2,8971
Ed25519,authorize,2,9312
Ed25519,authorize,2,8545
Ed25519,authorize,2,8692
Ed25519,authorize,2,9057
Ed25519,authorize,2,9083
Ed25519,authorize,2,9058
Ed25519,authorize,2,8919
Ed25519,authorize,2,9020
Ed25519,authorize,2,8958
Ed25519,authorize,2,8949
Ed25519,authorize,2,8909
Ed25519,authorize,2,8790
Ed25519,authorize,2,8862
Ed25519,authorize,2,8835
Ed25519,authorize,2,8691
Ed25519,authorize,2,8938
Mldsa44,verify_chain,0,52665
Mldsa44,verify_chain,0,52138
Mldsa44,verify_chain,0,52637
Mldsa44,verify_chain,0,52051
Mldsa44,verify_chain,0,53359
Mldsa44,verify_chain,0,52767
Mldsa44,verify_chain,0,51429
Mldsa44,verify_chain,0,53229
Mldsa44,verify_chain,0,52261
Mldsa44,verify_chain,0,51118
Mldsa44,verify_chain,0,52885
Mldsa44,verify_chain,0,52298
Mldsa44,verify_chain,0,52808
Mldsa44,verify_chain,0,52029
Mldsa44,verify_chain,0,51882
Mldsa44,verify_chain,0,52230
Mldsa44,verify_chain,0,53226
Mldsa44,verify_chain,0,52635
Mldsa44,verify_chain,0,52074
Mldsa44,verify_chain,0,61282
Mldsa44,verify_chain,0,52962
Mldsa44,verify_chain,0,52455
Mldsa44,verify_chain,0,51934
Mldsa44,verify_chain,0,52449
Mldsa44,verify_chain,0,52002
Mldsa44,verify_chain,0,51790
Mldsa44,verify_chain,0,51870
Mldsa44,verify_chain,0,51555
Mldsa44,verify_chain,0,52002
Mldsa44,verify_chain,0,51585
Mldsa44,verify_chain,0,51656
Mldsa44,verify_chain,0,52064
Mldsa44,verify_chain,0,50641
Mldsa44,verify_chain,0,52280
Mldsa44,verify_chain,0,51782
Mldsa44,verify_chain,0,51547
Mldsa44,verify_chain,0,52113
Mldsa44,verify_chain,0,52026
Mldsa44,verify_chain,0,51414
Mldsa44,verify_chain,0,51395
Mldsa44,verify_chain,0,51244
Mldsa44,verify_chain,0,52296
Mldsa44,verify_chain,0,51765
Mldsa44,verify_chain,0,51864
Mldsa44,verify_chain,0,51772
Mldsa44,verify_chain,0,51168
Mldsa44,verify_chain,0,51697
Mldsa44,verify_chain,0,51809
Mldsa44,verify_chain,0,51886
Mldsa44,verify_chain,0,50996
Mldsa44,verify_chain,0,51456
Mldsa44,verify_chain,0,51611
Mldsa44,verify_chain,0,51571
Mldsa44,verify_chain,0,51739
Mldsa44,verify_chain,0,51849
Mldsa44,verify_chain,0,51750
Mldsa44,verify_chain,0,55246
Mldsa44,verify_chain,0,65626
Mldsa44,verify_chain,0,53459
Mldsa44,verify_chain,0,52133
Mldsa44,verify_chain,0,51875
Mldsa44,verify_chain,0,51908
Mldsa44,verify_chain,0,52350
Mldsa44,verify_chain,0,52029
Mldsa44,verify_chain,0,52200
Mldsa44,verify_chain,0,52089
Mldsa44,verify_chain,0,52175
Mldsa44,verify_chain,0,51892
Mldsa44,verify_chain,0,52166
Mldsa44,verify_chain,0,51372
Mldsa44,verify_chain,0,51540
Mldsa44,verify_chain,0,51368
Mldsa44,verify_chain,0,51800
Mldsa44,verify_chain,0,51415
Mldsa44,verify_chain,0,52093
Mldsa44,verify_chain,0,51619
Mldsa44,verify_chain,0,51715
Mldsa44,verify_chain,0,51228
Mldsa44,verify_chain,0,61224
Mldsa44,verify_chain,0,52292
Mldsa44,verify_chain,0,52854
Mldsa44,verify_chain,0,52336
Mldsa44,verify_chain,0,51860
Mldsa44,verify_chain,0,51382
Mldsa44,verify_chain,0,52221
Mldsa44,verify_chain,0,51988
Mldsa44,verify_chain,0,51952
Mldsa44,verify_chain,0,51496
Mldsa44,verify_chain,0,51149
Mldsa44,verify_chain,0,51727
Mldsa44,verify_chain,0,51870
Mldsa44,verify_chain,0,52617
Mldsa44,verify_chain,0,51894
Mldsa44,verify_chain,0,51854
Mldsa44,verify_chain,0,57576
Mldsa44,verify_chain,0,53771
Mldsa44,verify_chain,0,51457
Mldsa44,verify_chain,0,51971
Mldsa44,verify_chain,0,51012
Mldsa44,verify_chain,0,52096
Mldsa44,verify_chain,0,51549
Mldsa44,verify_chain,1,82323
Mldsa44,verify_chain,1,89195
Mldsa44,verify_chain,1,85015
Mldsa44,verify_chain,1,88521
Mldsa44,verify_chain,1,95466
Mldsa44,verify_chain,1,83107
Mldsa44,verify_chain,1,81775
Mldsa44,verify_chain,1,80219
Mldsa44,verify_chain,1,81242
Mldsa44,verify_chain,1,80924
Mldsa44,verify_chain,1,81048
Mldsa44,verify_chain,1,81016
Mldsa44,verify_chain,1,81431
Mldsa44,verify_chain,1,80047
Mldsa44,verify_chain,1,80537
Mldsa44,verify_chain,1,81490
Mldsa44,verify_chain,1,80180
Mldsa44,verify_chain,1,81205
Mldsa44,verify_chain,1,80721
Mldsa44,verify_chain,1,80013
Mldsa44,verify_chain,1,81121
Mldsa44,verify_chain,1,80753
Mldsa44,verify_chain,1,80926
Mldsa44,verify_chain,1,80374
Mldsa44,verify_chain,1,81070
Mldsa44,verify_chain,1,88939
Mldsa44,verify_chain,1,82299
Mldsa44,verify_chain,1,81398
Mldsa44,verify_chain,1,87020
Mldsa44,verify_chain,1,82701
Mldsa44,verify_chain,1,81455
Mldsa44,verify_chain,1,81808
Mldsa44,verify_chain,1,81447
Mldsa44,verify_chain,1,80566
Mldsa44,verify_chain,1,81275
Mldsa44,verify_chain,1,79891
Mldsa44,verify_chain,1,81201
Mldsa44,verify_chain,1,81201
Mldsa44,verify_chain,1,81364
Mldsa44,verify_chain,1,81354
Mldsa44,verify_chain,1,81465
Mldsa44,verify_chain,1,80299
Mldsa44,verify_chain,1,81283
Mldsa44,verify_chain,1,80720
Mldsa44,verify_chain,1,81151
Mldsa44,verify_chain,1,81077
Mldsa44,verify_chain,1,87039
Mldsa44,verify_chain,1,82740
Mldsa44,verify_chain,1,81703
Mldsa44,verify_chain,1,81808
Mldsa44,verify_chain,1,84222
Mldsa44,verify_chain,1,81830
Mldsa44,verify_chain,1,85870
Mldsa44,verify_chain,1,80154
Mldsa44,verify_chain,1,80817
Mldsa44,verify_chain,1,79350
Mldsa44,verify_chain,1,79989
Mldsa44,verify_chain,1,80564
Mldsa44,verify_chain,1,80845
Mldsa44,verify_chain,1,80830
Mldsa44,verify_chain,1,81256
Mldsa44,verify_chain,1,78996
Mldsa44,verify_chain,1,81584
Mldsa44,verify_chain,1,80728
Mldsa44,verify_chain,1,80424
Mldsa44,verify_chain,1,80929
Mldsa44,verify_chain,1,80231
Mldsa44,verify_chain,1,89445
Mldsa44,verify_chain,1,82310
Mldsa44,verify_chain,1,80123
Mldsa44,verify_chain,1,79829
Mldsa44,verify_chain,1,79968
Mldsa44,verify_chain,1,81576
Mldsa44,verify_chain,1,81604
Mldsa44,verify_chain,1,80928
Mldsa44,verify_chain,1,80825
Mldsa44,verify_chain,1,80041
Mldsa44,verify_chain,1,80905
Mldsa44,verify_chain,1,80347
Mldsa44,verify_chain,1,80681
Mldsa44,verify_chain,1,80990
Mldsa44,verify_chain,1,81162
Mldsa44,verify_chain,1,80264
Mldsa44,verify_chain,1,81078
Mldsa44,verify_chain,1,80609
Mldsa44,verify_chain,1,80745
Mldsa44,verify_chain,1,80888
Mldsa44,verify_chain,1,79742
Mldsa44,verify_chain,1,94981
Mldsa44,verify_chain,1,86949
Mldsa44,verify_chain,1,88842
Mldsa44,verify_chain,1,80762
Mldsa44,verify_chain,1,80194
Mldsa44,verify_chain,1,79819
Mldsa44,verify_chain,1,78999
Mldsa44,verify_chain,1,78847
Mldsa44,verify_chain,1,80344
Mldsa44,verify_chain,1,78889
Mldsa44,verify_chain,1,80017
Mldsa44,verify_chain,1,79360
Mldsa44,verify_chain,1,84241
Mldsa44,verify_chain,2,111171
Mldsa44,verify_chain,2,111992
Mldsa44,verify_chain,2,110123
Mldsa44,verify_chain,2,108714
Mldsa44,verify_chain,2,109399
Mldsa44,verify_chain,2,110165
Mldsa44,verify_chain,2,108992
Mldsa44,verify_chain,2,109373
Mldsa44,verify_chain,2,118956
Mldsa44,verify_chain,2,112734
Mldsa44,verify_chain,2,116269
Mldsa44,verify_chain,2,112061
Mldsa44,verify_chain,2,109672
Mldsa44,verify_chain,2,108859
Mldsa44,verify_chain,2,110643
Mldsa44,verify_chain,2,115953
Mldsa44,verify_chain,2,118538
Mldsa44,verify_chain,2,109130
Mldsa44,verify_chain,2,108980
Mldsa44,verify_chain,2,109767
Mldsa44,verify_chain,2,109282
Mldsa44,verify_chain,2,110570
Mldsa44,verify_chain,2,109580
Mldsa44,verify_chain,2,117611
Mldsa44,verify_chain,2,112153
Mldsa44,verify_chain,2,110329
Mldsa44,verify_chain,2,109975
Mldsa44,verify_chain,2,108351
Mldsa44,verify_chain,2,110284
Mldsa44,verify_chain,2,109891
Mldsa44,verify_chain,2,109237
Mldsa44,verify_chain,2,109352
Mldsa44,verify_chain,2,109574
Mldsa44,verify_chain,2,108999
Mldsa44,verify_chain,2,109747
Mldsa44,verify_chain,2,109968
Mldsa44,verify_chain,2,109928
Mldsa44,verify_chain,2,109115
Mldsa44,verify_chain,2,108912
Mldsa44,verify_chain,2,109339
Mldsa44,verify_chain,2,110037
Mldsa44,verify_chain,2,116706
Mldsa44,verify_chain,2,112635
Mldsa44,verify_chain,2,111941
Mldsa44,verify_chain,2,110173
Mldsa44,verify_chain,2,109295
Mldsa44,verify_chain,2,110055
Mldsa44,verify_chain,2,109822
Mldsa44,verify_chain,2,108582
Mldsa44,verify_chain,2,109575
Mldsa44,verify_chain,2,123495
Mldsa44,verify_chain,2,115056
Mldsa44,verify_chain,2,116692
Mldsa44,verify_chain,2,109963
Mldsa44,verify_chain,2,110789
Mldsa44,verify_chain,2,109060
Mldsa44,verify_chain,2,110128
Mldsa44,verify_chain,2,109970
Mldsa44,verify_chain,2,116587
Mldsa44,verify_chain,2,112055
Mldsa44,verify_chain,2,110418
Mldsa44,verify_chain,2,110742
Mldsa44,verify_chain,2,109813
Mldsa44,verify_chain,2,110034
Mldsa44,verify_chain,2,109478
Mldsa44,verify_chain,2,109998
Mldsa44,verify_chain,2,109781
Mldsa44,verify_chain,2,109762
Mldsa44,verify_chain,2,110008
Mldsa44,verify_chain,2,109813
Mldsa44,verify_chain,2,109741
Mldsa44,verify_chain,2,109211
Mldsa44,verify_chain,2,110365
Mldsa44,verify_chain,2,109789
Mldsa44,verify_chain,2,109445
Mldsa44,verify_chain,2,110587
Mldsa44,verify_chain,2,116984
Mldsa44,verify_chain,2,110584
Mldsa44,verify_chain,2,110073
Mldsa44,verify_chain,2,110514
Mldsa44,verify_chain,2,108664
Mldsa44,verify_chain,2,108785
Mldsa44,verify_chain,2,110162
Mldsa44,verify_chain,2,110406
Mldsa44,verify_chain,2,109399
Mldsa44,verify_chain,2,108776
Mldsa44,verify_chain,2,108592
Mldsa44,verify_chain,2,113080
Mldsa44,verify_chain,2,116078
Mldsa44,verify_chain,2,115825
Mldsa44,verify_chain,2,112425
Mldsa44,verify_chain,2,111857
Mldsa44,verify_chain,2,109678
Mldsa44,verify_chain,2,116978
Mldsa44,verify_chain,2,113262
Mldsa44,verify_chain,2,111285
Mldsa44,verify_chain,2,110775
Mldsa44,verify_chain,2,109522
Mldsa44,verify_chain,2,109251
Mldsa44,verify_chain,2,110029
Mldsa44,verify_chain,2,109467
Mldsa44,verify_chain,5,208251
Mldsa44,verify_chain,5,202266
Mldsa44,verify_chain,5,204511
Mldsa44,verify_chain,5,211963
Mldsa44,verify_chain,5,214493
Mldsa44,verify_chain,5,203359
Mldsa44,verify_chain,5,202150
Mldsa44,verify_chain,5,210239
Mldsa44,verify_chain,5,199839
Mldsa44,verify_chain,5,196611
Mldsa44,verify_chain,5,213446
Mldsa44,verify_chain,5,214358
Mldsa44,verify_chain,5,200187
Mldsa44,verify_chain,5,197875
Mldsa44,verify_chain,5,195489
Mldsa44,verify_chain,5,206919
Mldsa44,verify_chain,5,236162
Mldsa44,verify_chain,5,202409
Mldsa44,verify_chain,5,199683
Mldsa44,verify_chain,5,198363
Mldsa44,verify_chain,5,198002
Mldsa44,verify_chain,5,200032
Mldsa44,verify_chain,5,210610
Mldsa44,verify_chain,5,211025
Mldsa44,verify_chain,5,197077
Mldsa44,verify_chain,5,196351
Mldsa44,verify_chain,5,209989
Mldsa44,verify_chain,5,200533
Mldsa44,verify_chain,5,198534
Mldsa44,verify_chain,5,210689
Mldsa44,verify_chain,5,207593
Mldsa44,verify_chain,5,205688
Mldsa44,verify_chain,5,200328
Mldsa44,verify_chain,5,198607
Mldsa44,verify_chain,5,199373
Mldsa44,verify_chain,5,220177
Mldsa44,verify_chain,5,211945
Mldsa44,verify_chain,5,205586
Mldsa44,verify_chain,5,197119
Mldsa44,verify_chain,5,196839
Mldsa44,verify_chain,5,196517
Mldsa44,verify_chain,5,197550
Mldsa44,verify_chain,5,197715
Mldsa44,verify_chain,5,198562
Mldsa44,verify_chain,5,211294
Mldsa44,verify_chain,5,212792
Mldsa44,verify_chain,5,199561
Mldsa44,verify_chain,5,197150
Mldsa44,verify_chain,5,196180
Mldsa44,verify_chain,5,197286
Mldsa44,verify_chain,5,201828
Mldsa44,verify_chain,5,203972
Mldsa44,verify_chain,5,211502
Mldsa44,verify_chain,5,205870
Mldsa44,verify_chain,5,198391
Mldsa44,verify_chain,5,206140
Mldsa44,verify_chain,5,209195
Mldsa44,verify_chain,5,200969
Mldsa44,verify_chain,5,197501
Mldsa44,verify_chain,5,199519
Mldsa44,verify_chain,5,195792
Mldsa44,verify_chain,5,206462
Mldsa44,verify_chain,5,223435
Mldsa44,verify_chain,5,200115
Mldsa44,verify_chain,5,204216
Mldsa44,verify_chain,5,214218
Mldsa44,verify_chain,5,200152
Mldsa44,verify_chain,5,197302
Mldsa44,verify_chain,5,198601
Mldsa44,verify_chain,5,198840
Mldsa44,verify_chain,5,223472
Mldsa44,verify_chain,5,213079
Mldsa44,verify_chain,5,202466
Mldsa44,verify_chain,5,196519
Mldsa44,verify_chain,5,258615
Mldsa44,verify_chain,5,214856
Mldsa44,verify_chain,5,249317
Mldsa44,verify_chain,5,206195
Mldsa44,verify_chain,5,221995
Mldsa44,verify_chain,5,207250
Mldsa44,verify_chain,5,205932
Mldsa44,verify_chain,5,202183
Mldsa44,verify_chain,5,364257
Mldsa44,verify_chain,5,216602
Mldsa44,verify_chain,5,225542
Mldsa44,verify_chain,5,207391
Mldsa44,verify_chain,5,208233
Mldsa44,verify_chain,5,207507
Mldsa44,verify_chain,5,232886
Mldsa44,verify_chain,5,228544
Mldsa44,verify_chain,5,216271
Mldsa44,verify_chain,5,201430
Mldsa44,verify_chain,5,212443
Mldsa44,verify_chain,5,215934
Mldsa44,verify_chain,5,201312
Mldsa44,verify_chain,5,197692
Mldsa44,verify_chain,5,200804
Mldsa44,verify_chain,5,216685
Mldsa44,verify_chain,5,206114
Mldsa44,verify_chain,5,211620
Mldsa44,verify_chain,5,202395
Mldsa44,verify_chain,10,349723
Mldsa44,verify_chain,10,359350
Mldsa44,verify_chain,10,346973
Mldsa44,verify_chain,10,368242
Mldsa44,verify_chain,10,372122
Mldsa44,verify_chain,10,359122
Mldsa44,verify_chain,10,346099
Mldsa44,verify_chain,10,402547
Mldsa44,verify_chain,10,348697
Mldsa44,verify_chain,10,356548
Mldsa44,verify_chain,10,357667
Mldsa44,verify_chain,10,346726
Mldsa44,verify_chain,10,374603
Mldsa44,verify_chain,10,350734
Mldsa44,verify_chain,10,347595
Mldsa44,verify_chain,10,363599
Mldsa44,verify_chain,10,358063
Mldsa44,verify_chain,10,360615
Mldsa44,verify_chain,10,376330
Mldsa44,verify_chain,10,379358
Mldsa44,verify_chain,10,363097
Mldsa44,verify_chain,10,353070
Mldsa44,verify_chain,10,352852
Mldsa44,verify_chain,10,364609
Mldsa44,verify_chain,10,370575
Mldsa44,verify_chain,10,360451
Mldsa44,verify_chain,10,366611
Mldsa44,verify_chain,10,380335
Mldsa44,verify_chain,10,367627
Mldsa44,verify_chain,10,368954
Mldsa44,verify_chain,10,351323
Mldsa44,verify_chain,10,367407
Mldsa44,verify_chain,10,346617
Mldsa44,verify_chain,10,349330
Mldsa44,verify_chain,10,354718
Mldsa44,verify_chain,10,345434
Mldsa44,verify_chain,10,343041
Mldsa44,verify_chain,10,344078
Mldsa44,verify_chain,10,359520
Mldsa44,verify_chain,10,362804
Mldsa44,verify_chain,10,346799
Mldsa44,verify_chain,10,356336
Mldsa44,verify_chain,10,346279
Mldsa44,verify_chain,10,353099
Mldsa44,verify_chain,10,358293
Mldsa44,verify_chain,10,345030
Mldsa44,verify_chain,10,362143
Mldsa44,verify_chain,10,347315
Mldsa44,verify_chain,10,343178
Mldsa44,verify_chain,10,356457
Mldsa44,verify_chain,10,369045
Mldsa44,verify_chain,10,346183
Mldsa44,verify_chain,10,357013
Mldsa44,verify_chain,10,343181
Mldsa44,verify_chain,10,362403
Mldsa44,verify_chain,10,370467
Mldsa44,verify_chain,10,359004
Mldsa44,verify_chain,10,352202
Mldsa44,verify_chain,10,357365
Mldsa44,verify_chain,10,366387
Mldsa44,verify_chain,10,364626
Mldsa44,verify_chain,10,362012
Mldsa44,verify_chain,10,351435
Mldsa44,verify_chain,10,379244
Mldsa44,verify_chain,10,359291
Mldsa44,verify_chain,10,361913
Mldsa44,verify_chain,10,354147
Mldsa44,verify_chain,10,349597
Mldsa44,verify_chain,10,352346
Mldsa44,verify_chain,10,351877
Mldsa44,verify_chain,10,352201
Mldsa44,verify_chain,10,377274
Mldsa44,verify_chain,10,363071
Mldsa44,verify_chain,10,350495
Mldsa44,verify_chain,10,360610
Mldsa44,verify_chain,10,372043
Mldsa44,verify_chain,10,369505
Mldsa44,verify_chain,10,356545
Mldsa44,verify_chain,10,353507
Mldsa44,verify_chain,10,351101
Mldsa44,verify_chain,10,367691
Mldsa44,verify_chain,10,360682
Mldsa44,verify_chain,10,360769
Mldsa44,verify_chain,10,352936
Mldsa44,verify_chain,10,350456
Mldsa44,verify_chain,10,359595
Mldsa44,verify_chain,10,364271
Mldsa44,verify_chain,10,365175
Mldsa44,verify_chain,10,363108
Mldsa44,verify_chain,10,354906
Mldsa44,verify_chain,10,353043
Mldsa44,verify_chain,10,352306
Mldsa44,verify_chain,10,362543
Mldsa44,verify_chain,10,354492
Mldsa44,verify_chain,10,351473
Mldsa44,verify_chain,10,351240
Mldsa44,verify_chain,10,350791
Mldsa44,verify_chain,10,380125
Mldsa44,verify_chain,10,354055
Mldsa44,verify_chain,10,351474
Mldsa44,verify_chain,10,355452
Mldsa44,authority_build,2,54673
Mldsa44,authority_build,2,70073
Mldsa44,authority_build,2,96111
Mldsa44,authority_build,2,93604
Mldsa44,authority_build,2,46671
Mldsa44,authority_build,2,72193
Mldsa44,authority_build,2,54184
Mldsa44,authority_build,2,46583
Mldsa44,authority_build,2,88764
Mldsa44,authority_build,2,63390
Mldsa44,authority_build,2,88251
Mldsa44,authority_build,2,110744
Mldsa44,authority_build,2,72779
Mldsa44,authority_build,2,140401
Mldsa44,authority_build,2,56492
Mldsa44,authority_build,2,54567
Mldsa44,authority_build,2,70098
Mldsa44,authority_build,2,136406
Mldsa44,authority_build,2,89955
Mldsa44,authority_build,2,126916
Mldsa44,authority_build,2,64510
Mldsa44,authority_build,2,265738
Mldsa44,authority_build,2,56508
Mldsa44,authority_build,2,46815
Mldsa44,authority_build,2,46782
Mldsa44,authority_build,2,85627
Mldsa44,authority_build,2,118544
Mldsa44,authority_build,2,46729
Mldsa44,authority_build,2,61142
Mldsa44,authority_build,2,63246
Mldsa44,authority_build,2,86658
Mldsa44,authority_build,2,62442
Mldsa44,authority_build,2,63846
Mldsa44,authority_build,2,69882
Mldsa44,authority_build,2,46884
Mldsa44,authority_build,2,78163
Mldsa44,authority_build,2,54262
Mldsa44,authority_build,2,46984
Mldsa44,authority_build,2,91927
Mldsa44,authority_build,2,63554
Mldsa44,authority_build,2,84911
Mldsa44,authority_build,2,46660
Mldsa44,authority_build,2,96536
Mldsa44,authority_build,2,179977
Mldsa44,authority_build,2,106176
Mldsa44,authority_build,2,56938
Mldsa44,authority_build,2,70431
Mldsa44,authority_build,2,99166
Mldsa44,authority_build,2,61577
Mldsa44,authority_build,2,193125
Mldsa44,authority_build,2,46785
Mldsa44,authority_build,2,138280
Mldsa44,authority_build,2,102334
Mldsa44,authority_build,2,46726
Mldsa44,authority_build,2,149254
Mldsa44,authority_build,2,116491
Mldsa44,authority_build,2,55713
Mldsa44,authority_build,2,119608
Mldsa44,authority_build,2,72192
Mldsa44,authority_build,2,64440
Mldsa44,authority_build,2,46568
Mldsa44,authority_build,2,46949
Mldsa44,authority_build,2,54087
Mldsa44,authority_build,2,119183
Mldsa44,authority_build,2,155637
Mldsa44,authority_build,2,105490
Mldsa44,authority_build,2,83844
Mldsa44,authority_build,2,65153
Mldsa44,authority_build,2,63613
Mldsa44,authority_build,2,46832
Mldsa44,authority_build,2,62061
Mldsa44,authority_build,2,54583
Mldsa44,authority_build,2,64125
Mldsa44,authority_build,2,61723
Mldsa44,authority_build,2,63695
Mldsa44,authority_build,2,87528
Mldsa44,authority_build,2,46656
Mldsa44,authority_build,2,98112
Mldsa44,authority_build,2,46650
Mldsa44,authority_build,2,60993
Mldsa44,authority_build,2,56028
Mldsa44,authority_build,2,65139
Mldsa44,authority_build,2,55982
Mldsa44,authority_build,2,53980
Mldsa44,authority_build,2,100022
Mldsa44,authority_build,2,112113
Mldsa44,authority_build,2,86183
Mldsa44,authority_build,2,61652
Mldsa44,authority_build,2,77785
Mldsa44,authority_build,2,86926
Mldsa44,authority_build,2,103672
Mldsa44,authority_build,2,47831
Mldsa44,authority_build,2,46999
Mldsa44,authority_build,2,46737
Mldsa44,authority_build,2,78741
Mldsa44,authority_build,2,54328
Mldsa44,authority_build,2,70696
Mldsa44,authority_build,2,81714
Mldsa44,authority_build,2,95596
Mldsa44,authority_build,2,55331
Mldsa44,authority_build,2,93794
Mldsa44,append_hop,2,62032
Mldsa44,append_hop,2,55779
Mldsa44,append_hop,2,172438
Mldsa44,append_hop,2,54884
Mldsa44,append_hop,2,69193
Mldsa44,append_hop,2,102970
Mldsa44,append_hop,2,85999
Mldsa44,append_hop,2,77355
Mldsa44,append_hop,2,54707
Mldsa44,append_hop,2,54664
Mldsa44,append_hop,2,62126
Mldsa44,append_hop,2,129213
Mldsa44,append_hop,2,139904
Mldsa44,append_hop,2,62632
Mldsa44,append_hop,2,62495
Mldsa44,append_hop,2,104990
Mldsa44,append_hop,2,54926
Mldsa44,append_hop,2,81176
Mldsa44,append_hop,2,63784
Mldsa44,append_hop,2,120539
Mldsa44,append_hop,2,108104
Mldsa44,append_hop,2,62899
Mldsa44,append_hop,2,85662
Mldsa44,append_hop,2,54710
Mldsa44,append_hop,2,111668
Mldsa44,append_hop,2,79635
Mldsa44,append_hop,2,110591
Mldsa44,append_hop,2,63632
Mldsa44,append_hop,2,70574
Mldsa44,append_hop,2,61434
Mldsa44,append_hop,2,78019
Mldsa44,append_hop,2,69343
Mldsa44,append_hop,2,64555
Mldsa44,append_hop,2,68615
Mldsa44,append_hop,2,70351
Mldsa44,append_hop,2,55125
Mldsa44,append_hop,2,54314
Mldsa44,append_hop,2,62836
Mldsa44,append_hop,2,63389
Mldsa44,append_hop,2,62174
Mldsa44,append_hop,2,62844
Mldsa44,append_hop,2,62205
Mldsa44,append_hop,2,117694
Mldsa44,append_hop,2,131996
Mldsa44,append_hop,2,90611
Mldsa44,append_hop,2,63661
Mldsa44,append_hop,2,112218
Mldsa44,append_hop,2,55370
Mldsa44,append_hop,2,79017
Mldsa44,append_hop,2,73666
Mldsa44,append_hop,2,55525
Mldsa44,append_hop,2,65050
Mldsa44,append_hop,2,113607
Mldsa44,append_hop,2,72901
Mldsa44,append_hop,2,71440
Mldsa44,append_hop,2,99788
Mldsa44,append_hop,2,71434
Mldsa44,append_hop,2,63804
Mldsa44,append_hop,2,117028
Mldsa44,append_hop,2,54755
Mldsa44,append_hop,2,54512
Mldsa44,append_hop,2,128035
Mldsa44,append_hop,2,55072
Mldsa44,append_hop,2,54953
Mldsa44,append_hop,2,133655
Mldsa44,append_hop,2,111460
Mldsa44,append_hop,2,55187
Mldsa44,append_hop,2,103034
Mldsa44,append_hop,2,159770
Mldsa44,append_hop,2,91576
Mldsa44,append_hop,2,62715
Mldsa44,append_hop,2,86961
Mldsa44,append_hop,2,62572
Mldsa44,append_hop,2,64508
Mldsa44,append_hop,2,79799
Mldsa44,append_hop,2,113874
Mldsa44,append_hop,2,73101
Mldsa44,append_hop,2,157759
Mldsa44,append_hop,2,64333
Mldsa44,append_hop,2,54735
Mldsa44,append_hop,2,62816
Mldsa44,append_hop,2,78178
Mldsa44,append_hop,2,70661
Mldsa44,append_hop,2,95887
Mldsa44,append_hop,2,54186
Mldsa44,append_hop,2,118604
Mldsa44,append_hop,2,54570
Mldsa44,append_hop,2,64329
Mldsa44,append_hop,2,63809
Mldsa44,append_hop,2,70149
Mldsa44,append_hop,2,79191
Mldsa44,append_hop,2,81471
Mldsa44,append_hop,2,80260
Mldsa44,append_hop,2,65447
Mldsa44,append_hop,2,109653
Mldsa44,append_hop,2,72634
Mldsa44,append_hop,2,102862
Mldsa44,append_hop,2,89335
Mldsa44,append_hop,2,61032
Mldsa44,append_hop,2,112025
Mldsa44,append_hop,2,62774
Mldsa44,seal,2,62464
Mldsa44,seal,2,62127
Mldsa44,seal,2,62325
Mldsa44,seal,2,62263
Mldsa44,seal,2,62152
Mldsa44,seal,2,62578
Mldsa44,seal,2,61957
Mldsa44,seal,2,62313
Mldsa44,seal,2,62099
Mldsa44,seal,2,61889
Mldsa44,seal,2,62312
Mldsa44,seal,2,62018
Mldsa44,seal,2,62137
Mldsa44,seal,2,62280
Mldsa44,seal,2,62439
Mldsa44,seal,2,62020
Mldsa44,seal,2,62167
Mldsa44,seal,2,62271
Mldsa44,seal,2,62380
Mldsa44,seal,2,62084
Mldsa44,seal,2,62283
Mldsa44,seal,2,62540
Mldsa44,seal,2,62262
Mldsa44,seal,2,62672
Mldsa44,seal,2,62038
Mldsa44,seal,2,68351
Mldsa44,seal,2,63074
Mldsa44,seal,2,62545
Mldsa44,seal,2,63001
Mldsa44,seal,2,62183
Mldsa44,seal,2,62382
Mldsa44,seal,2,62447
Mldsa44,seal,2,61975
Mldsa44,seal,2,62230
Mldsa44,seal,2,62256
Mldsa44,seal,2,62428
Mldsa44,seal,2,62421
Mldsa44,seal,2,62748
Mldsa44,seal,2,62269
Mldsa44,seal,2,62127
Mldsa44,seal,2,64183
Mldsa44,seal,2,67018
Mldsa44,seal,2,62481
Mldsa44,seal,2,62251
Mldsa44,seal,2,62351
Mldsa44,seal,2,61598
Mldsa44,seal,2,62008
Mldsa44,seal,2,62428
Mldsa44,seal,2,62851
Mldsa44,seal,2,62037
Mldsa44,seal,2,62091
Mldsa44,seal,2,62082
Mldsa44,seal,2,61572
Mldsa44,seal,2,69281
Mldsa44,seal,2,63146
Mldsa44,seal,2,62299
Mldsa44,seal,2,62346
Mldsa44,seal,2,61791
Mldsa44,seal,2,62017
Mldsa44,seal,2,61986
Mldsa44,seal,2,62240
Mldsa44,seal,2,72045
Mldsa44,seal,2,64093
Mldsa44,seal,2,63675
Mldsa44,seal,2,62230
Mldsa44,seal,2,62248
Mldsa44,seal,2,62120
Mldsa44,seal,2,62189
Mldsa44,seal,2,61936
Mldsa44,seal,2,62265
Mldsa44,seal,2,62306
Mldsa44,seal,2,67715
Mldsa44,seal,2,62677
Mldsa44,seal,2,62187
Mldsa44,seal,2,62030
Mldsa44,seal,2,62123
Mldsa44,seal,2,62918
Mldsa44,seal,2,62068
Mldsa44,seal,2,62097
Mldsa44,seal,2,62531
Mldsa44,seal,2,62046
Mldsa44,seal,2,62182
Mldsa44,seal,2,62023
Mldsa44,seal,2,62001
Mldsa44,seal,2,69918
Mldsa44,seal,2,63128
Mldsa44,seal,2,62428
Mldsa44,seal,2,62819
Mldsa44,seal,2,62669
Mldsa44,seal,2,62494
Mldsa44,seal,2,71791
Mldsa44,seal,2,62809
Mldsa44,seal,2,63690
Mldsa44,seal,2,62049
Mldsa44,seal,2,62105
Mldsa44,seal,2,62143
Mldsa44,seal,2,61991
Mldsa44,seal,2,62118
Mldsa44,seal,2,62265
Mldsa44,seal,2,61899
Mldsa44,seal,2,62053
Mldsa44,verify_n2,2,114156
Mldsa44,verify_n2,2,113836
Mldsa44,verify_n2,2,113936
Mldsa44,verify_n2,2,112114
Mldsa44,verify_n2,2,111811
Mldsa44,verify_n2,2,122320
Mldsa44,verify_n2,2,116586
Mldsa44,verify_n2,2,120306
Mldsa44,verify_n2,2,115815
Mldsa44,verify_n2,2,114169
Mldsa44,verify_n2,2,112062
Mldsa44,verify_n2,2,112628
Mldsa44,verify_n2,2,113397
Mldsa44,verify_n2,2,112844
Mldsa44,verify_n2,2,113602
Mldsa44,verify_n2,2,113450
Mldsa44,verify_n2,2,113252
Mldsa44,verify_n2,2,113293
Mldsa44,verify_n2,2,112623
Mldsa44,verify_n2,2,123057
Mldsa44,verify_n2,2,112790
Mldsa44,verify_n2,2,112430
Mldsa44,verify_n2,2,122878
Mldsa44,verify_n2,2,115278
Mldsa44,verify_n2,2,113414
Mldsa44,verify_n2,2,112580
Mldsa44,verify_n2,2,112327
Mldsa44,verify_n2,2,113059
Mldsa44,verify_n2,2,112923
Mldsa44,verify_n2,2,112128
Mldsa44,verify_n2,2,111989
Mldsa44,verify_n2,2,113092
Mldsa44,verify_n2,2,113708
Mldsa44,verify_n2,2,112470
Mldsa44,verify_n2,2,112892
Mldsa44,verify_n2,2,113039
Mldsa44,verify_n2,2,113964
Mldsa44,verify_n2,2,112375
Mldsa44,verify_n2,2,112033
Mldsa44,verify_n2,2,121753
Mldsa44,verify_n2,2,115266
Mldsa44,verify_n2,2,113216
Mldsa44,verify_n2,2,112033
Mldsa44,verify_n2,2,114429
Mldsa44,verify_n2,2,114009
Mldsa44,verify_n2,2,130447
Mldsa44,verify_n2,2,115525
Mldsa44,verify_n2,2,113973
Mldsa44,verify_n2,2,112525
Mldsa44,verify_n2,2,119573
Mldsa44,verify_n2,2,113678
Mldsa44,verify_n2,2,113486
Mldsa44,verify_n2,2,113369
Mldsa44,verify_n2,2,113088
Mldsa44,verify_n2,2,121928
Mldsa44,verify_n2,2,112840
Mldsa44,verify_n2,2,122679
Mldsa44,verify_n2,2,114508
Mldsa44,verify_n2,2,114134
Mldsa44,verify_n2,2,112248
Mldsa44,verify_n2,2,113492
Mldsa44,verify_n2,2,112644
Mldsa44,verify_n2,2,113271
Mldsa44,verify_n2,2,113185
Mldsa44,verify_n2,2,112285
Mldsa44,verify_n2,2,113154
Mldsa44,verify_n2,2,112509
Mldsa44,verify_n2,2,113189
Mldsa44,verify_n2,2,111334
Mldsa44,verify_n2,2,111915
Mldsa44,verify_n2,2,112931
Mldsa44,verify_n2,2,120420
Mldsa44,verify_n2,2,114666
Mldsa44,verify_n2,2,113471
Mldsa44,verify_n2,2,112277
Mldsa44,verify_n2,2,112123
Mldsa44,verify_n2,2,112974
Mldsa44,verify_n2,2,112119
Mldsa44,verify_n2,2,113681
Mldsa44,verify_n2,2,113098
Mldsa44,verify_n2,2,112163
Mldsa44,verify_n2,2,112250
Mldsa44,verify_n2,2,111765
Mldsa44,verify_n2,2,112730
Mldsa44,verify_n2,2,111659
Mldsa44,verify_n2,2,113739
Mldsa44,verify_n2,2,110817
Mldsa44,verify_n2,2,112135
Mldsa44,verify_n2,2,128146
Mldsa44,verify_n2,2,200474
Mldsa44,verify_n2,2,117820
Mldsa44,verify_n2,2,118474
Mldsa44,verify_n2,2,259880
Mldsa44,verify_n2,2,131537
Mldsa44,verify_n2,2,114125
Mldsa44,verify_n2,2,113542
Mldsa44,verify_n2,2,113155
Mldsa44,verify_n2,2,112732
Mldsa44,verify_n2,2,112137
Mldsa44,verify_n2,2,111924
Mldsa44,verify_n2,2,112855
Mldsa44,authorize,2,9363
Mldsa44,authorize,2,8804
Mldsa44,authorize,2,8589
Mldsa44,authorize,2,8518
Mldsa44,authorize,2,8430
Mldsa44,authorize,2,8524
Mldsa44,authorize,2,8918
Mldsa44,authorize,2,8952
Mldsa44,authorize,2,8529
Mldsa44,authorize,2,8375
Mldsa44,authorize,2,8570
Mldsa44,authorize,2,8788
Mldsa44,authorize,2,8734
Mldsa44,authorize,2,8595
Mldsa44,authorize,2,8501
Mldsa44,authorize,2,8673
Mldsa44,authorize,2,8404
Mldsa44,authorize,2,8486
Mldsa44,authorize,2,8439
Mldsa44,authorize,2,8487
Mldsa44,authorize,2,8485
Mldsa44,authorize,2,8424
Mldsa44,authorize,2,8527
Mldsa44,authorize,2,8622
Mldsa44,authorize,2,8314
Mldsa44,authorize,2,8314
Mldsa44,authorize,2,8499
Mldsa44,authorize,2,8487
Mldsa44,authorize,2,8291
Mldsa44,authorize,2,8611
Mldsa44,authorize,2,8173
Mldsa44,authorize,2,8523
Mldsa44,authorize,2,8472
Mldsa44,authorize,2,8421
Mldsa44,authorize,2,8378
Mldsa44,authorize,2,8518
Mldsa44,authorize,2,8383
Mldsa44,authorize,2,8473
Mldsa44,authorize,2,8226
Mldsa44,authorize,2,8458
Mldsa44,authorize,2,8575
Mldsa44,authorize,2,8348
Mldsa44,authorize,2,8146
Mldsa44,authorize,2,8559
Mldsa44,authorize,2,8364
Mldsa44,authorize,2,8316
Mldsa44,authorize,2,23286
Mldsa44,authorize,2,11564
Mldsa44,authorize,2,8701
Mldsa44,authorize,2,8726
Mldsa44,authorize,2,8448
Mldsa44,authorize,2,8640
Mldsa44,authorize,2,8594
Mldsa44,authorize,2,8575
Mldsa44,authorize,2,8491
Mldsa44,authorize,2,8633
Mldsa44,authorize,2,8445
Mldsa44,authorize,2,8523
Mldsa44,authorize,2,8608
Mldsa44,authorize,2,8534
Mldsa44,authorize,2,8623
Mldsa44,authorize,2,8552
Mldsa44,authorize,2,8594
Mldsa44,authorize,2,8514
Mldsa44,authorize,2,8485
Mldsa44,authorize,2,8437
Mldsa44,authorize,2,8616
Mldsa44,authorize,2,8562
Mldsa44,authorize,2,8407
Mldsa44,authorize,2,8458
Mldsa44,authorize,2,8298
Mldsa44,authorize,2,8495
Mldsa44,authorize,2,8344
Mldsa44,authorize,2,8486
Mldsa44,authorize,2,8378
Mldsa44,authorize,2,8382
Mldsa44,authorize,2,8512
Mldsa44,authorize,2,8564
Mldsa44,authorize,2,8294
Mldsa44,authorize,2,8642
Mldsa44,authorize,2,8687
Mldsa44,authorize,2,8558
Mldsa44,authorize,2,8463
Mldsa44,authorize,2,8448
Mldsa44,authorize,2,8727
Mldsa44,authorize,2,8417
Mldsa44,authorize,2,8799
Mldsa44,authorize,2,8205
Mldsa44,authorize,2,8448
Mldsa44,authorize,2,8450
Mldsa44,authorize,2,8420
Mldsa44,authorize,2,8537
Mldsa44,authorize,2,8435
Mldsa44,authorize,2,8565
Mldsa44,authorize,2,8367
Mldsa44,authorize,2,8505
Mldsa44,authorize,2,8752
Mldsa44,authorize,2,8263
Mldsa44,authorize,2,8539
Mldsa44,authorize,2,8477
Mldsa44,authorize,2,8480
Mldsa65,verify_chain,0,82360
Mldsa65,verify_chain,0,81870
Mldsa65,verify_chain,0,80551
Mldsa65,verify_chain,0,80640
Mldsa65,verify_chain,0,89067
Mldsa65,verify_chain,0,83146
Mldsa65,verify_chain,0,82222
Mldsa65,verify_chain,0,81303
Mldsa65,verify_chain,0,82534
Mldsa65,verify_chain,0,81896
Mldsa65,verify_chain,0,81444
Mldsa65,verify_chain,0,81853
Mldsa65,verify_chain,0,82302
Mldsa65,verify_chain,0,81081
Mldsa65,verify_chain,0,82044
Mldsa65,verify_chain,0,81703
Mldsa65,verify_chain,0,81813
Mldsa65,verify_chain,0,81577
Mldsa65,verify_chain,0,82808
Mldsa65,verify_chain,0,81928
Mldsa65,verify_chain,0,80617
Mldsa65,verify_chain,0,82176
Mldsa65,verify_chain,0,80806
Mldsa65,verify_chain,0,89410
Mldsa65,verify_chain,0,82337
Mldsa65,verify_chain,0,83032
Mldsa65,verify_chain,0,82234
Mldsa65,verify_chain,0,82495
Mldsa65,verify_chain,0,82591
Mldsa65,verify_chain,0,80779
Mldsa65,verify_chain,0,82257
Mldsa65,verify_chain,0,82453
Mldsa65,verify_chain,0,80542
Mldsa65,verify_chain,0,82547
Mldsa65,verify_chain,0,80280
Mldsa65,verify_chain,0,81909
Mldsa65,verify_chain,0,81936
Mldsa65,verify_chain,0,82033
Mldsa65,verify_chain,0,81864
Mldsa65,verify_chain,0,82304
Mldsa65,verify_chain,0,82317
Mldsa65,verify_chain,0,82415
Mldsa65,verify_chain,0,81047
Mldsa65,verify_chain,0,88215
Mldsa65,verify_chain,0,85761
Mldsa65,verify_chain,0,100825
Mldsa65,verify_chain,0,83270
Mldsa65,verify_chain,0,82929
Mldsa65,verify_chain,0,80061
Mldsa65,verify_chain,0,81359
Mldsa65,verify_chain,0,79674
Mldsa65,verify_chain,0,81560
Mldsa65,verify_chain,0,81315
Mldsa65,verify_chain,0,82964
Mldsa65,verify_chain,0,79689
Mldsa65,verify_chain,0,81643
Mldsa65,verify_chain,0,81556
Mldsa65,verify_chain,0,80179
Mldsa65,verify_chain,0,81494
Mldsa65,verify_chain,0,87725
Mldsa65,verify_chain,0,81805
Mldsa65,verify_chain,0,80711
Mldsa65,verify_chain,0,82709
Mldsa65,verify_chain,0,80753
Mldsa65,verify_chain,0,80703
Mldsa65,verify_chain,0,81179
Mldsa65,verify_chain,0,82064
Mldsa65,verify_chain,0,88301
Mldsa65,verify_chain,0,81920
Mldsa65,verify_chain,0,82522
Mldsa65,verify_chain,0,81401
Mldsa65,verify_chain,0,85002
Mldsa65,verify_chain,0,85499
Mldsa65,verify_chain,0,84332
Mldsa65,verify_chain,0,84314
Mldsa65,verify_chain,0,83009
Mldsa65,verify_chain,0,84757
Mldsa65,verify_chain,0,85253
Mldsa65,verify_chain,0,83317
Mldsa65,verify_chain,0,83231
Mldsa65,verify_chain,0,84044
Mldsa65,verify_chain,0,82722
Mldsa65,verify_chain,0,82600
Mldsa65,verify_chain,0,80463
Mldsa65,verify_chain,0,81844
Mldsa65,verify_chain,0,82704
Mldsa65,verify_chain,0,81100
Mldsa65,verify_chain,0,82445
Mldsa65,verify_chain,0,81620
Mldsa65,verify_chain,0,80941
Mldsa65,verify_chain,0,82391
Mldsa65,verify_chain,0,92555
Mldsa65,verify_chain,0,88685
Mldsa65,verify_chain,0,103304
Mldsa65,verify_chain,0,82009
Mldsa65,verify_chain,0,81702
Mldsa65,verify_chain,0,82893
Mldsa65,verify_chain,0,84195
Mldsa65,verify_chain,0,83837
Mldsa65,verify_chain,0,82064
Mldsa65,verify_chain,0,81035
Mldsa65,verify_chain,1,125538
Mldsa65,verify_chain,1,126160
Mldsa65,verify_chain,1,132700
Mldsa65,verify_chain,1,129463
Mldsa65,verify_chain,1,126543
Mldsa65,verify_chain,1,127622
Mldsa65,verify_chain,1,127179
Mldsa65,verify_chain,1,125376
Mldsa65,verify_chain,1,129911
Mldsa65,verify_chain,1,133795
Mldsa65,verify_chain,1,125987
Mldsa65,verify_chain,1,126225
Mldsa65,verify_chain,1,125767
Mldsa65,verify_chain,1,124986
Mldsa65,verify_chain,1,127224
Mldsa65,verify_chain,1,141770
Mldsa65,verify_chain,1,138834
Mldsa65,verify_chain,1,127624
Mldsa65,verify_chain,1,125745
Mldsa65,verify_chain,1,123738
Mldsa65,verify_chain,1,125973
Mldsa65,verify_chain,1,125080
Mldsa65,verify_chain,1,125879
Mldsa65,verify_chain,1,125457
Mldsa65,verify_chain,1,126399
Mldsa65,verify_chain,1,127399
Mldsa65,verify_chain,1,137915
Mldsa65,verify_chain,1,139756
Mldsa65,verify_chain,1,126879
Mldsa65,verify_chain,1,133816
Mldsa65,verify_chain,1,128093
Mldsa65,verify_chain,1,128605
Mldsa65,verify_chain,1,125790
Mldsa65,verify_chain,1,126655
Mldsa65,verify_chain,1,125182
Mldsa65,verify_chain,1,125775
Mldsa65,verify_chain,1,125877
Mldsa65,verify_chain,1,126681
Mldsa65,verify_chain,1,124913
Mldsa65,verify_chain,1,127686
Mldsa65,verify_chain,1,131075
Mldsa65,verify_chain,1,126667
Mldsa65,verify_chain,1,134594
Mldsa65,verify_chain,1,128095
Mldsa65,verify_chain,1,125912
Mldsa65,verify_chain,1,124720
Mldsa65,verify_chain,1,127349
Mldsa65,verify_chain,1,126625
Mldsa65,verify_chain,1,127229
Mldsa65,verify_chain,1,126662
Mldsa65,verify_chain,1,126789
Mldsa65,verify_chain,1,125943
Mldsa65,verify_chain,1,126538
Mldsa65,verify_chain,1,126331
Mldsa65,verify_chain,1,125558
Mldsa65,verify_chain,1,126236
Mldsa65,verify_chain,1,126576
Mldsa65,verify_chain,1,133678
Mldsa65,verify_chain,1,129144
Mldsa65,verify_chain,1,126980
Mldsa65,verify_chain,1,126175
Mldsa65,verify_chain,1,124296
Mldsa65,verify_chain,1,126569
Mldsa65,verify_chain,1,132584
Mldsa65,verify_chain,1,128019
Mldsa65,verify_chain,1,127101
Mldsa65,verify_chain,1,126361
Mldsa65,verify_chain,1,126589
Mldsa65,verify_chain,1,126560
Mldsa65,verify_chain,1,125683
Mldsa65,verify_chain,1,125759
Mldsa65,verify_chain,1,139342
Mldsa65,verify_chain,1,127547
Mldsa65,verify_chain,1,127571
Mldsa65,verify_chain,1,127441
Mldsa65,verify_chain,1,125020
Mldsa65,verify_chain,1,126137
Mldsa65,verify_chain,1,126450
Mldsa65,verify_chain,1,127214
Mldsa65,verify_chain,1,136425
Mldsa65,verify_chain,1,132250
Mldsa65,verify_chain,1,126293
Mldsa65,verify_chain,1,125325
Mldsa65,verify_chain,1,125034
Mldsa65,verify_chain,1,124754
Mldsa65,verify_chain,1,125233
Mldsa65,verify_chain,1,133057
Mldsa65,verify_chain,1,127847
Mldsa65,verify_chain,1,127520
Mldsa65,verify_chain,1,126412
Mldsa65,verify_chain,1,125217
Mldsa65,verify_chain,1,127440
Mldsa65,verify_chain,1,126855
Mldsa65,verify_chain,1,125327
Mldsa65,verify_chain,1,126928
Mldsa65,verify_chain,1,126076
Mldsa65,verify_chain,1,125715
Mldsa65,verify_chain,1,125078
Mldsa65,verify_chain,1,126168
Mldsa65,verify_chain,1,132298
Mldsa65,verify_chain,1,127706
Mldsa65,verify_chain,2,170222
Mldsa65,verify_chain,2,177473
Mldsa65,verify_chain,2,174711
Mldsa65,verify_chain,2,173615
Mldsa65,verify_chain,2,172361
Mldsa65,verify_chain,2,181040
Mldsa65,verify_chain,2,177998
Mldsa65,verify_chain,2,172434
Mldsa65,verify_chain,2,171797
Mldsa65,verify_chain,2,170990
Mldsa65,verify_chain,2,172434
Mldsa65,verify_chain,2,176795
Mldsa65,verify_chain,2,174802
Mldsa65,verify_chain,2,172303
Mldsa65,verify_chain,2,170558
Mldsa65,verify_chain,2,171477
Mldsa65,verify_chain,2,170094
Mldsa65,verify_chain,2,169903
Mldsa65,verify_chain,2,170295
Mldsa65,verify_chain,2,170766
Mldsa65,verify_chain,2,171652
Mldsa65,verify_chain,2,179949
Mldsa65,verify_chain,2,171738
Mldsa65,verify_chain,2,168782
Mldsa65,verify_chain,2,172409
Mldsa65,verify_chain,2,167222
Mldsa65,verify_chain,2,173796
Mldsa65,verify_chain,2,170155
Mldsa65,verify_chain,2,173259
Mldsa65,verify_chain,2,176091
Mldsa65,verify_chain,2,182023
Mldsa65,verify_chain,2,174336
Mldsa65,verify_chain,2,178582
Mldsa65,verify_chain,2,175973
Mldsa65,verify_chain,2,170420
Mldsa65,verify_chain,2,172048
Mldsa65,verify_chain,2,169554
Mldsa65,verify_chain,2,171180
Mldsa65,verify_chain,2,169435
Mldsa65,verify_chain,2,170997
Mldsa65,verify_chain,2,172986
Mldsa65,verify_chain,2,171539
Mldsa65,verify_chain,2,177432
Mldsa65,verify_chain,2,172689
Mldsa65,verify_chain,2,171385
Mldsa65,verify_chain,2,171978
Mldsa65,verify_chain,2,171162
Mldsa65,verify_chain,2,169739
Mldsa65,verify_chain,2,172615
Mldsa65,verify_chain,2,166737
Mldsa65,verify_chain,2,165644
Mldsa65,verify_chain,2,167732
Mldsa65,verify_chain,2,197063
Mldsa65,verify_chain,2,170642
Mldsa65,verify_chain,2,167546
Mldsa65,verify_chain,2,174597
Mldsa65,verify_chain,2,171275
Mldsa65,verify_chain,2,168930
Mldsa65,verify_chain,2,167434
Mldsa65,verify_chain,2,178298
Mldsa65,verify_chain,2,174517
Mldsa65,verify_chain,2,167836
Mldsa65,verify_chain,2,167271
Mldsa65,verify_chain,2,175680
Mldsa65,verify_chain,2,170060
Mldsa65,verify_chain,2,168733
Mldsa65,verify_chain,2,168671
Mldsa65,verify_chain,2,168094
Mldsa65,verify_chain,2,169360
Mldsa65,verify_chain,2,172662
Mldsa65,verify_chain,2,167854
Mldsa65,verify_chain,2,171457
Mldsa65,verify_chain,2,169673
Mldsa65,verify_chain,2,167789
Mldsa65,verify_chain,2,168806
Mldsa65,verify_chain,2,201328
Mldsa65,verify_chain,2,169729
Mldsa65,verify_chain,2,168615
Mldsa65,verify_chain,2,169394
Mldsa65,verify_chain,2,172173
Mldsa65,verify_chain,2,173959
Mldsa65,verify_chain,2,168198
Mldsa65,verify_chain,2,170315
Mldsa65,verify_chain,2,168126
Mldsa65,verify_chain,2,167587
Mldsa65,verify_chain,2,174811
Mldsa65,verify_chain,2,170233
Mldsa65,verify_chain,2,167059
Mldsa65,verify_chain,2,167865
Mldsa65,verify_chain,2,169005
Mldsa65,verify_chain,2,167473
Mldsa65,verify_chain,2,167245
Mldsa65,verify_chain,2,168296
Mldsa65,verify_chain,2,167279
Mldsa65,verify_chain,2,168116
Mldsa65,verify_chain,2,172528
Mldsa65,verify_chain,2,169398
Mldsa65,verify_chain,2,178225
Mldsa65,verify_chain,2,173275
Mldsa65,verify_chain,2,175425
Mldsa65,verify_chain,2,168728
Mldsa65,verify_chain,5,301173
Mldsa65,verify_chain,5,299997
Mldsa65,verify_chain,5,308330
Mldsa65,verify_chain,5,303459
Mldsa65,verify_chain,5,297605
Mldsa65,verify_chain,5,298753
Mldsa65,verify_chain,5,297466
Mldsa65,verify_chain,5,308061
Mldsa65,verify_chain,5,300660
Mldsa65,verify_chain,5,307758
Mldsa65,verify_chain,5,306535
Mldsa65,verify_chain,5,303453
Mldsa65,verify_chain,5,300018
Mldsa65,verify_chain,5,299827
Mldsa65,verify_chain,5,299899
Mldsa65,verify_chain,5,306144
Mldsa65,verify_chain,5,302209
Mldsa65,verify_chain,5,304666
Mldsa65,verify_chain,5,303102
Mldsa65,verify_chain,5,306038
Mldsa65,verify_chain,5,309204
Mldsa65,verify_chain,5,303645
Mldsa65,verify_chain,5,311450
Mldsa65,verify_chain,5,305577
Mldsa65,verify_chain,5,310689
Mldsa65,verify_chain,5,300141
Mldsa65,verify_chain,5,300360
Mldsa65,verify_chain,5,299409
Mldsa65,verify_chain,5,306662
Mldsa65,verify_chain,5,302250
Mldsa65,verify_chain,5,300950
Mldsa65,verify_chain,5,300913
Mldsa65,verify_chain,5,298512
Mldsa65,verify_chain,5,308756
Mldsa65,verify_chain,5,305519
Mldsa65,verify_chain,5,301175
Mldsa65,verify_chain,5,294210
Mldsa65,verify_chain,5,305173
Mldsa65,verify_chain,5,303206
Mldsa65,verify_chain,5,309325
Mldsa65,verify_chain,5,300467
Mldsa65,verify_chain,5,298502
Mldsa65,verify_chain,5,299459
Mldsa65,verify_chain,5,298523
Mldsa65,verify_chain,5,300224
Mldsa65,verify_chain,5,301085
Mldsa65,verify_chain,5,316471
Mldsa65,verify_chain,5,301999
Mldsa65,verify_chain,5,299495
Mldsa65,verify_chain,5,299590
Mldsa65,verify_chain,5,298000
Mldsa65,verify_chain,5,316610
Mldsa65,verify_chain,5,301822
Mldsa65,verify_chain,5,299284
Mldsa65,verify_chain,5,298310
Mldsa65,verify_chain,5,298774
Mldsa65,verify_chain,5,296807
Mldsa65,verify_chain,5,296254
Mldsa65,verify_chain,5,307396
Mldsa65,verify_chain,5,302884
Mldsa65,verify_chain,5,306168
Mldsa65,verify_chain,5,297274
Mldsa65,verify_chain,5,299840
Mldsa65,verify_chain,5,296907
Mldsa65,verify_chain,5,312963
Mldsa65,verify_chain,5,304718
Mldsa65,verify_chain,5,298060
Mldsa65,verify_chain,5,299119
Mldsa65,verify_chain,5,299811
Mldsa65,verify_chain,5,307158
Mldsa65,verify_chain,5,302582
Mldsa65,verify_chain,5,303483
Mldsa65,verify_chain,5,307331
Mldsa65,verify_chain,5,312132
Mldsa65,verify_chain,5,298624
Mldsa65,verify_chain,5,298161
Mldsa65,verify_chain,5,306516
Mldsa65,verify_chain,5,304174
Mldsa65,verify_chain,5,325484
Mldsa65,verify_chain,5,314113
Mldsa65,verify_chain,5,301294
Mldsa65,verify_chain,5,301752
Mldsa65,verify_chain,5,305227
Mldsa65,verify_chain,5,302184
Mldsa65,verify_chain,5,300801
Mldsa65,verify_chain,5,300712
Mldsa65,verify_chain,5,318888
Mldsa65,verify_chain,5,301174
Mldsa65,verify_chain,5,308585
Mldsa65,verify_chain,5,302888
Mldsa65,verify_chain,5,297124
Mldsa65,verify_chain,5,301156
Mldsa65,verify_chain,5,307574
Mldsa65,verify_chain,5,301975
Mldsa65,verify_chain,5,300100
Mldsa65,verify_chain,5,306806
Mldsa65,verify_chain,5,298744
Mldsa65,verify_chain,5,299541
Mldsa65,verify_chain,5,301914
Mldsa65,verify_chain,5,308127
Mldsa65,verify_chain,5,297418
Mldsa65,verify_chain,10,519783
Mldsa65,verify_chain,10,526302
Mldsa65,verify_chain,10,529725
Mldsa65,verify_chain,10,528716
Mldsa65,verify_chain,10,518705
Mldsa65,verify_chain,10,525459
Mldsa65,verify_chain,10,522895
Mldsa65,verify_chain,10,514935
Mldsa65,verify_chain,10,519457
Mldsa65,verify_chain,10,534190
Mldsa65,verify_chain,10,519570
Mldsa65,verify_chain,10,535040
Mldsa65,verify_chain,10,533015
Mldsa65,verify_chain,10,520636
Mldsa65,verify_chain,10,520296
Mldsa65,verify_chain,10,521685
Mldsa65,verify_chain,10,524995
Mldsa65,verify_chain,10,522207
Mldsa65,verify_chain,10,555706
Mldsa65,verify_chain,10,521014
Mldsa65,verify_chain,10,513784
Mldsa65,verify_chain,10,508515
Mldsa65,verify_chain,10,509719
Mldsa65,verify_chain,10,532107
Mldsa65,verify_chain,10,539286
Mldsa65,verify_chain,10,520209
Mldsa65,verify_chain,10,739253
Mldsa65,verify_chain,10,570231
Mldsa65,verify_chain,10,688691
Mldsa65,verify_chain,10,603366
Mldsa65,verify_chain,10,537120
Mldsa65,verify_chain,10,525339
Mldsa65,verify_chain,10,528100
Mldsa65,verify_chain,10,611958
Mldsa65,verify_chain,10,514479
Mldsa65,verify_chain,10,507365
Mldsa65,verify_chain,10,566951
Mldsa65,verify_chain,10,508304
Mldsa65,verify_chain,10,509487
Mldsa65,verify_chain,10,514683
Mldsa65,verify_chain,10,524768
Mldsa65,verify_chain,10,511029
Mldsa65,verify_chain,10,508406
Mldsa65,verify_chain,10,520264
Mldsa65,verify_chain,10,509930
Mldsa65,verify_chain,10,505531
Mldsa65,verify_chain,10,510318
Mldsa65,verify_chain,10,518956
Mldsa65,verify_chain,10,522174
Mldsa65,verify_chain,10,506632
Mldsa65,verify_chain,10,518314
Mldsa65,verify_chain,10,520595
Mldsa65,verify_chain,10,519869
Mldsa65,verify_chain,10,510815
Mldsa65,verify_chain,10,514702
Mldsa65,verify_chain,10,524000
Mldsa65,verify_chain,10,726707
Mldsa65,verify_chain,10,595915
Mldsa65,verify_chain,10,520916
Mldsa65,verify_chain,10,533225
Mldsa65,verify_chain,10,580922
Mldsa65,verify_chain,10,533616
Mldsa65,verify_chain,10,528973
Mldsa65,verify_chain,10,528779
Mldsa65,verify_chain,10,510416
Mldsa65,verify_chain,10,510269
Mldsa65,verify_chain,10,520100
Mldsa65,verify_chain,10,512244
Mldsa65,verify_chain,10,508392
Mldsa65,verify_chain,10,523722
Mldsa65,verify_chain,10,510352
Mldsa65,verify_chain,10,511623
Mldsa65,verify_chain,10,509804
Mldsa65,verify_chain,10,514639
Mldsa65,verify_chain,10,516636
Mldsa65,verify_chain,10,512496
Mldsa65,verify_chain,10,506087
Mldsa65,verify_chain,10,526426
Mldsa65,verify_chain,10,519272
Mldsa65,verify_chain,10,506544
Mldsa65,verify_chain,10,506390
Mldsa65,verify_chain,10,519845
Mldsa65,verify_chain,10,510007
Mldsa65,verify_chain,10,507494
Mldsa65,verify_chain,10,521356
Mldsa65,verify_chain,10,509744
Mldsa65,verify_chain,10,513544
Mldsa65,verify_chain,10,538189
Mldsa65,verify_chain,10,546498
Mldsa65,verify_chain,10,529035
Mldsa65,verify_chain,10,519963
Mldsa65,verify_chain,10,534515
Mldsa65,verify_chain,10,511409
Mldsa65,verify_chain,10,522318
Mldsa65,verify_chain,10,526016
Mldsa65,verify_chain,10,510145
Mldsa65,verify_chain,10,514037
Mldsa65,verify_chain,10,509061
Mldsa65,verify_chain,10,517497
Mldsa65,verify_chain,10,530193
Mldsa65,verify_chain,10,510245
Mldsa65,authority_build,2,95075
Mldsa65,authority_build,2,103798
Mldsa65,authority_build,2,70174
Mldsa65,authority_build,2,114609
Mldsa65,authority_build,2,81422
Mldsa65,authority_build,2,101194
Mldsa65,authority_build,2,101821
Mldsa65,authority_build,2,76396
Mldsa65,authority_build,2,127722
Mldsa65,authority_build,2,83213
Mldsa65,authority_build,2,82532
Mldsa65,authority_build,2,113157
Mldsa65,authority_build,2,137031
Mldsa65,authority_build,2,70713
Mldsa65,authority_build,2,144331
Mldsa65,authority_build,2,90600
Mldsa65,authority_build,2,91632
Mldsa65,authority_build,2,121490
Mldsa65,authority_build,2,172618
Mldsa65,authority_build,2,92482
Mldsa65,authority_build,2,157391
Mldsa65,authority_build,2,117637
Mldsa65,authority_build,2,89314
Mldsa65,authority_build,2,153476
Mldsa65,authority_build,2,102066
Mldsa65,authority_build,2,135745
Mldsa65,authority_build,2,172507
Mldsa65,authority_build,2,115283
Mldsa65,authority_build,2,91481
Mldsa65,authority_build,2,115748
Mldsa65,authority_build,2,180206
Mldsa65,authority_build,2,84637
Mldsa65,authority_build,2,179692
Mldsa65,authority_build,2,167941
Mldsa65,authority_build,2,83913
Mldsa65,authority_build,2,95093
Mldsa65,authority_build,2,70664
Mldsa65,authority_build,2,294122
Mldsa65,authority_build,2,89833
Mldsa65,authority_build,2,72379
Mldsa65,authority_build,2,103781
Mldsa65,authority_build,2,117406
Mldsa65,authority_build,2,90824
Mldsa65,authority_build,2,71394
Mldsa65,authority_build,2,94614
Mldsa65,authority_build,2,205649
Mldsa65,authority_build,2,121634
Mldsa65,authority_build,2,80509
Mldsa65,authority_build,2,127252
Mldsa65,authority_build,2,83901
Mldsa65,authority_build,2,82185
Mldsa65,authority_build,2,110610
Mldsa65,authority_build,2,169939
Mldsa65,authority_build,2,80366
Mldsa65,authority_build,2,113215
Mldsa65,authority_build,2,78238
Mldsa65,authority_build,2,106461
Mldsa65,authority_build,2,92028
Mldsa65,authority_build,2,123559
Mldsa65,authority_build,2,91998
Mldsa65,authority_build,2,169712
Mldsa65,authority_build,2,110402
Mldsa65,authority_build,2,149663
Mldsa65,authority_build,2,73488
Mldsa65,authority_build,2,130362
Mldsa65,authority_build,2,106865
Mldsa65,authority_build,2,100775
Mldsa65,authority_build,2,115072
Mldsa65,authority_build,2,147808
Mldsa65,authority_build,2,72273
Mldsa65,authority_build,2,72777
Mldsa65,authority_build,2,139248
Mldsa65,authority_build,2,81574
Mldsa65,authority_build,2,114809
Mldsa65,authority_build,2,120669
Mldsa65,authority_build,2,175546
Mldsa65,authority_build,2,212780
Mldsa65,authority_build,2,196157
Mldsa65,authority_build,2,120133
Mldsa65,authority_build,2,165934
Mldsa65,authority_build,2,72751
Mldsa65,authority_build,2,93155
Mldsa65,authority_build,2,136957
Mldsa65,authority_build,2,150997
Mldsa65,authority_build,2,95291
Mldsa65,authority_build,2,208877
Mldsa65,authority_build,2,105033
Mldsa65,authority_build,2,201593
Mldsa65,authority_build,2,201611
Mldsa65,authority_build,2,93503
Mldsa65,authority_build,2,117482
Mldsa65,authority_build,2,104258
Mldsa65,authority_build,2,72035
Mldsa65,authority_build,2,72224
Mldsa65,authority_build,2,104498
Mldsa65,authority_build,2,158101
Mldsa65,authority_build,2,71384
Mldsa65,authority_build,2,81972
Mldsa65,authority_build,2,126989
Mldsa65,authority_build,2,140173
Mldsa65,authority_build,2,149565
Mldsa65,append_hop,2,105970
Mldsa65,append_hop,2,92934
Mldsa65,append_hop,2,189034
Mldsa65,append_hop,2,111735
Mldsa65,append_hop,2,84405
Mldsa65,append_hop,2,116191
Mldsa65,append_hop,2,108663
Mldsa65,append_hop,2,179844
Mldsa65,append_hop,2,81647
Mldsa65,append_hop,2,217113
Mldsa65,append_hop,2,84480
Mldsa65,append_hop,2,82474
Mldsa65,append_hop,2,225874
Mldsa65,append_hop,2,91532
Mldsa65,append_hop,2,118560
Mldsa65,append_hop,2,166016
Mldsa65,append_hop,2,113125
Mldsa65,append_hop,2,148299
Mldsa65,append_hop,2,117065
Mldsa65,append_hop,2,208376
Mldsa65,append_hop,2,200486
Mldsa65,append_hop,2,198419
Mldsa65,append_hop,2,138821
Mldsa65,append_hop,2,80699
Mldsa65,append_hop,2,106567
Mldsa65,append_hop,2,99628
Mldsa65,append_hop,2,124015
Mldsa65,append_hop,2,189214
Mldsa65,append_hop,2,126280
Mldsa65,append_hop,2,152070
Mldsa65,append_hop,2,107088
Mldsa65,append_hop,2,85236
Mldsa65,append_hop,2,88412
Mldsa65,append_hop,2,94832
Mldsa65,append_hop,2,125591
Mldsa65,append_hop,2,117048
Mldsa65,append_hop,2,182981
Mldsa65,append_hop,2,228374
Mldsa65,append_hop,2,283903
Mldsa65,append_hop,2,85042
Mldsa65,append_hop,2,94831
Mldsa65,append_hop,2,82119
Mldsa65,append_hop,2,185169
Mldsa65,append_hop,2,158490
Mldsa65,append_hop,2,193302
Mldsa65,append_hop,2,91716
Mldsa65,append_hop,2,115417
Mldsa65,append_hop,2,91100
Mldsa65,append_hop,2,81465
Mldsa65,append_hop,2,93465
Mldsa65,append_hop,2,117263
Mldsa65,append_hop,2,81565
Mldsa65,append_hop,2,252365
Mldsa65,append_hop,2,136754
Mldsa65,append_hop,2,89826
Mldsa65,append_hop,2,117686
Mldsa65,append_hop,2,253519
Mldsa65,append_hop,2,137421
Mldsa65,append_hop,2,82171
Mldsa65,append_hop,2,81857
Mldsa65,append_hop,2,107146
Mldsa65,append_hop,2,94918
Mldsa65,append_hop,2,170627
Mldsa65,append_hop,2,103578
Mldsa65,append_hop,2,92555
Mldsa65,append_hop,2,124633
Mldsa65,append_hop,2,104226
Mldsa65,append_hop,2,118226
Mldsa65,append_hop,2,81148
Mldsa65,append_hop,2,81665
Mldsa65,append_hop,2,81885
Mldsa65,append_hop,2,90825
Mldsa65,append_hop,2,113696
Mldsa65,append_hop,2,117455
Mldsa65,append_hop,2,113840
Mldsa65,append_hop,2,133184
Mldsa65,append_hop,2,82571
Mldsa65,append_hop,2,136812
Mldsa65,append_hop,2,125325
Mldsa65,append_hop,2,81388
Mldsa65,append_hop,2,101091
Mldsa65,append_hop,2,195524
Mldsa65,append_hop,2,115408
Mldsa65,append_hop,2,209896
Mldsa65,append_hop,2,246773
Mldsa65,append_hop,2,170174
Mldsa65,append_hop,2,166938
Mldsa65,append_hop,2,82305
Mldsa65,append_hop,2,130075
Mldsa65,append_hop,2,82139
Mldsa65,append_hop,2,116191
Mldsa65,append_hop,2,136851
Mldsa65,append_hop,2,91598
Mldsa65,append_hop,2,156346
Mldsa65,append_hop,2,197570
Mldsa65,append_hop,2,106613
Mldsa65,append_hop,2,91868
Mldsa65,append_hop,2,213809
Mldsa65,append_hop,2,208551
Mldsa65,append_hop,2,113030
Mldsa65,append_hop,2,81902
Mldsa65,seal,2,140754
Mldsa65,seal,2,139885
Mldsa65,seal,2,139730
Mldsa65,seal,2,140316
Mldsa65,seal,2,174401
Mldsa65,seal,2,139022
Mldsa65,seal,2,138085
Mldsa65,seal,2,138583
Mldsa65,seal,2,137504
Mldsa65,seal,2,137474
Mldsa65,seal,2,137762
Mldsa65,seal,2,137436
Mldsa65,seal,2,137498
Mldsa65,seal,2,137543
Mldsa65,seal,2,136840
Mldsa65,seal,2,137416
Mldsa65,seal,2,137150
Mldsa65,seal,2,137662
Mldsa65,seal,2,137913
Mldsa65,seal,2,143308
Mldsa65,seal,2,137631
Mldsa65,seal,2,137938
Mldsa65,seal,2,137612
Mldsa65,seal,2,137770
Mldsa65,seal,2,137158
Mldsa65,seal,2,137120
Mldsa65,seal,2,136921
Mldsa65,seal,2,137132
Mldsa65,seal,2,137836
Mldsa65,seal,2,137140
Mldsa65,seal,2,136881
Mldsa65,seal,2,142904
Mldsa65,seal,2,139320
Mldsa65,seal,2,149571
Mldsa65,seal,2,137982
Mldsa65,seal,2,137153
Mldsa65,seal,2,138189
Mldsa65,seal,2,138960
Mldsa65,seal,2,137598
Mldsa65,seal,2,137509
Mldsa65,seal,2,137724
Mldsa65,seal,2,137577
Mldsa65,seal,2,137721
Mldsa65,seal,2,137853
Mldsa65,seal,2,137583
Mldsa65,seal,2,137407
Mldsa65,seal,2,137354
Mldsa65,seal,2,143757
Mldsa65,seal,2,137486
Mldsa65,seal,2,137142
Mldsa65,seal,2,137222
Mldsa65,seal,2,136876
Mldsa65,seal,2,138108
Mldsa65,seal,2,137782
Mldsa65,seal,2,139833
Mldsa65,seal,2,137515
Mldsa65,seal,2,137966
Mldsa65,seal,2,137543
Mldsa65,seal,2,147517
Mldsa65,seal,2,149978
Mldsa65,seal,2,138625
Mldsa65,seal,2,140776
Mldsa65,seal,2,141873
Mldsa65,seal,2,137258
Mldsa65,seal,2,138119
Mldsa65,seal,2,136908
Mldsa65,seal,2,142746
Mldsa65,seal,2,137222
Mldsa65,seal,2,136810
Mldsa65,seal,2,136780
Mldsa65,seal,2,137485
Mldsa65,seal,2,150529
Mldsa65,seal,2,142952
Mldsa65,seal,2,146929
Mldsa65,seal,2,141951
Mldsa65,seal,2,139534
Mldsa65,seal,2,140838
Mldsa65,seal,2,141134
Mldsa65,seal,2,140035
Mldsa65,seal,2,137454
Mldsa65,seal,2,136484
Mldsa65,seal,2,138576
Mldsa65,seal,2,139565
Mldsa65,seal,2,141516
Mldsa65,seal,2,138124
Mldsa65,seal,2,148630
Mldsa65,seal,2,141269
Mldsa65,seal,2,140592
Mldsa65,seal,2,141232
Mldsa65,seal,2,139488
Mldsa65,seal,2,150372
Mldsa65,seal,2,140404
Mldsa65,seal,2,141920
Mldsa65,seal,2,141516
Mldsa65,seal,2,141323
Mldsa65,seal,2,140500
Mldsa65,seal,2,141490
Mldsa65,seal,2,140768
Mldsa65,seal,2,142210
Mldsa65,seal,2,148525
Mldsa65,seal,2,145630
Mldsa65,verify_n2,2,168615
Mldsa65,verify_n2,2,175469
Mldsa65,verify_n2,2,170101
Mldsa65,verify_n2,2,168234
Mldsa65,verify_n2,2,163576
Mldsa65,verify_n2,2,164138
Mldsa65,verify_n2,2,162949
Mldsa65,verify_n2,2,163032
Mldsa65,verify_n2,2,163705
Mldsa65,verify_n2,2,163680
Mldsa65,verify_n2,2,174444
Mldsa65,verify_n2,2,165011
Mldsa65,verify_n2,2,166629
Mldsa65,verify_n2,2,170078
Mldsa65,verify_n2,2,163739
Mldsa65,verify_n2,2,168478
Mldsa65,verify_n2,2,165431
Mldsa65,verify_n2,2,164755
Mldsa65,verify_n2,2,163767
Mldsa65,verify_n2,2,162544
Mldsa65,verify_n2,2,190235
Mldsa65,verify_n2,2,168102
Mldsa65,verify_n2,2,164744
Mldsa65,verify_n2,2,170517
Mldsa65,verify_n2,2,165265
Mldsa65,verify_n2,2,165198
Mldsa65,verify_n2,2,162792
Mldsa65,verify_n2,2,162995
Mldsa65,verify_n2,2,163679
Mldsa65,verify_n2,2,163803
Mldsa65,verify_n2,2,161973
Mldsa65,verify_n2,2,164323
Mldsa65,verify_n2,2,164982
Mldsa65,verify_n2,2,164666
Mldsa65,verify_n2,2,164214
Mldsa65,verify_n2,2,169885
Mldsa65,verify_n2,2,165944
Mldsa65,verify_n2,2,164650
Mldsa65,verify_n2,2,162905
Mldsa65,verify_n2,2,162244
Mldsa65,verify_n2,2,168886
Mldsa65,verify_n2,2,163200
Mldsa65,verify_n2,2,163617
Mldsa65,verify_n2,2,163414
Mldsa65,verify_n2,2,170978
Mldsa65,verify_n2,2,163780
Mldsa65,verify_n2,2,171576
Mldsa65,verify_n2,2,165000
Mldsa65,verify_n2,2,164032
Mldsa65,verify_n2,2,163073
Mldsa65,verify_n2,2,164288
Mldsa65,verify_n2,2,163873
Mldsa65,verify_n2,2,163067
Mldsa65,verify_n2,2,163061
Mldsa65,verify_n2,2,167541
Mldsa65,verify_n2,2,168730
Mldsa65,verify_n2,2,174245
Mldsa65,verify_n2,2,206932
Mldsa65,verify_n2,2,231565
Mldsa65,verify_n2,2,167032
Mldsa65,verify_n2,2,166986
Mldsa65,verify_n2,2,162515
Mldsa65,verify_n2,2,161712
Mldsa65,verify_n2,2,163418
Mldsa65,verify_n2,2,280554
Mldsa65,verify_n2,2,166337
Mldsa65,verify_n2,2,229970
Mldsa65,verify_n2,2,186012
Mldsa65,verify_n2,2,172505
Mldsa65,verify_n2,2,164381
Mldsa65,verify_n2,2,163058
Mldsa65,verify_n2,2,163204
Mldsa65,verify_n2,2,162610
Mldsa65,verify_n2,2,167365
Mldsa65,verify_n2,2,174779
Mldsa65,verify_n2,2,162950
Mldsa65,verify_n2,2,174945
Mldsa65,verify_n2,2,165635
Mldsa65,verify_n2,2,163204
Mldsa65,verify_n2,2,160535
Mldsa65,verify_n2,2,164395
Mldsa65,verify_n2,2,162590
Mldsa65,verify_n2,2,161939
Mldsa65,verify_n2,2,163343
Mldsa65,verify_n2,2,162860
Mldsa65,verify_n2,2,163737
Mldsa65,verify_n2,2,163344
Mldsa65,verify_n2,2,162527
Mldsa65,verify_n2,2,170977
Mldsa65,verify_n2,2,166253
Mldsa65,verify_n2,2,167457
Mldsa65,verify_n2,2,169279
Mldsa65,verify_n2,2,164698
Mldsa65,verify_n2,2,163207
Mldsa65,verify_n2,2,162178
Mldsa65,verify_n2,2,162855
Mldsa65,verify_n2,2,170895
Mldsa65,verify_n2,2,163624
Mldsa65,verify_n2,2,171342
Mldsa65,verify_n2,2,166844
Mldsa65,verify_n2,2,163333
Mldsa65,authorize,2,9390
Mldsa65,authorize,2,8889
Mldsa65,authorize,2,8728
Mldsa65,authorize,2,8634
Mldsa65,authorize,2,8856
Mldsa65,authorize,2,8556
Mldsa65,authorize,2,8834
Mldsa65,authorize,2,8635
Mldsa65,authorize,2,9047
Mldsa65,authorize,2,9050
Mldsa65,authorize,2,8901
Mldsa65,authorize,2,8692
Mldsa65,authorize,2,8790
Mldsa65,authorize,2,8917
Mldsa65,authorize,2,8950
Mldsa65,authorize,2,8622
Mldsa65,authorize,2,8736
Mldsa65,authorize,2,8670
Mldsa65,authorize,2,8640
Mldsa65,authorize,2,8626
Mldsa65,authorize,2,8625
Mldsa65,authorize,2,8639
Mldsa65,authorize,2,8722
Mldsa65,authorize,2,8922
Mldsa65,authorize,2,8761
Mldsa65,authorize,2,8905
Mldsa65,authorize,2,8582
Mldsa65,authorize,2,8890
Mldsa65,authorize,2,8685
Mldsa65,authorize,2,9012
Mldsa65,authorize,2,8427
Mldsa65,authorize,2,8996
Mldsa65,authorize,2,8670
Mldsa65,authorize,2,8665
Mldsa65,authorize,2,8706
Mldsa65,authorize,2,8864
Mldsa65,authorize,2,8820
Mldsa65,authorize,2,8642
Mldsa65,authorize,2,8573
Mldsa65,authorize,2,8670
Mldsa65,authorize,2,8333
Mldsa65,authorize,2,8894
Mldsa65,authorize,2,8811
Mldsa65,authorize,2,8719
Mldsa65,authorize,2,8551
Mldsa65,authorize,2,8396
Mldsa65,authorize,2,8713
Mldsa65,authorize,2,8625
Mldsa65,authorize,2,8614
Mldsa65,authorize,2,8981
Mldsa65,authorize,2,8536
Mldsa65,authorize,2,8678
Mldsa65,authorize,2,8662
Mldsa65,authorize,2,9224
Mldsa65,authorize,2,8759
Mldsa65,authorize,2,8657
Mldsa65,authorize,2,8718
Mldsa65,authorize,2,8974
Mldsa65,authorize,2,9030
Mldsa65,authorize,2,8809
Mldsa65,authorize,2,8633
Mldsa65,authorize,2,8792
Mldsa65,authorize,2,8739
Mldsa65,authorize,2,8612
Mldsa65,authorize,2,8689
Mldsa65,authorize,2,8651
Mldsa65,authorize,2,8721
Mldsa65,authorize,2,8768
Mldsa65,authorize,2,8740
Mldsa65,authorize,2,8637
Mldsa65,authorize,2,8810
Mldsa65,authorize,2,8635
Mldsa65,authorize,2,8521
Mldsa65,authorize,2,8639
Mldsa65,authorize,2,8804
Mldsa65,authorize,2,8688
Mldsa65,authorize,2,8697
Mldsa65,authorize,2,8805
Mldsa65,authorize,2,8537
Mldsa65,authorize,2,8624
Mldsa65,authorize,2,8823
Mldsa65,authorize,2,8573
Mldsa65,authorize,2,8687
Mldsa65,authorize,2,8466
Mldsa65,authorize,2,8685
Mldsa65,authorize,2,8640
Mldsa65,authorize,2,8646
Mldsa65,authorize,2,8773
Mldsa65,authorize,2,8641
Mldsa65,authorize,2,8768
Mldsa65,authorize,2,8754
Mldsa65,authorize,2,8699
Mldsa65,authorize,2,8527
Mldsa65,authorize,2,8719
Mldsa65,authorize,2,8631
Mldsa65,authorize,2,8771
Mldsa65,authorize,2,8433
Mldsa65,authorize,2,8561
Mldsa65,authorize,2,8647
Mldsa65,authorize,2,8661
Mldsa65,authorize,2,8705
Mldsa87,verify_chain,0,117263
Mldsa87,verify_chain,0,117605
Mldsa87,verify_chain,0,128671
Mldsa87,verify_chain,0,117233
Mldsa87,verify_chain,0,114374
Mldsa87,verify_chain,0,115725
Mldsa87,verify_chain,0,115294
Mldsa87,verify_chain,0,116120
Mldsa87,verify_chain,0,116121
Mldsa87,verify_chain,0,114788
Mldsa87,verify_chain,0,118994
Mldsa87,verify_chain,0,115150
Mldsa87,verify_chain,0,115676
Mldsa87,verify_chain,0,115608
Mldsa87,verify_chain,0,114495
Mldsa87,verify_chain,0,116834
Mldsa87,verify_chain,0,121317
Mldsa87,verify_chain,0,116801
Mldsa87,verify_chain,0,114500
Mldsa87,verify_chain,0,115888
Mldsa87,verify_chain,0,115656
Mldsa87,verify_chain,0,116724
Mldsa87,verify_chain,0,115523
Mldsa87,verify_chain,0,116210
Mldsa87,verify_chain,0,115042
Mldsa87,verify_chain,0,123523
Mldsa87,verify_chain,0,115389
Mldsa87,verify_chain,0,115333
Mldsa87,verify_chain,0,116020
Mldsa87,verify_chain,0,115259
Mldsa87,verify_chain,0,121635
Mldsa87,verify_chain,0,116583
Mldsa87,verify_chain,0,115617
Mldsa87,verify_chain,0,114480
Mldsa87,verify_chain,0,115474
Mldsa87,verify_chain,0,114693
Mldsa87,verify_chain,0,115026
Mldsa87,verify_chain,0,116003
Mldsa87,verify_chain,0,114719
Mldsa87,verify_chain,0,115860
Mldsa87,verify_chain,0,114402
Mldsa87,verify_chain,0,121800
Mldsa87,verify_chain,0,119601
Mldsa87,verify_chain,0,120947
Mldsa87,verify_chain,0,119560
Mldsa87,verify_chain,0,127282
Mldsa87,verify_chain,0,121609
Mldsa87,verify_chain,0,120329
Mldsa87,verify_chain,0,157987
Mldsa87,verify_chain,0,151353
Mldsa87,verify_chain,0,161728
Mldsa87,verify_chain,0,122478
Mldsa87,verify_chain,0,119008
Mldsa87,verify_chain,0,118911
Mldsa87,verify_chain,0,118642
Mldsa87,verify_chain,0,114871
Mldsa87,verify_chain,0,115999
Mldsa87,verify_chain,0,118468
Mldsa87,verify_chain,0,156241
Mldsa87,verify_chain,0,119664
Mldsa87,verify_chain,0,117498
Mldsa87,verify_chain,0,116272
Mldsa87,verify_chain,0,114408
Mldsa87,verify_chain,0,115544
Mldsa87,verify_chain,0,125274
Mldsa87,verify_chain,0,116659
Mldsa87,verify_chain,0,116707
Mldsa87,verify_chain,0,116076
Mldsa87,verify_chain,0,115495
Mldsa87,verify_chain,0,115387
Mldsa87,verify_chain,0,114478
Mldsa87,verify_chain,0,117566
Mldsa87,verify_chain,0,117082
Mldsa87,verify_chain,0,119086
Mldsa87,verify_chain,0,119527
Mldsa87,verify_chain,0,119618
Mldsa87,verify_chain,0,120005
Mldsa87,verify_chain,0,117427
Mldsa87,verify_chain,0,122776
Mldsa87,verify_chain,0,120184
Mldsa87,verify_chain,0,124348
Mldsa87,verify_chain,0,117110
Mldsa87,verify_chain,0,119009
Mldsa87,verify_chain,0,118408
Mldsa87,verify_chain,0,121477
Mldsa87,verify_chain,0,118983
Mldsa87,verify_chain,0,118639
Mldsa87,verify_chain,0,117871
Mldsa87,verify_chain,0,118736
Mldsa87,verify_chain,0,118560
Mldsa87,verify_chain,0,118901
Mldsa87,verify_chain,0,121982
Mldsa87,verify_chain,0,125082
Mldsa87,verify_chain,0,119237
Mldsa87,verify_chain,0,117490
Mldsa87,verify_chain,0,120221
Mldsa87,verify_chain,0,121031
Mldsa87,verify_chain,0,126444
Mldsa87,verify_chain,0,119856
Mldsa87,verify_chain,0,119488
Mldsa87,verify_chain,0,117036
Mldsa87,verify_chain,1,188975
Mldsa87,verify_chain,1,189513
Mldsa87,verify_chain,1,190741
Mldsa87,verify_chain,1,188628
Mldsa87,verify_chain,1,188112
Mldsa87,verify_chain,1,187812
Mldsa87,verify_chain,1,188543
Mldsa87,verify_chain,1,187139
Mldsa87,verify_chain,1,197265
Mldsa87,verify_chain,1,188476
Mldsa87,verify_chain,1,186754
Mldsa87,verify_chain,1,183222
Mldsa87,verify_chain,1,205178
Mldsa87,verify_chain,1,183637
Mldsa87,verify_chain,1,182539
Mldsa87,verify_chain,1,184460
Mldsa87,verify_chain,1,184894
Mldsa87,verify_chain,1,183319
Mldsa87,verify_chain,1,192874
Mldsa87,verify_chain,1,190922
Mldsa87,verify_chain,1,184361
Mldsa87,verify_chain,1,185394
Mldsa87,verify_chain,1,186584
Mldsa87,verify_chain,1,184895
Mldsa87,verify_chain,1,189050
Mldsa87,verify_chain,1,188566
Mldsa87,verify_chain,1,187437
Mldsa87,verify_chain,1,193324
Mldsa87,verify_chain,1,187646
Mldsa87,verify_chain,1,186898
Mldsa87,verify_chain,1,202604
Mldsa87,verify_chain,1,193063
Mldsa87,verify_chain,1,187544
Mldsa87,verify_chain,1,206458
Mldsa87,verify_chain,1,352900
Mldsa87,verify_chain,1,217474
Mldsa87,verify_chain,1,185062
Mldsa87,verify_chain,1,180944
Mldsa87,verify_chain,1,192548
Mldsa87,verify_chain,1,197835
Mldsa87,verify_chain,1,198845
Mldsa87,verify_chain,1,183400
Mldsa87,verify_chain,1,186388
Mldsa87,verify_chain,1,192054
Mldsa87,verify_chain,1,185213
Mldsa87,verify_chain,1,182865
Mldsa87,verify_chain,1,183513
Mldsa87,verify_chain,1,182988
Mldsa87,verify_chain,1,183649
Mldsa87,verify_chain,1,183091
Mldsa87,verify_chain,1,184181
Mldsa87,verify_chain,1,184121
Mldsa87,verify_chain,1,182937
Mldsa87,verify_chain,1,181743
Mldsa87,verify_chain,1,191729
Mldsa87,verify_chain,1,192101
Mldsa87,verify_chain,1,186045
Mldsa87,verify_chain,1,183102
Mldsa87,verify_chain,1,184289
Mldsa87,verify_chain,1,184190
Mldsa87,verify_chain,1,189602
Mldsa87,verify_chain,1,184093
Mldsa87,verify_chain,1,185166
Mldsa87,verify_chain,1,191305
Mldsa87,verify_chain,1,183683
Mldsa87,verify_chain,1,184525
Mldsa87,verify_chain,1,186828
Mldsa87,verify_chain,1,183010
Mldsa87,verify_chain,1,182753
Mldsa87,verify_chain,1,182791
Mldsa87,verify_chain,1,183375
Mldsa87,verify_chain,1,183455
Mldsa87,verify_chain,1,192746
Mldsa87,verify_chain,1,183928
Mldsa87,verify_chain,1,183032
Mldsa87,verify_chain,1,185465
Mldsa87,verify_chain,1,181223
Mldsa87,verify_chain,1,189189
Mldsa87,verify_chain,1,185847
Mldsa87,verify_chain,1,185554
Mldsa87,verify_chain,1,183921
Mldsa87,verify_chain,1,186402
Mldsa87,verify_chain,1,194219
Mldsa87,verify_chain,1,185379
Mldsa87,verify_chain,1,185174
Mldsa87,verify_chain,1,184049
Mldsa87,verify_chain,1,183481
Mldsa87,verify_chain,1,180725
Mldsa87,verify_chain,1,184485
Mldsa87,verify_chain,1,184876
Mldsa87,verify_chain,1,185148
Mldsa87,verify_chain,1,179715
Mldsa87,verify_chain,1,180151
Mldsa87,verify_chain,1,186988
Mldsa87,verify_chain,1,181784
Mldsa87,verify_chain,1,179982
Mldsa87,verify_chain,1,180519
Mldsa87,verify_chain,1,178519
Mldsa87,verify_chain,1,179221
Mldsa87,verify_chain,1,193444
Mldsa87,verify_chain,1,182987
Mldsa87,verify_chain,2,348979
Mldsa87,verify_chain,2,254847
Mldsa87,verify_chain,2,250345
Mldsa87,verify_chain,2,250348
Mldsa87,verify_chain,2,250079
Mldsa87,verify_chain,2,249999
Mldsa87,verify_chain,2,260278
Mldsa87,verify_chain,2,248812
Mldsa87,verify_chain,2,248983
Mldsa87,verify_chain,2,250484
Mldsa87,verify_chain,2,250244
Mldsa87,verify_chain,2,248362
Mldsa87,verify_chain,2,256214
Mldsa87,verify_chain,2,249171
Mldsa87,verify_chain,2,268540
Mldsa87,verify_chain,2,266766
Mldsa87,verify_chain,2,261837
Mldsa87,verify_chain,2,257493
Mldsa87,verify_chain,2,248734
Mldsa87,verify_chain,2,249851
Mldsa87,verify_chain,2,248167
Mldsa87,verify_chain,2,259246
Mldsa87,verify_chain,2,248117
Mldsa87,verify_chain,2,250059
Mldsa87,verify_chain,2,250770
Mldsa87,verify_chain,2,246507
Mldsa87,verify_chain,2,247946
Mldsa87,verify_chain,2,248624
Mldsa87,verify_chain,2,247728
Mldsa87,verify_chain,2,254295
Mldsa87,verify_chain,2,276676
Mldsa87,verify_chain,2,246814
Mldsa87,verify_chain,2,249464
Mldsa87,verify_chain,2,246930
Mldsa87,verify_chain,2,246821
Mldsa87,verify_chain,2,253219
Mldsa87,verify_chain,2,251598
Mldsa87,verify_chain,2,257429
Mldsa87,verify_chain,2,252744
Mldsa87,verify_chain,2,246138
Mldsa87,verify_chain,2,255595
Mldsa87,verify_chain,2,249932
Mldsa87,verify_chain,2,254191
Mldsa87,verify_chain,2,251636
Mldsa87,verify_chain,2,248525
Mldsa87,verify_chain,2,246277
Mldsa87,verify_chain,2,257402
Mldsa87,verify_chain,2,246364
Mldsa87,verify_chain,2,246329
Mldsa87,verify_chain,2,256837
Mldsa87,verify_chain,2,251004
Mldsa87,verify_chain,2,246756
Mldsa87,verify_chain,2,246722
Mldsa87,verify_chain,2,246974
Mldsa87,verify_chain,2,245292
Mldsa87,verify_chain,2,247576
Mldsa87,verify_chain,2,248002
Mldsa87,verify_chain,2,266016
Mldsa87,verify_chain,2,271244
Mldsa87,verify_chain,2,259567
Mldsa87,verify_chain,2,262947
Mldsa87,verify_chain,2,258581
Mldsa87,verify_chain,2,258078
Mldsa87,verify_chain,2,264213
Mldsa87,verify_chain,2,258604
Mldsa87,verify_chain,2,253337
Mldsa87,verify_chain,2,248896
Mldsa87,verify_chain,2,249602
Mldsa87,verify_chain,2,264615
Mldsa87,verify_chain,2,252836
Mldsa87,verify_chain,2,256863
Mldsa87,verify_chain,2,253145
Mldsa87,verify_chain,2,251116
Mldsa87,verify_chain,2,249061
Mldsa87,verify_chain,2,250567
Mldsa87,verify_chain,2,252438
Mldsa87,verify_chain,2,249876
Mldsa87,verify_chain,2,269924
Mldsa87,verify_chain,2,249560
Mldsa87,verify_chain,2,249864
Mldsa87,verify_chain,2,248876
Mldsa87,verify_chain,2,244556
Mldsa87,verify_chain,2,247036
Mldsa87,verify_chain,2,248446
Mldsa87,verify_chain,2,245642
Mldsa87,verify_chain,2,255911
Mldsa87,verify_chain,2,249071
Mldsa87,verify_chain,2,247855
Mldsa87,verify_chain,2,246956
Mldsa87,verify_chain,2,247784
Mldsa87,verify_chain,2,247939
Mldsa87,verify_chain,2,255634
Mldsa87,verify_chain,2,248053
Mldsa87,verify_chain,2,263492
Mldsa87,verify_chain,2,249478
Mldsa87,verify_chain,2,248643
Mldsa87,verify_chain,2,249332
Mldsa87,verify_chain,2,249948
Mldsa87,verify_chain,2,257511
Mldsa87,verify_chain,2,253733
Mldsa87,verify_chain,2,250083
Mldsa87,verify_chain,5,437064
Mldsa87,verify_chain,5,431931
Mldsa87,verify_chain,5,443617
Mldsa87,verify_chain,5,435731
Mldsa87,verify_chain,5,441953
Mldsa87,verify_chain,5,452157
Mldsa87,verify_chain,5,443356
Mldsa87,verify_chain,5,437034
Mldsa87,verify_chain,5,436540
Mldsa87,verify_chain,5,435279
Mldsa87,verify_chain,5,439088
Mldsa87,verify_chain,5,435123
Mldsa87,verify_chain,5,436767
Mldsa87,verify_chain,5,435465
Mldsa87,verify_chain,5,449070
Mldsa87,verify_chain,5,434902
Mldsa87,verify_chain,5,435112
Mldsa87,verify_chain,5,443346
Mldsa87,verify_chain,5,444095
Mldsa87,verify_chain,5,437483
Mldsa87,verify_chain,5,435616
Mldsa87,verify_chain,5,430346
Mldsa87,verify_chain,5,440489
Mldsa87,verify_chain,5,445630
Mldsa87,verify_chain,5,438560
Mldsa87,verify_chain,5,434392
Mldsa87,verify_chain,5,437120
Mldsa87,verify_chain,5,444122
Mldsa87,verify_chain,5,432928
Mldsa87,verify_chain,5,435343
Mldsa87,verify_chain,5,440747
Mldsa87,verify_chain,5,458914
Mldsa87,verify_chain,5,456564
Mldsa87,verify_chain,5,435708
Mldsa87,verify_chain,5,447026
Mldsa87,verify_chain,5,443796
Mldsa87,verify_chain,5,466128
Mldsa87,verify_chain,5,447966
Mldsa87,verify_chain,5,453766
Mldsa87,verify_chain,5,460091
Mldsa87,verify_chain,5,451932
Mldsa87,verify_chain,5,455899
Mldsa87,verify_chain,5,467554
Mldsa87,verify_chain,5,458383
Mldsa87,verify_chain,5,448681
Mldsa87,verify_chain,5,443190
Mldsa87,verify_chain,5,451799
Mldsa87,verify_chain,5,447549
Mldsa87,verify_chain,5,445724
Mldsa87,verify_chain,5,467743
Mldsa87,verify_chain,5,451051
Mldsa87,verify_chain,5,441332
Mldsa87,verify_chain,5,450345
Mldsa87,verify_chain,5,455401
Mldsa87,verify_chain,5,444016
Mldsa87,verify_chain,5,441274
Mldsa87,verify_chain,5,445995
Mldsa87,verify_chain,5,444059
Mldsa87,verify_chain,5,453604
Mldsa87,verify_chain,5,450119
Mldsa87,verify_chain,5,443394
Mldsa87,verify_chain,5,451608
Mldsa87,verify_chain,5,447428
Mldsa87,verify_chain,5,447660
Mldsa87,verify_chain,5,447572
Mldsa87,verify_chain,5,442273
Mldsa87,verify_chain,5,450972
Mldsa87,verify_chain,5,451098
Mldsa87,verify_chain,5,444436
Mldsa87,verify_chain,5,440650
Mldsa87,verify_chain,5,449917
Mldsa87,verify_chain,5,441148
Mldsa87,verify_chain,5,438568
Mldsa87,verify_chain,5,446885
Mldsa87,verify_chain,5,459854
Mldsa87,verify_chain,5,442509
Mldsa87,verify_chain,5,450226
Mldsa87,verify_chain,5,441595
Mldsa87,verify_chain,5,450261
Mldsa87,verify_chain,5,448160
Mldsa87,verify_chain,5,447684
Mldsa87,verify_chain,5,442208
Mldsa87,verify_chain,5,443392
Mldsa87,verify_chain,5,452510
Mldsa87,verify_chain,5,444268
Mldsa87,verify_chain,5,461976
Mldsa87,verify_chain,5,451799
Mldsa87,verify_chain,5,442070
Mldsa87,verify_chain,5,441583
Mldsa87,verify_chain,5,461057
Mldsa87,verify_chain,5,439685
Mldsa87,verify_chain,5,453137
Mldsa87,verify_chain,5,446786
Mldsa87,verify_chain,5,446314
Mldsa87,verify_chain,5,452241
Mldsa87,verify_chain,5,448995
Mldsa87,verify_chain,5,451110
Mldsa87,verify_chain,5,446857
Mldsa87,verify_chain,5,444250
Mldsa87,verify_chain,5,450740
Mldsa87,verify_chain,5,444344
Mldsa87,verify_chain,10,777306
Mldsa87,verify_chain,10,795612
Mldsa87,verify_chain,10,769448
Mldsa87,verify_chain,10,800163
Mldsa87,verify_chain,10,890201
Mldsa87,verify_chain,10,796800
Mldsa87,verify_chain,10,830202
Mldsa87,verify_chain,10,846682
Mldsa87,verify_chain,10,937151
Mldsa87,verify_chain,10,795854
Mldsa87,verify_chain,10,785774
Mldsa87,verify_chain,10,768164
Mldsa87,verify_chain,10,774956
Mldsa87,verify_chain,10,798981
Mldsa87,verify_chain,10,768096
Mldsa87,verify_chain,10,776075
Mldsa87,verify_chain,10,767886
Mldsa87,verify_chain,10,776348
Mldsa87,verify_chain,10,788088
Mldsa87,verify_chain,10,771708
Mldsa87,verify_chain,10,773763
Mldsa87,verify_chain,10,775233
Mldsa87,verify_chain,10,779408
Mldsa87,verify_chain,10,770796
Mldsa87,verify_chain,10,805165
Mldsa87,verify_chain,10,833761
Mldsa87,verify_chain,10,795191
Mldsa87,verify_chain,10,807340
Mldsa87,verify_chain,10,814299
Mldsa87,verify_chain,10,783750
Mldsa87,verify_chain,10,781035
Mldsa87,verify_chain,10,776325
Mldsa87,verify_chain,10,786141
Mldsa87,verify_chain,10,770964
Mldsa87,verify_chain,10,784040
Mldsa87,verify_chain,10,770635
Mldsa87,verify_chain,10,771787
Mldsa87,verify_chain,10,770410
Mldsa87,verify_chain,10,773891
Mldsa87,verify_chain,10,788828
Mldsa87,verify_chain,10,765914
Mldsa87,verify_chain,10,780661
Mldsa87,verify_chain,10,760399
Mldsa87,verify_chain,10,755714
Mldsa87,verify_chain,10,765950
Mldsa87,verify_chain,10,784014
Mldsa87,verify_chain,10,818608
Mldsa87,verify_chain,10,774516
Mldsa87,verify_chain,10,784671
Mldsa87,verify_chain,10,781244
Mldsa87,verify_chain,10,779952
Mldsa87,verify_chain,10,782528
Mldsa87,verify_chain,10,776837
Mldsa87,verify_chain,10,768986
Mldsa87,verify_chain,10,776357
Mldsa87,verify_chain,10,780964
Mldsa87,verify_chain,10,770700
Mldsa87,verify_chain,10,784036
Mldsa87,verify_chain,10,775780
Mldsa87,verify_chain,10,787735
Mldsa87,verify_chain,10,763125
Mldsa87,verify_chain,10,754356
Mldsa87,verify_chain,10,775979
Mldsa87,verify_chain,10,783238
Mldsa87,verify_chain,10,796260
Mldsa87,verify_chain,10,774505
Mldsa87,verify_chain,10,799948
Mldsa87,verify_chain,10,767707
Mldsa87,verify_chain,10,768842
Mldsa87,verify_chain,10,789466
Mldsa87,verify_chain,10,776333
Mldsa87,verify_chain,10,777033
Mldsa87,verify_chain,10,773586
Mldsa87,verify_chain,10,766072
Mldsa87,verify_chain,10,766056
Mldsa87,verify_chain,10,772136
Mldsa87,verify_chain,10,763839
Mldsa87,verify_chain,10,758594
Mldsa87,verify_chain,10,753582
Mldsa87,verify_chain,10,759521
Mldsa87,verify_chain,10,788198
Mldsa87,verify_chain,10,773969
Mldsa87,verify_chain,10,756567
Mldsa87,verify_chain,10,758494
Mldsa87,verify_chain,10,756102
Mldsa87,verify_chain,10,760760
Mldsa87,verify_chain,10,765606
Mldsa87,verify_chain,10,768789
Mldsa87,verify_chain,10,776152
Mldsa87,verify_chain,10,766119
Mldsa87,verify_chain,10,775096
Mldsa87,verify_chain,10,778417
Mldsa87,verify_chain,10,801047
Mldsa87,verify_chain,10,780351
Mldsa87,verify_chain,10,770645
Mldsa87,verify_chain,10,778077
Mldsa87,verify_chain,10,775611
Mldsa87,verify_chain,10,770502
Mldsa87,verify_chain,10,779670
Mldsa87,verify_chain,10,777734
Mldsa87,verify_chain,10,761744
Mldsa87,authority_build,2,197715
Mldsa87,authority_build,2,144630
Mldsa87,authority_build,2,130610
Mldsa87,authority_build,2,173010
Mldsa87,authority_build,2,146460
Mldsa87,authority_build,2,134283
Mldsa87,authority_build,2,149899
Mldsa87,authority_build,2,107562
Mldsa87,authority_build,2,107444
Mldsa87,authority_build,2,118284
Mldsa87,authority_build,2,228699
Mldsa87,authority_build,2,105431
Mldsa87,authority_build,2,199562
Mldsa87,authority_build,2,163586
Mldsa87,authority_build,2,133336
Mldsa87,authority_build,2,147008
Mldsa87,authority_build,2,157526
Mldsa87,authority_build,2,106179
Mldsa87,authority_build,2,124922
Mldsa87,authority_build,2,166046
Mldsa87,authority_build,2,106680
Mldsa87,authority_build,2,142071
Mldsa87,authority_build,2,180089
Mldsa87,authority_build,2,182440
Mldsa87,authority_build,2,133840
Mldsa87,authority_build,2,107599
Mldsa87,authority_build,2,174000
Mldsa87,authority_build,2,164905
Mldsa87,authority_build,2,149002
Mldsa87,authority_build,2,134337
Mldsa87,authority_build,2,220681
Mldsa87,authority_build,2,205666
Mldsa87,authority_build,2,157760
Mldsa87,authority_build,2,107317
Mldsa87,authority_build,2,105809
Mldsa87,authority_build,2,106539
Mldsa87,authority_build,2,131491
Mldsa87,authority_build,2,107814
Mldsa87,authority_build,2,220607
Mldsa87,authority_build,2,185394
Mldsa87,authority_build,2,209591
Mldsa87,authority_build,2,119679
Mldsa87,authority_build,2,143119
Mldsa87,authority_build,2,187966
Mldsa87,authority_build,2,119678
Mldsa87,authority_build,2,118580
Mldsa87,authority_build,2,145850
Mldsa87,authority_build,2,105433
Mldsa87,authority_build,2,117571
Mldsa87,authority_build,2,119098
Mldsa87,authority_build,2,127287
Mldsa87,authority_build,2,150738
Mldsa87,authority_build,2,119899
Mldsa87,authority_build,2,341485
Mldsa87,authority_build,2,106024
Mldsa87,authority_build,2,106470
Mldsa87,authority_build,2,128216
Mldsa87,authority_build,2,107727
Mldsa87,authority_build,2,119842
Mldsa87,authority_build,2,119444
Mldsa87,authority_build,2,119485
Mldsa87,authority_build,2,273572
Mldsa87,authority_build,2,105951
Mldsa87,authority_build,2,106027
Mldsa87,authority_build,2,154692
Mldsa87,authority_build,2,119212
Mldsa87,authority_build,2,133937
Mldsa87,authority_build,2,113529
Mldsa87,authority_build,2,120279
Mldsa87,authority_build,2,212143
Mldsa87,authority_build,2,112737
Mldsa87,authority_build,2,107661
Mldsa87,authority_build,2,120561
Mldsa87,authority_build,2,105624
Mldsa87,authority_build,2,158867
Mldsa87,authority_build,2,105452
Mldsa87,authority_build,2,117730
Mldsa87,authority_build,2,118218
Mldsa87,authority_build,2,104749
Mldsa87,authority_build,2,107730
Mldsa87,authority_build,2,120954
Mldsa87,authority_build,2,115357
Mldsa87,authority_build,2,106383
Mldsa87,authority_build,2,223252
Mldsa87,authority_build,2,113267
Mldsa87,authority_build,2,165333
Mldsa87,authority_build,2,151906
Mldsa87,authority_build,2,112293
Mldsa87,authority_build,2,188847
Mldsa87,authority_build,2,117733
Mldsa87,authority_build,2,132436
Mldsa87,authority_build,2,476358
Mldsa87,authority_build,2,225465
Mldsa87,authority_build,2,117808
Mldsa87,authority_build,2,118477
Mldsa87,authority_build,2,122672
Mldsa87,authority_build,2,206297
Mldsa87,authority_build,2,195849
Mldsa87,authority_build,2,117173
Mldsa87,authority_build,2,162717
Mldsa87,authority_build,2,107040
Mldsa87,append_hop,2,274371
Mldsa87,append_hop,2,136056
Mldsa87,append_hop,2,258497
Mldsa87,append_hop,2,119417
Mldsa87,append_hop,2,169859
Mldsa87,append_hop,2,320741
Mldsa87,append_hop,2,118738
Mldsa87,append_hop,2,147122
Mldsa87,append_hop,2,213689
Mldsa87,append_hop,2,180300
Mldsa87,append_hop,2,118835
Mldsa87,append_hop,2,118971
Mldsa87,append_hop,2,172555
Mldsa87,append_hop,2,365753
Mldsa87,append_hop,2,122662
Mldsa87,append_hop,2,330315
Mldsa87,append_hop,2,164670
Mldsa87,append_hop,2,148703
Mldsa87,append_hop,2,199241
Mldsa87,append_hop,2,187791
Mldsa87,append_hop,2,253542
Mldsa87,append_hop,2,127438
Mldsa87,append_hop,2,197163
Mldsa87,append_hop,2,151019
Mldsa87,append_hop,2,121273
Mldsa87,append_hop,2,203001
Mldsa87,append_hop,2,134204
Mldsa87,append_hop,2,212596
Mldsa87,append_hop,2,135486
Mldsa87,append_hop,2,417951
Mldsa87,append_hop,2,142006
Mldsa87,append_hop,2,137801
Mldsa87,append_hop,2,150210
Mldsa87,append_hop,2,144066
Mldsa87,append_hop,2,200834
Mldsa87,append_hop,2,194215
Mldsa87,append_hop,2,224860
Mldsa87,append_hop,2,134371
Mldsa87,append_hop,2,175481
Mldsa87,append_hop,2,120176
Mldsa87,append_hop,2,134702
Mldsa87,append_hop,2,145989
Mldsa87,append_hop,2,193444
Mldsa87,append_hop,2,121606
Mldsa87,append_hop,2,217879
Mldsa87,append_hop,2,252102
Mldsa87,append_hop,2,163719
Mldsa87,append_hop,2,121722
Mldsa87,append_hop,2,134114
Mldsa87,append_hop,2,133821
Mldsa87,append_hop,2,185994
Mldsa87,append_hop,2,134554
Mldsa87,append_hop,2,132964
Mldsa87,append_hop,2,153137
Mldsa87,append_hop,2,155936
Mldsa87,append_hop,2,177496
Mldsa87,append_hop,2,336840
Mldsa87,append_hop,2,255767
Mldsa87,append_hop,2,149610
Mldsa87,append_hop,2,134515
Mldsa87,append_hop,2,120749
Mldsa87,append_hop,2,178477
Mldsa87,append_hop,2,125622
Mldsa87,append_hop,2,122212
Mldsa87,append_hop,2,211336
Mldsa87,append_hop,2,133008
Mldsa87,append_hop,2,202696
Mldsa87,append_hop,2,121966
Mldsa87,append_hop,2,125291
Mldsa87,append_hop,2,152171
Mldsa87,append_hop,2,160068
Mldsa87,append_hop,2,121582
Mldsa87,append_hop,2,122369
Mldsa87,append_hop,2,135169
Mldsa87,append_hop,2,165420
Mldsa87,append_hop,2,137063
Mldsa87,append_hop,2,121868
Mldsa87,append_hop,2,153191
Mldsa87,append_hop,2,161782
Mldsa87,append_hop,2,137884
Mldsa87,append_hop,2,121523
Mldsa87,append_hop,2,227133
Mldsa87,append_hop,2,172435
Mldsa87,append_hop,2,232926
Mldsa87,append_hop,2,123064
Mldsa87,append_hop,2,184876
Mldsa87,append_hop,2,146315
Mldsa87,append_hop,2,123840
Mldsa87,append_hop,2,135882
Mldsa87,append_hop,2,202277
Mldsa87,append_hop,2,172761
Mldsa87,append_hop,2,121320
Mldsa87,append_hop,2,121925
Mldsa87,append_hop,2,122013
Mldsa87,append_hop,2,135665
Mldsa87,append_hop,2,124360
Mldsa87,append_hop,2,128278
Mldsa87,append_hop,2,122294
Mldsa87,append_hop,2,121490
Mldsa87,append_hop,2,144697
Mldsa87,append_hop,2,148497
Mldsa87,seal,2,113513
Mldsa87,seal,2,107044
Mldsa87,seal,2,111161
Mldsa87,seal,2,108182
Mldsa87,seal,2,107326
Mldsa87,seal,2,107623
Mldsa87,seal,2,108321
Mldsa87,seal,2,107627
Mldsa87,seal,2,107029
Mldsa87,seal,2,107338
Mldsa87,seal,2,110091
Mldsa87,seal,2,120981
Mldsa87,seal,2,108061
Mldsa87,seal,2,108010
Mldsa87,seal,2,107790
Mldsa87,seal,2,110713
Mldsa87,seal,2,106566
Mldsa87,seal,2,107202
Mldsa87,seal,2,106944
Mldsa87,seal,2,107099
Mldsa87,seal,2,107500
Mldsa87,seal,2,108254
Mldsa87,seal,2,107081
Mldsa87,seal,2,106818
Mldsa87,seal,2,107727
Mldsa87,seal,2,107027
Mldsa87,seal,2,107308
Mldsa87,seal,2,107028
Mldsa87,seal,2,107202
Mldsa87,seal,2,114537
Mldsa87,seal,2,107231
Mldsa87,seal,2,107178
Mldsa87,seal,2,107189
Mldsa87,seal,2,107091
Mldsa87,seal,2,107306
Mldsa87,seal,2,106994
Mldsa87,seal,2,106915
Mldsa87,seal,2,106998
Mldsa87,seal,2,106828
Mldsa87,seal,2,116631
Mldsa87,seal,2,108104
Mldsa87,seal,2,106795
Mldsa87,seal,2,107371
Mldsa87,seal,2,107168
Mldsa87,seal,2,107191
Mldsa87,seal,2,107417
Mldsa87,seal,2,107379
Mldsa87,seal,2,115236
Mldsa87,seal,2,114854
Mldsa87,seal,2,105582
Mldsa87,seal,2,107481
Mldsa87,seal,2,107367
Mldsa87,seal,2,107133
Mldsa87,seal,2,107412
Mldsa87,seal,2,106725
Mldsa87,seal,2,116961
Mldsa87,seal,2,108347
Mldsa87,seal,2,107575
Mldsa87,seal,2,107664
Mldsa87,seal,2,106788
Mldsa87,seal,2,107395
Mldsa87,seal,2,106635
Mldsa87,seal,2,106728
Mldsa87,seal,2,107328
Mldsa87,seal,2,106920
Mldsa87,seal,2,114303
Mldsa87,seal,2,107369
Mldsa87,seal,2,107894
Mldsa87,seal,2,106925
Mldsa87,seal,2,106225
Mldsa87,seal,2,107182
Mldsa87,seal,2,106807
Mldsa87,seal,2,107150
Mldsa87,seal,2,106960
Mldsa87,seal,2,107136
Mldsa87,seal,2,106907
Mldsa87,seal,2,106950
Mldsa87,seal,2,107048
Mldsa87,seal,2,107192
Mldsa87,seal,2,112245
Mldsa87,seal,2,107332
Mldsa87,seal,2,112951
Mldsa87,seal,2,107505
Mldsa87,seal,2,107046
Mldsa87,seal,2,109465
Mldsa87,seal,2,111652
Mldsa87,seal,2,106469
Mldsa87,seal,2,106961
Mldsa87,seal,2,106738
Mldsa87,seal,2,106793
Mldsa87,seal,2,107166
Mldsa87,seal,2,106895
Mldsa87,seal,2,106957
Mldsa87,seal,2,106733
Mldsa87,seal,2,106861
Mldsa87,seal,2,106388
Mldsa87,seal,2,106737
Mldsa87,seal,2,114744
Mldsa87,seal,2,107428
Mldsa87,seal,2,106128
Mldsa87,seal,2,104768
Mldsa87,verify_n2,2,246890
Mldsa87,verify_n2,2,248248
Mldsa87,verify_n2,2,257454
Mldsa87,verify_n2,2,252576
Mldsa87,verify_n2,2,250478
Mldsa87,verify_n2,2,249040
Mldsa87,verify_n2,2,263527
Mldsa87,verify_n2,2,252457
Mldsa87,verify_n2,2,248159
Mldsa87,verify_n2,2,258747
Mldsa87,verify_n2,2,252369
Mldsa87,verify_n2,2,250374
Mldsa87,verify_n2,2,247253
Mldsa87,verify_n2,2,248743
Mldsa87,verify_n2,2,246697
Mldsa87,verify_n2,2,253508
Mldsa87,verify_n2,2,250656
Mldsa87,verify_n2,2,250414
Mldsa87,verify_n2,2,249414
Mldsa87,verify_n2,2,245383
Mldsa87,verify_n2,2,262000
Mldsa87,verify_n2,2,250972
Mldsa87,verify_n2,2,262872
Mldsa87,verify_n2,2,315781
Mldsa87,verify_n2,2,270597
Mldsa87,verify_n2,2,244909
Mldsa87,verify_n2,2,244161
Mldsa87,verify_n2,2,242647
Mldsa87,verify_n2,2,243194
Mldsa87,verify_n2,2,241032
Mldsa87,verify_n2,2,257448
Mldsa87,verify_n2,2,249155
Mldsa87,verify_n2,2,246317
Mldsa87,verify_n2,2,245177
Mldsa87,verify_n2,2,244876
Mldsa87,verify_n2,2,244814
Mldsa87,verify_n2,2,241684
Mldsa87,verify_n2,2,241860
Mldsa87,verify_n2,2,267452
Mldsa87,verify_n2,2,246269
Mldsa87,verify_n2,2,250057
Mldsa87,verify_n2,2,244488
Mldsa87,verify_n2,2,245319
Mldsa87,verify_n2,2,244375
Mldsa87,verify_n2,2,249705
Mldsa87,verify_n2,2,246824
Mldsa87,verify_n2,2,242896
Mldsa87,verify_n2,2,242265
Mldsa87,verify_n2,2,242361
Mldsa87,verify_n2,2,241449
Mldsa87,verify_n2,2,241916
Mldsa87,verify_n2,2,247367
Mldsa87,verify_n2,2,242501
Mldsa87,verify_n2,2,242237
Mldsa87,verify_n2,2,251561
Mldsa87,verify_n2,2,244978
Mldsa87,verify_n2,2,245261
Mldsa87,verify_n2,2,259030
Mldsa87,verify_n2,2,250258
Mldsa87,verify_n2,2,244629
Mldsa87,verify_n2,2,244471
Mldsa87,verify_n2,2,256881
Mldsa87,verify_n2,2,247151
Mldsa87,verify_n2,2,244556
Mldsa87,verify_n2,2,244237
Mldsa87,verify_n2,2,252954
Mldsa87,verify_n2,2,249692
Mldsa87,verify_n2,2,388072
Mldsa87,verify_n2,2,321340
Mldsa87,verify_n2,2,265380
Mldsa87,verify_n2,2,257850
Mldsa87,verify_n2,2,249310
Mldsa87,verify_n2,2,290174
Mldsa87,verify_n2,2,415425
Mldsa87,verify_n2,2,267173
Mldsa87,verify_n2,2,250609
Mldsa87,verify_n2,2,248566
Mldsa87,verify_n2,2,247942
Mldsa87,verify_n2,2,247974
Mldsa87,verify_n2,2,247628
Mldsa87,verify_n2,2,262528
Mldsa87,verify_n2,2,249939
Mldsa87,verify_n2,2,249299
Mldsa87,verify_n2,2,248056
Mldsa87,verify_n2,2,256563
Mldsa87,verify_n2,2,257885
Mldsa87,verify_n2,2,247137
Mldsa87,verify_n2,2,256864
Mldsa87,verify_n2,2,249557
Mldsa87,verify_n2,2,247649
Mldsa87,verify_n2,2,249548
Mldsa87,verify_n2,2,248923
Mldsa87,verify_n2,2,247305
Mldsa87,verify_n2,2,248288
Mldsa87,verify_n2,2,246038
Mldsa87,verify_n2,2,255489
Mldsa87,verify_n2,2,251589
Mldsa87,verify_n2,2,248390
Mldsa87,verify_n2,2,248705
Mldsa87,verify_n2,2,262089
Mldsa87,verify_n2,2,259644
Mldsa87,authorize,2,9214
Mldsa87,authorize,2,8913
Mldsa87,authorize,2,8868
Mldsa87,authorize,2,8608
Mldsa87,authorize,2,8840
Mldsa87,authorize,2,9302
Mldsa87,authorize,2,8923
Mldsa87,authorize,2,8711
Mldsa87,authorize,2,9056
Mldsa87,authorize,2,8718
Mldsa87,authorize,2,9120
Mldsa87,authorize,2,8728
Mldsa87,authorize,2,8854
Mldsa87,authorize,2,8868
Mldsa87,authorize,2,8900
Mldsa87,authorize,2,9264
Mldsa87,authorize,2,8982
Mldsa87,authorize,2,8844
Mldsa87,authorize,2,9041
Mldsa87,authorize,2,8790
Mldsa87,authorize,2,18710
Mldsa87,authorize,2,12162
Mldsa87,authorize,2,9976
Mldsa87,authorize,2,9423
Mldsa87,authorize,2,8871
Mldsa87,authorize,2,8627
Mldsa87,authorize,2,8805
Mldsa87,authorize,2,9001
Mldsa87,authorize,2,8614
Mldsa87,authorize,2,8672
Mldsa87,authorize,2,8613
Mldsa87,authorize,2,8786
Mldsa87,authorize,2,8618
Mldsa87,authorize,2,8659
Mldsa87,authorize,2,8393
Mldsa87,authorize,2,8804
Mldsa87,authorize,2,8338
Mldsa87,authorize,2,8524
Mldsa87,authorize,2,8285
Mldsa87,authorize,2,8576
Mldsa87,authorize,2,8521
Mldsa87,authorize,2,8545
Mldsa87,authorize,2,8554
Mldsa87,authorize,2,8543
Mldsa87,authorize,2,8445
Mldsa87,authorize,2,8523
Mldsa87,authorize,2,8604
Mldsa87,authorize,2,8622
Mldsa87,authorize,2,8412
Mldsa87,authorize,2,8662
Mldsa87,authorize,2,8437
Mldsa87,authorize,2,8636
Mldsa87,authorize,2,8735
Mldsa87,authorize,2,8627
Mldsa87,authorize,2,8384
Mldsa87,authorize,2,8547
Mldsa87,authorize,2,8537
Mldsa87,authorize,2,8586
Mldsa87,authorize,2,8452
Mldsa87,authorize,2,8542
Mldsa87,authorize,2,8490
Mldsa87,authorize,2,8522
Mldsa87,authorize,2,8503
Mldsa87,authorize,2,8558
Mldsa87,authorize,2,8569
Mldsa87,authorize,2,8546
Mldsa87,authorize,2,8689
Mldsa87,authorize,2,8826
Mldsa87,authorize,2,8733
Mldsa87,authorize,2,8700
Mldsa87,authorize,2,8731
Mldsa87,authorize,2,8624
Mldsa87,authorize,2,8741
Mldsa87,authorize,2,8894
Mldsa87,authorize,2,8565
Mldsa87,authorize,2,9026
Mldsa87,authorize,2,8879
Mldsa87,authorize,2,8611
Mldsa87,authorize,2,8850
Mldsa87,authorize,2,8795
Mldsa87,authorize,2,8709
Mldsa87,authorize,2,8800
Mldsa87,authorize,2,8870
Mldsa87,authorize,2,8578
Mldsa87,authorize,2,8658
Mldsa87,authorize,2,8773
Mldsa87,authorize,2,8934
Mldsa87,authorize,2,8715
Mldsa87,authorize,2,8827
Mldsa87,authorize,2,8804
Mldsa87,authorize,2,8598
Mldsa87,authorize,2,8742
Mldsa87,authorize,2,8779
Mldsa87,authorize,2,8770
Mldsa87,authorize,2,8440
Mldsa87,authorize,2,8535
Mldsa87,authorize,2,8730
Mldsa87,authorize,2,8664
Mldsa87,authorize,2,8875
Mldsa87,authorize,2,8541
Mldsa87,authorize,2,8572
Fndsa512,verify_chain,0,60899
Fndsa512,verify_chain,0,60603
Fndsa512,verify_chain,0,59988
Fndsa512,verify_chain,0,60163
Fndsa512,verify_chain,0,60263
Fndsa512,verify_chain,0,60015
Fndsa512,verify_chain,0,60230
Fndsa512,verify_chain,0,68322
Fndsa512,verify_chain,0,60983
Fndsa512,verify_chain,0,60925
Fndsa512,verify_chain,0,60393
Fndsa512,verify_chain,0,63361
Fndsa512,verify_chain,0,60863
Fndsa512,verify_chain,0,82623
Fndsa512,verify_chain,0,62433
Fndsa512,verify_chain,0,61377
Fndsa512,verify_chain,0,60222
Fndsa512,verify_chain,0,60769
Fndsa512,verify_chain,0,60426
Fndsa512,verify_chain,0,60470
Fndsa512,verify_chain,0,60638
Fndsa512,verify_chain,0,60136
Fndsa512,verify_chain,0,60453
Fndsa512,verify_chain,0,60405
Fndsa512,verify_chain,0,60426
Fndsa512,verify_chain,0,60109
Fndsa512,verify_chain,0,60592
Fndsa512,verify_chain,0,60482
Fndsa512,verify_chain,0,60350
Fndsa512,verify_chain,0,60356
Fndsa512,verify_chain,0,60173
Fndsa512,verify_chain,0,61048
Fndsa512,verify_chain,0,60538
Fndsa512,verify_chain,0,60289
Fndsa512,verify_chain,0,59774
Fndsa512,verify_chain,0,60742
Fndsa512,verify_chain,0,60869
Fndsa512,verify_chain,0,60247
Fndsa512,verify_chain,0,67503
Fndsa512,verify_chain,0,61320
Fndsa512,verify_chain,0,61102
Fndsa512,verify_chain,0,60195
Fndsa512,verify_chain,0,60829
Fndsa512,verify_chain,0,60333
Fndsa512,verify_chain,0,60454
Fndsa512,verify_chain,0,59572
Fndsa512,verify_chain,0,60883
Fndsa512,verify_chain,0,68630
Fndsa512,verify_chain,0,62273
Fndsa512,verify_chain,0,61694
Fndsa512,verify_chain,0,60105
Fndsa512,verify_chain,0,60437
Fndsa512,verify_chain,0,60644
Fndsa512,verify_chain,0,60078
Fndsa512,verify_chain,0,60290
Fndsa512,verify_chain,0,59767
Fndsa512,verify_chain,0,60167
Fndsa512,verify_chain,0,60290
Fndsa512,verify_chain,0,60205
Fndsa512,verify_chain,0,60787
Fndsa512,verify_chain,0,60062
Fndsa512,verify_chain,0,59785
Fndsa512,verify_chain,0,60752
Fndsa512,verify_chain,0,60254
Fndsa512,verify_chain,0,60034
Fndsa512,verify_chain,0,60741
Fndsa512,verify_chain,0,59942
Fndsa512,verify_chain,0,59885
Fndsa512,verify_chain,0,60133
Fndsa512,verify_chain,0,60245
Fndsa512,verify_chain,0,66894
Fndsa512,verify_chain,0,62215
Fndsa512,verify_chain,0,60665
Fndsa512,verify_chain,0,60574
Fndsa512,verify_chain,0,60635
Fndsa512,verify_chain,0,60315
Fndsa512,verify_chain,0,59794
Fndsa512,verify_chain,0,63075
Fndsa512,verify_chain,0,66837
Fndsa512,verify_chain,0,60409
Fndsa512,verify_chain,0,60853
Fndsa512,verify_chain,0,60338
Fndsa512,verify_chain,0,60326
Fndsa512,verify_chain,0,60469
Fndsa512,verify_chain,0,60247
Fndsa512,verify_chain,0,60124
Fndsa512,verify_chain,0,60352
Fndsa512,verify_chain,0,60349
Fndsa512,verify_chain,0,60283
Fndsa512,verify_chain,0,60103
Fndsa512,verify_chain,0,59859
Fndsa512,verify_chain,0,60419
Fndsa512,verify_chain,0,60329
Fndsa512,verify_chain,0,59972
Fndsa512,verify_chain,0,59635
Fndsa512,verify_chain,0,60361
Fndsa512,verify_chain,0,60437
Fndsa512,verify_chain,0,60744
Fndsa512,verify_chain,0,60190
Fndsa512,verify_chain,0,60110
Fndsa512,verify_chain,0,60121
Fndsa512,verify_chain,1,90469
Fndsa512,verify_chain,1,90628
Fndsa512,verify_chain,1,91419
Fndsa512,verify_chain,1,90703
Fndsa512,verify_chain,1,91441
Fndsa512,verify_chain,1,98031
Fndsa512,verify_chain,1,93291
Fndsa512,verify_chain,1,91494
Fndsa512,verify_chain,1,91764
Fndsa512,verify_chain,1,99150
Fndsa512,verify_chain,1,93453
Fndsa512,verify_chain,1,92151
Fndsa512,verify_chain,1,91182
Fndsa512,verify_chain,1,91024
Fndsa512,verify_chain,1,91378
Fndsa512,verify_chain,1,93921
Fndsa512,verify_chain,1,98363
Fndsa512,verify_chain,1,92149
Fndsa512,verify_chain,1,91691
Fndsa512,verify_chain,1,91155
Fndsa512,verify_chain,1,90879
Fndsa512,verify_chain,1,90955
Fndsa512,verify_chain,1,91101
Fndsa512,verify_chain,1,91173
Fndsa512,verify_chain,1,90985
Fndsa512,verify_chain,1,90771
Fndsa512,verify_chain,1,90438
Fndsa512,verify_chain,1,91003
Fndsa512,verify_chain,1,90871
Fndsa512,verify_chain,1,90914
Fndsa512,verify_chain,1,99258
Fndsa512,verify_chain,1,93359
Fndsa512,verify_chain,1,92540
Fndsa512,verify_chain,1,91306
Fndsa512,verify_chain,1,91471
Fndsa512,verify_chain,1,91262
Fndsa512,verify_chain,1,90114
Fndsa512,verify_chain,1,91200
Fndsa512,verify_chain,1,90834
Fndsa512,verify_chain,1,91278
Fndsa512,verify_chain,1,91561
Fndsa512,verify_chain,1,91205
Fndsa512,verify_chain,1,91840
Fndsa512,verify_chain,1,91191
Fndsa512,verify_chain,1,90939
Fndsa512,verify_chain,1,90700
Fndsa512,verify_chain,1,91245
Fndsa512,verify_chain,1,91214
Fndsa512,verify_chain,1,90044
Fndsa512,verify_chain,1,91366
Fndsa512,verify_chain,1,91447
Fndsa512,verify_chain,1,91088
Fndsa512,verify_chain,1,113084
Fndsa512,verify_chain,1,93013
Fndsa512,verify_chain,1,91428
Fndsa512,verify_chain,1,90766
Fndsa512,verify_chain,1,91083
Fndsa512,verify_chain,1,90928
Fndsa512,verify_chain,1,94985
Fndsa512,verify_chain,1,96367
Fndsa512,verify_chain,1,91673
Fndsa512,verify_chain,1,91513
Fndsa512,verify_chain,1,90689
Fndsa512,verify_chain,1,91723
Fndsa512,verify_chain,1,91312
Fndsa512,verify_chain,1,91290
Fndsa512,verify_chain,1,90120
Fndsa512,verify_chain,1,91122
Fndsa512,verify_chain,1,90858
Fndsa512,verify_chain,1,90937
Fndsa512,verify_chain,1,90181
Fndsa512,verify_chain,1,90464
Fndsa512,verify_chain,1,92198
Fndsa512,verify_chain,1,99377
Fndsa512,verify_chain,1,91199
Fndsa512,verify_chain,1,89878
Fndsa512,verify_chain,1,90022
Fndsa512,verify_chain,1,88421
Fndsa512,verify_chain,1,88959
Fndsa512,verify_chain,1,89407
Fndsa512,verify_chain,1,89742
Fndsa512,verify_chain,1,88777
Fndsa512,verify_chain,1,89049
Fndsa512,verify_chain,1,88717
Fndsa512,verify_chain,1,88708
Fndsa512,verify_chain,1,88370
Fndsa512,verify_chain,1,88652
Fndsa512,verify_chain,1,88308
Fndsa512,verify_chain,1,89369
Fndsa512,verify_chain,1,88262
Fndsa512,verify_chain,1,89309
Fndsa512,verify_chain,1,89052
Fndsa512,verify_chain,1,101457
Fndsa512,verify_chain,1,90888
Fndsa512,verify_chain,1,89860
Fndsa512,verify_chain,1,89459
Fndsa512,verify_chain,1,88482
Fndsa512,verify_chain,1,89977
Fndsa512,verify_chain,1,88889
Fndsa512,verify_chain,1,91256
Fndsa512,verify_chain,1,96785
Fndsa512,verify_chain,2,120699
Fndsa512,verify_chain,2,120707
Fndsa512,verify_chain,2,127719
Fndsa512,verify_chain,2,122422
Fndsa512,verify_chain,2,119410
Fndsa512,verify_chain,2,120547
Fndsa512,verify_chain,2,123911
Fndsa512,verify_chain,2,120674
Fndsa512,verify_chain,2,118224
Fndsa512,verify_chain,2,119705
Fndsa512,verify_chain,2,119762
Fndsa512,verify_chain,2,119358
Fndsa512,verify_chain,2,120288
Fndsa512,verify_chain,2,120056
Fndsa512,verify_chain,2,120266
Fndsa512,verify_chain,2,119669
Fndsa512,verify_chain,2,119682
Fndsa512,verify_chain,2,119274
Fndsa512,verify_chain,2,128490
Fndsa512,verify_chain,2,122200
Fndsa512,verify_chain,2,120673
Fndsa512,verify_chain,2,119568
Fndsa512,verify_chain,2,120060
Fndsa512,verify_chain,2,121096
Fndsa512,verify_chain,2,212802
Fndsa512,verify_chain,2,206878
Fndsa512,verify_chain,2,138419
Fndsa512,verify_chain,2,258722
Fndsa512,verify_chain,2,159113
Fndsa512,verify_chain,2,129900
Fndsa512,verify_chain,2,169971
Fndsa512,verify_chain,2,137201
Fndsa512,verify_chain,2,135101
Fndsa512,verify_chain,2,124269
Fndsa512,verify_chain,2,123482
Fndsa512,verify_chain,2,122760
Fndsa512,verify_chain,2,120837
Fndsa512,verify_chain,2,121462
Fndsa512,verify_chain,2,134460
Fndsa512,verify_chain,2,127314
Fndsa512,verify_chain,2,122726
Fndsa512,verify_chain,2,121916
Fndsa512,verify_chain,2,120962
Fndsa512,verify_chain,2,182047
Fndsa512,verify_chain,2,126521
Fndsa512,verify_chain,2,120440
Fndsa512,verify_chain,2,119054
Fndsa512,verify_chain,2,119524
Fndsa512,verify_chain,2,119856
Fndsa512,verify_chain,2,119654
Fndsa512,verify_chain,2,120107
Fndsa512,verify_chain,2,120080
Fndsa512,verify_chain,2,127046
Fndsa512,verify_chain,2,131913
Fndsa512,verify_chain,2,119979
Fndsa512,verify_chain,2,119333
Fndsa512,verify_chain,2,119237
Fndsa512,verify_chain,2,130132
Fndsa512,verify_chain,2,122240
Fndsa512,verify_chain,2,119726
Fndsa512,verify_chain,2,119799
Fndsa512,verify_chain,2,119171
Fndsa512,verify_chain,2,119642
Fndsa512,verify_chain,2,119053
Fndsa512,verify_chain,2,119568
Fndsa512,verify_chain,2,119867
Fndsa512,verify_chain,2,120215
Fndsa512,verify_chain,2,119735
Fndsa512,verify_chain,2,119133
Fndsa512,verify_chain,2,119575
Fndsa512,verify_chain,2,119407
Fndsa512,verify_chain,2,118879
Fndsa512,verify_chain,2,120225
Fndsa512,verify_chain,2,127300
Fndsa512,verify_chain,2,125548
Fndsa512,verify_chain,2,120720
Fndsa512,verify_chain,2,120616
Fndsa512,verify_chain,2,119667
Fndsa512,verify_chain,2,119911
Fndsa512,verify_chain,2,119415
Fndsa512,verify_chain,2,118794
Fndsa512,verify_chain,2,119155
Fndsa512,verify_chain,2,120153
Fndsa512,verify_chain,2,120072
Fndsa512,verify_chain,2,119573
Fndsa512,verify_chain,2,122700
Fndsa512,verify_chain,2,125659
Fndsa512,verify_chain,2,125807
Fndsa512,verify_chain,2,121800
Fndsa512,verify_chain,2,119889
Fndsa512,verify_chain,2,119032
Fndsa512,verify_chain,2,118262
Fndsa512,verify_chain,2,118524
Fndsa512,verify_chain,2,119003
Fndsa512,verify_chain,2,126588
Fndsa512,verify_chain,2,121394
Fndsa512,verify_chain,2,119632
Fndsa512,verify_chain,2,119230
Fndsa512,verify_chain,2,119451
Fndsa512,verify_chain,2,120046
Fndsa512,verify_chain,2,119174
Fndsa512,verify_chain,5,223490
Fndsa512,verify_chain,5,227662
Fndsa512,verify_chain,5,223163
Fndsa512,verify_chain,5,238089
Fndsa512,verify_chain,5,222035
Fndsa512,verify_chain,5,217630
Fndsa512,verify_chain,5,216997
Fndsa512,verify_chain,5,214574
Fndsa512,verify_chain,5,219604
Fndsa512,verify_chain,5,216088
Fndsa512,verify_chain,5,215328
Fndsa512,verify_chain,5,215946
Fndsa512,verify_chain,5,226482
Fndsa512,verify_chain,5,220944
Fndsa512,verify_chain,5,217486
Fndsa512,verify_chain,5,216449
Fndsa512,verify_chain,5,226560
Fndsa512,verify_chain,5,221170
Fndsa512,verify_chain,5,218966
Fndsa512,verify_chain,5,216864
Fndsa512,verify_chain,5,226597
Fndsa512,verify_chain,5,222425
Fndsa512,verify_chain,5,219580
Fndsa512,verify_chain,5,217108
Fndsa512,verify_chain,5,217549
Fndsa512,verify_chain,5,214759
Fndsa512,verify_chain,5,215732
Fndsa512,verify_chain,5,215118
Fndsa512,verify_chain,5,215071
Fndsa512,verify_chain,5,223825
Fndsa512,verify_chain,5,222691
Fndsa512,verify_chain,5,219250
Fndsa512,verify_chain,5,217978
Fndsa512,verify_chain,5,215786
Fndsa512,verify_chain,5,224528
Fndsa512,verify_chain,5,220055
Fndsa512,verify_chain,5,231976
Fndsa512,verify_chain,5,219370
Fndsa512,verify_chain,5,265630
Fndsa512,verify_chain,5,242670
Fndsa512,verify_chain,5,244728
Fndsa512,verify_chain,5,232333
Fndsa512,verify_chain,5,230157
Fndsa512,verify_chain,5,221788
Fndsa512,verify_chain,5,224762
Fndsa512,verify_chain,5,312076
Fndsa512,verify_chain,5,232758
Fndsa512,verify_chain,5,222554
Fndsa512,verify_chain,5,217628
Fndsa512,verify_chain,5,215506
Fndsa512,verify_chain,5,215082
Fndsa512,verify_chain,5,235829
Fndsa512,verify_chain,5,227037
Fndsa512,verify_chain,5,216095
Fndsa512,verify_chain,5,213947
Fndsa512,verify_chain,5,213315
Fndsa512,verify_chain,5,277442
Fndsa512,verify_chain,5,229810
Fndsa512,verify_chain,5,226722
Fndsa512,verify_chain,5,221981
Fndsa512,verify_chain,5,268038
Fndsa512,verify_chain,5,219271
Fndsa512,verify_chain,5,225840
Fndsa512,verify_chain,5,223356
Fndsa512,verify_chain,5,225046
Fndsa512,verify_chain,5,218627
Fndsa512,verify_chain,5,214924
Fndsa512,verify_chain,5,223831
Fndsa512,verify_chain,5,220116
Fndsa512,verify_chain,5,230478
Fndsa512,verify_chain,5,215585
Fndsa512,verify_chain,5,213250
Fndsa512,verify_chain,5,212588
Fndsa512,verify_chain,5,212666
Fndsa512,verify_chain,5,212465
Fndsa512,verify_chain,5,212039
Fndsa512,verify_chain,5,220235
Fndsa512,verify_chain,5,214168
Fndsa512,verify_chain,5,211901
Fndsa512,verify_chain,5,211132
Fndsa512,verify_chain,5,212188
Fndsa512,verify_chain,5,211847
Fndsa512,verify_chain,5,210231
Fndsa512,verify_chain,5,211630
Fndsa512,verify_chain,5,215858
Fndsa512,verify_chain,5,221110
Fndsa512,verify_chain,5,214739
Fndsa512,verify_chain,5,220409
Fndsa512,verify_chain,5,221080
Fndsa512,verify_chain,5,217051
Fndsa512,verify_chain,5,213102
Fndsa512,verify_chain,5,212446
Fndsa512,verify_chain,5,211443
Fndsa512,verify_chain,5,219036
Fndsa512,verify_chain,5,221171
Fndsa512,verify_chain,5,212694
Fndsa512,verify_chain,5,213106
Fndsa512,verify_chain,5,213834
Fndsa512,verify_chain,5,212216
Fndsa512,verify_chain,5,211499
Fndsa512,verify_chain,5,210236
Fndsa512,verify_chain,10,409915
Fndsa512,verify_chain,10,405854
Fndsa512,verify_chain,10,397060
Fndsa512,verify_chain,10,395105
Fndsa512,verify_chain,10,396091
Fndsa512,verify_chain,10,397180
Fndsa512,verify_chain,10,390952
Fndsa512,verify_chain,10,387452
Fndsa512,verify_chain,10,395493
Fndsa512,verify_chain,10,395112
Fndsa512,verify_chain,10,399682
Fndsa512,verify_chain,10,392033
Fndsa512,verify_chain,10,391172
Fndsa512,verify_chain,10,388449
Fndsa512,verify_chain,10,390493
Fndsa512,verify_chain,10,394258
Fndsa512,verify_chain,10,387270
Fndsa512,verify_chain,10,388031
Fndsa512,verify_chain,10,391555
Fndsa512,verify_chain,10,392439
Fndsa512,verify_chain,10,396272
Fndsa512,verify_chain,10,392883
Fndsa512,verify_chain,10,400701
Fndsa512,verify_chain,10,389348
Fndsa512,verify_chain,10,406463
Fndsa512,verify_chain,10,533182
Fndsa512,verify_chain,10,421371
Fndsa512,verify_chain,10,399751
Fndsa512,verify_chain,10,539322
Fndsa512,verify_chain,10,406195
Fndsa512,verify_chain,10,397317
Fndsa512,verify_chain,10,392563
Fndsa512,verify_chain,10,391260
Fndsa512,verify_chain,10,461816
Fndsa512,verify_chain,10,404296
Fndsa512,verify_chain,10,391067
Fndsa512,verify_chain,10,388762
Fndsa512,verify_chain,10,400976
Fndsa512,verify_chain,10,404695
Fndsa512,verify_chain,10,389684
Fndsa512,verify_chain,10,389829
Fndsa512,verify_chain,10,388408
Fndsa512,verify_chain,10,399851
Fndsa512,verify_chain,10,389656
Fndsa512,verify_chain,10,389271
Fndsa512,verify_chain,10,387375
Fndsa512,verify_chain,10,388647
Fndsa512,verify_chain,10,396393
Fndsa512,verify_chain,10,396346
Fndsa512,verify_chain,10,387617
Fndsa512,verify_chain,10,386248
Fndsa512,verify_chain,10,387659
Fndsa512,verify_chain,10,406089
Fndsa512,verify_chain,10,388136
Fndsa512,verify_chain,10,383990
Fndsa512,verify_chain,10,384825
Fndsa512,verify_chain,10,388767
Fndsa512,verify_chain,10,396684
Fndsa512,verify_chain,10,393930
Fndsa512,verify_chain,10,386988
Fndsa512,verify_chain,10,383919
Fndsa512,verify_chain,10,383399
Fndsa512,verify_chain,10,397618
Fndsa512,verify_chain,10,388654
Fndsa512,verify_chain,10,417453
Fndsa512,verify_chain,10,411624
Fndsa512,verify_chain,10,638749
Fndsa512,verify_chain,10,555755
Fndsa512,verify_chain,10,460251
Fndsa512,verify_chain,10,416908
Fndsa512,verify_chain,10,396955
Fndsa512,verify_chain,10,396828
Fndsa512,verify_chain,10,403575
Fndsa512,verify_chain,10,392439
Fndsa512,verify_chain,10,391884
Fndsa512,verify_chain,10,396692
Fndsa512,verify_chain,10,388129
Fndsa512,verify_chain,10,404647
Fndsa512,verify_chain,10,392061
Fndsa512,verify_chain,10,388064
Fndsa512,verify_chain,10,385677
Fndsa512,verify_chain,10,388443
Fndsa512,verify_chain,10,393227
Fndsa512,verify_chain,10,388906
Fndsa512,verify_chain,10,386063
Fndsa512,verify_chain,10,387011
Fndsa512,verify_chain,10,401968
Fndsa512,verify_chain,10,407020
Fndsa512,verify_chain,10,387307
Fndsa512,verify_chain,10,415081
Fndsa512,verify_chain,10,386480
Fndsa512,verify_chain,10,392130
Fndsa512,verify_chain,10,390890
Fndsa512,verify_chain,10,386444
Fndsa512,verify_chain,10,400028
Fndsa512,verify_chain,10,389528
Fndsa512,verify_chain,10,396286
Fndsa512,verify_chain,10,401800
Fndsa512,verify_chain,10,391163
Fndsa512,verify_chain,10,384772
Fndsa512,verify_chain,10,396837
Fndsa512,authority_build,2,3581036
Fndsa512,authority_build,2,5355783
Fndsa512,authority_build,2,3519076
Fndsa512,authority_build,2,3404865
Fndsa512,authority_build,2,5582691
Fndsa512,authority_build,2,3446976
Fndsa512,authority_build,2,3438579
Fndsa512,authority_build,2,5933067
Fndsa512,authority_build,2,4931283
Fndsa512,authority_build,2,3786263
Fndsa512,authority_build,2,4199503
Fndsa512,authority_build,2,6278409
Fndsa512,authority_build,2,4641954
Fndsa512,authority_build,2,4534840
Fndsa512,authority_build,2,3809607
Fndsa512,authority_build,2,3508603
Fndsa512,authority_build,2,7803977
Fndsa512,authority_build,2,7687811
Fndsa512,authority_build,2,3500466
Fndsa512,authority_build,2,3725713
Fndsa512,authority_build,2,3593577
Fndsa512,authority_build,2,4017038
Fndsa512,authority_build,2,3619347
Fndsa512,authority_build,2,4404864
Fndsa512,authority_build,2,5721174
Fndsa512,authority_build,2,3485695
Fndsa512,authority_build,2,3634843
Fndsa512,authority_build,2,3340844
Fndsa512,authority_build,2,5712030
Fndsa512,authority_build,2,7303972
Fndsa512,authority_build,2,5576080
Fndsa512,authority_build,2,5995404
Fndsa512,authority_build,2,3661055
Fndsa512,authority_build,2,3749883
Fndsa512,authority_build,2,3575423
Fndsa512,authority_build,2,3310620
Fndsa512,authority_build,2,5592927
Fndsa512,authority_build,2,4450185
Fndsa512,authority_build,2,4665487
Fndsa512,authority_build,2,6001419
Fndsa512,authority_build,2,3520572
Fndsa512,authority_build,2,4672504
Fndsa512,authority_build,2,5038641
Fndsa512,authority_build,2,3467077
Fndsa512,authority_build,2,3822175
Fndsa512,authority_build,2,4497022
Fndsa512,authority_build,2,4894060
Fndsa512,authority_build,2,4202124
Fndsa512,authority_build,2,4205377
Fndsa512,authority_build,2,4344444
Fndsa512,authority_build,2,3951194
Fndsa512,authority_build,2,4456364
Fndsa512,authority_build,2,3636789
Fndsa512,authority_build,2,4050423
Fndsa512,authority_build,2,3899393
Fndsa512,authority_build,2,7673520
Fndsa512,authority_build,2,4557276
Fndsa512,authority_build,2,5330563
Fndsa512,authority_build,2,3618235
Fndsa512,authority_build,2,4924742
Fndsa512,authority_build,2,3467120
Fndsa512,authority_build,2,4918322
Fndsa512,authority_build,2,4831022
Fndsa512,authority_build,2,5064011
Fndsa512,authority_build,2,5491547
Fndsa512,authority_build,2,5757623
Fndsa512,authority_build,2,5581068
Fndsa512,authority_build,2,6822642
Fndsa512,authority_build,2,6237965
Fndsa512,authority_build,2,6648519
Fndsa512,authority_build,2,4395255
Fndsa512,authority_build,2,3745903
Fndsa512,authority_build,2,4848958
Fndsa512,authority_build,2,4112740
Fndsa512,authority_build,2,4682841
Fndsa512,authority_build,2,6858086
Fndsa512,authority_build,2,4951589
Fndsa512,authority_build,2,3367561
Fndsa512,authority_build,2,6247767
Fndsa512,authority_build,2,4200682
Fndsa512,authority_build,2,4022349
Fndsa512,authority_build,2,3929430
Fndsa512,authority_build,2,4196063
Fndsa512,authority_build,2,6520855
Fndsa512,authority_build,2,3971236
Fndsa512,authority_build,2,6966361
Fndsa512,authority_build,2,3930703
Fndsa512,authority_build,2,4041657
Fndsa512,authority_build,2,7511707
Fndsa512,authority_build,2,3425130
Fndsa512,authority_build,2,4078837
Fndsa512,authority_build,2,3711595
Fndsa512,authority_build,2,3534360
Fndsa512,authority_build,2,3537501
Fndsa512,authority_build,2,3944431
Fndsa512,authority_build,2,3556349
Fndsa512,authority_build,2,4188446
Fndsa512,authority_build,2,4940125
Fndsa512,authority_build,2,4714600
Fndsa512,authority_build,2,4873603
Fndsa512,authority_build,2,4859110
Fndsa512,append_hop,2,4852450
Fndsa512,append_hop,2,4069547
Fndsa512,append_hop,2,4054887
Fndsa512,append_hop,2,3552238
Fndsa512,append_hop,2,3363594
Fndsa512,append_hop,2,3477498
Fndsa512,append_hop,2,5451411
Fndsa512,append_hop,2,3699793
Fndsa512,append_hop,2,3951333
Fndsa512,append_hop,2,3537290
Fndsa512,append_hop,2,3696262
Fndsa512,append_hop,2,4326141
Fndsa512,append_hop,2,3690956
Fndsa512,append_hop,2,3289248
Fndsa512,append_hop,2,6585914
Fndsa512,append_hop,2,3283639
Fndsa512,append_hop,2,3334181
Fndsa512,append_hop,2,4063786
Fndsa512,append_hop,2,5943881
Fndsa512,append_hop,2,4914419
Fndsa512,append_hop,2,6294860
Fndsa512,append_hop,2,5394517
Fndsa512,append_hop,2,4683933
Fndsa512,append_hop,2,4323936
Fndsa512,append_hop,2,3581379
Fndsa512,append_hop,2,4086730
Fndsa512,append_hop,2,4068612
Fndsa512,append_hop,2,3819050
Fndsa512,append_hop,2,6748971
Fndsa512,append_hop,2,4728903
Fndsa512,append_hop,2,7204522
Fndsa512,append_hop,2,8049667
Fndsa512,append_hop,2,3614886
Fndsa512,append_hop,2,3324530
Fndsa512,append_hop,2,5140768
Fndsa512,append_hop,2,4404717
Fndsa512,append_hop,2,5810166
Fndsa512,append_hop,2,5916433
Fndsa512,append_hop,2,4549746
Fndsa512,append_hop,2,6538462
Fndsa512,append_hop,2,4656586
Fndsa512,append_hop,2,4382821
Fndsa512,append_hop,2,3912861
Fndsa512,append_hop,2,5248131
Fndsa512,append_hop,2,7259608
Fndsa512,append_hop,2,7234876
Fndsa512,append_hop,2,4381619
Fndsa512,append_hop,2,5367524
Fndsa512,append_hop,2,3461326
Fndsa512,append_hop,2,6311372
Fndsa512,append_hop,2,7188758
Fndsa512,append_hop,2,3718195
Fndsa512,append_hop,2,4063907
Fndsa512,append_hop,2,4651556
Fndsa512,append_hop,2,6485042
Fndsa512,append_hop,2,4301303
Fndsa512,append_hop,2,8510996
Fndsa512,append_hop,2,4982776
Fndsa512,append_hop,2,4175862
Fndsa512,append_hop,2,3639415
Fndsa512,append_hop,2,3634153
Fndsa512,append_hop,2,4284191
Fndsa512,append_hop,2,6500339
Fndsa512,append_hop,2,3520149
Fndsa512,append_hop,2,4573875
Fndsa512,append_hop,2,4139199
Fndsa512,append_hop,2,3677152
Fndsa512,append_hop,2,3426532
Fndsa512,append_hop,2,4158082
Fndsa512,append_hop,2,4326925
Fndsa512,append_hop,2,4437296
Fndsa512,append_hop,2,6172037
Fndsa512,append_hop,2,4670183
Fndsa512,append_hop,2,3654792
Fndsa512,append_hop,2,4293620
Fndsa512,append_hop,2,3623665
Fndsa512,append_hop,2,3481229
Fndsa512,append_hop,2,4181746
Fndsa512,append_hop,2,5245438
Fndsa512,append_hop,2,4273060
Fndsa512,append_hop,2,3620162
Fndsa512,append_hop,2,6470857
Fndsa512,append_hop,2,5730334
Fndsa512,append_hop,2,7197865
Fndsa512,append_hop,2,4142331
Fndsa512,append_hop,2,4435810
Fndsa512,append_hop,2,4722426
Fndsa512,append_hop,2,3959359
Fndsa512,append_hop,2,5083354
Fndsa512,append_hop,2,4292000
Fndsa512,append_hop,2,8346093
Fndsa512,append_hop,2,3797549
Fndsa512,append_hop,2,3628933
Fndsa512,append_hop,2,7090276
Fndsa512,append_hop,2,3630148
Fndsa512,append_hop,2,3606761
Fndsa512,append_hop,2,3462750
Fndsa512,append_hop,2,5535773
Fndsa512,append_hop,2,8740787
Fndsa512,append_hop,2,4128459
Fndsa512,append_hop,2,6092844
Fndsa512,seal,2,163693
Fndsa512,seal,2,153054
Fndsa512,seal,2,153969
Fndsa512,seal,2,152309
Fndsa512,seal,2,150871
Fndsa512,seal,2,151390
Fndsa512,seal,2,155870
Fndsa512,seal,2,150082
Fndsa512,seal,2,161178
Fndsa512,seal,2,151814
Fndsa512,seal,2,152390
Fndsa512,seal,2,151832
Fndsa512,seal,2,168197
Fndsa512,seal,2,151352
Fndsa512,seal,2,151269
Fndsa512,seal,2,149833
Fndsa512,seal,2,152865
Fndsa512,seal,2,154263
Fndsa512,seal,2,152097
Fndsa512,seal,2,160709
Fndsa512,seal,2,153865
Fndsa512,seal,2,150941
Fndsa512,seal,2,150903
Fndsa512,seal,2,150631
Fndsa512,seal,2,152062
Fndsa512,seal,2,150115
Fndsa512,seal,2,149668
Fndsa512,seal,2,153992
Fndsa512,seal,2,162972
Fndsa512,seal,2,153212
Fndsa512,seal,2,151111
Fndsa512,seal,2,150805
Fndsa512,seal,2,151779
Fndsa512,seal,2,159767
Fndsa512,seal,2,151235
Fndsa512,seal,2,149727
Fndsa512,seal,2,150545
Fndsa512,seal,2,151198
Fndsa512,seal,2,179692
Fndsa512,seal,2,159621
Fndsa512,seal,2,165072
Fndsa512,seal,2,151429
Fndsa512,seal,2,151554
Fndsa512,seal,2,151078
Fndsa512,seal,2,153142
Fndsa512,seal,2,159429
Fndsa512,seal,2,154337
Fndsa512,seal,2,151758
Fndsa512,seal,2,151833
Fndsa512,seal,2,151316
Fndsa512,seal,2,153530
Fndsa512,seal,2,150196
Fndsa512,seal,2,148489
Fndsa512,seal,2,152102
Fndsa512,seal,2,150590
Fndsa512,seal,2,154903
Fndsa512,seal,2,153119
Fndsa512,seal,2,159928
Fndsa512,seal,2,153518
Fndsa512,seal,2,150642
Fndsa512,seal,2,151340
Fndsa512,seal,2,148584
Fndsa512,seal,2,151049
Fndsa512,seal,2,152331
Fndsa512,seal,2,155342
Fndsa512,seal,2,150684
Fndsa512,seal,2,152550
Fndsa512,seal,2,151117
Fndsa512,seal,2,154698
Fndsa512,seal,2,151375
Fndsa512,seal,2,160239
Fndsa512,seal,2,148710
Fndsa512,seal,2,150751
Fndsa512,seal,2,150686
Fndsa512,seal,2,150756
Fndsa512,seal,2,151633
Fndsa512,seal,2,151387
Fndsa512,seal,2,149528
Fndsa512,seal,2,151829
Fndsa512,seal,2,155877
Fndsa512,seal,2,153871
Fndsa512,seal,2,156545
Fndsa512,seal,2,165837
Fndsa512,seal,2,154838
Fndsa512,seal,2,162680
Fndsa512,seal,2,153643
Fndsa512,seal,2,158279
Fndsa512,seal,2,153076
Fndsa512,seal,2,153869
Fndsa512,seal,2,149990
Fndsa512,seal,2,157974
Fndsa512,seal,2,150370
Fndsa512,seal,2,156243
Fndsa512,seal,2,157718
Fndsa512,seal,2,153502
Fndsa512,seal,2,153936
Fndsa512,seal,2,157553
Fndsa512,seal,2,152599
Fndsa512,seal,2,156420
Fndsa512,seal,2,151735
Fndsa512,seal,2,155392
Fndsa512,verify_n2,2,128217
Fndsa512,verify_n2,2,126701
Fndsa512,verify_n2,2,127853
Fndsa512,verify_n2,2,127699
Fndsa512,verify_n2,2,134867
Fndsa512,verify_n2,2,129400
Fndsa512,verify_n2,2,127454
Fndsa512,verify_n2,2,126891
Fndsa512,verify_n2,2,127299
Fndsa512,verify_n2,2,127307
Fndsa512,verify_n2,2,126902
Fndsa512,verify_n2,2,132008
Fndsa512,verify_n2,2,127994
Fndsa512,verify_n2,2,127515
Fndsa512,verify_n2,2,127565
Fndsa512,verify_n2,2,125868
Fndsa512,verify_n2,2,125978
Fndsa512,verify_n2,2,126537
Fndsa512,verify_n2,2,140429
Fndsa512,verify_n2,2,128688
Fndsa512,verify_n2,2,139243
Fndsa512,verify_n2,2,128893
Fndsa512,verify_n2,2,125424
Fndsa512,verify_n2,2,126635
Fndsa512,verify_n2,2,126528
Fndsa512,verify_n2,2,126250
Fndsa512,verify_n2,2,126870
Fndsa512,verify_n2,2,125658
Fndsa512,verify_n2,2,125785
Fndsa512,verify_n2,2,126300
Fndsa512,verify_n2,2,126252
Fndsa512,verify_n2,2,126204
Fndsa512,verify_n2,2,125275
Fndsa512,verify_n2,2,125395
Fndsa512,verify_n2,2,126351
Fndsa512,verify_n2,2,126256
Fndsa512,verify_n2,2,135567
Fndsa512,verify_n2,2,128269
Fndsa512,verify_n2,2,125720
Fndsa512,verify_n2,2,126374
Fndsa512,verify_n2,2,126455
Fndsa512,verify_n2,2,126274
Fndsa512,verify_n2,2,195276
Fndsa512,verify_n2,2,164347
Fndsa512,verify_n2,2,134784
Fndsa512,verify_n2,2,131476
Fndsa512,verify_n2,2,129759
Fndsa512,verify_n2,2,129203
Fndsa512,verify_n2,2,128132
Fndsa512,verify_n2,2,127634
Fndsa512,verify_n2,2,127886
Fndsa512,verify_n2,2,128182
Fndsa512,verify_n2,2,127583
Fndsa512,verify_n2,2,126677
Fndsa512,verify_n2,2,134780
Fndsa512,verify_n2,2,188132
Fndsa512,verify_n2,2,129518
Fndsa512,verify_n2,2,127179
Fndsa512,verify_n2,2,126840
Fndsa512,verify_n2,2,126142
Fndsa512,verify_n2,2,127006
Fndsa512,verify_n2,2,126122
Fndsa512,verify_n2,2,124928
Fndsa512,verify_n2,2,125501
Fndsa512,verify_n2,2,126133
Fndsa512,verify_n2,2,126333
Fndsa512,verify_n2,2,125364
Fndsa512,verify_n2,2,126334
Fndsa512,verify_n2,2,134955
Fndsa512,verify_n2,2,128445
Fndsa512,verify_n2,2,127321
Fndsa512,verify_n2,2,124983
Fndsa512,verify_n2,2,146489
Fndsa512,verify_n2,2,129017
Fndsa512,verify_n2,2,127426
Fndsa512,verify_n2,2,126876
Fndsa512,verify_n2,2,125323
Fndsa512,verify_n2,2,126180
Fndsa512,verify_n2,2,126289
Fndsa512,verify_n2,2,125727
Fndsa512,verify_n2,2,126185
Fndsa512,verify_n2,2,126360
Fndsa512,verify_n2,2,126031
Fndsa512,verify_n2,2,126199
Fndsa512,verify_n2,2,134337
Fndsa512,verify_n2,2,129581
Fndsa512,verify_n2,2,185621
Fndsa512,verify_n2,2,142621
Fndsa512,verify_n2,2,133857
Fndsa512,verify_n2,2,130562
Fndsa512,verify_n2,2,127325
Fndsa512,verify_n2,2,127963
Fndsa512,verify_n2,2,127939
Fndsa512,verify_n2,2,188517
Fndsa512,verify_n2,2,128572
Fndsa512,verify_n2,2,126111
Fndsa512,verify_n2,2,125654
Fndsa512,verify_n2,2,126727
Fndsa512,verify_n2,2,126144
Fndsa512,verify_n2,2,126959
Fndsa512,verify_n2,2,125969
Fndsa512,authorize,2,10454
Fndsa512,authorize,2,10372
Fndsa512,authorize,2,10316
Fndsa512,authorize,2,11386
Fndsa512,authorize,2,9052
Fndsa512,authorize,2,9256
Fndsa512,authorize,2,9626
Fndsa512,authorize,2,9357
Fndsa512,authorize,2,9427
Fndsa512,authorize,2,9456
Fndsa512,authorize,2,9265
Fndsa512,authorize,2,9154
Fndsa512,authorize,2,9188
Fndsa512,authorize,2,9592
Fndsa512,authorize,2,9808
Fndsa512,authorize,2,9697
Fndsa512,authorize,2,9595
Fndsa512,authorize,2,9486
Fndsa512,authorize,2,9302
Fndsa512,authorize,2,9767
Fndsa512,authorize,2,9993
Fndsa512,authorize,2,47724
Fndsa512,authorize,2,20189
Fndsa512,authorize,2,11501
Fndsa512,authorize,2,10286
Fndsa512,authorize,2,9761
Fndsa512,authorize,2,10355
Fndsa512,authorize,2,9625
Fndsa512,authorize,2,10178
Fndsa512,authorize,2,9522
Fndsa512,authorize,2,9465
Fndsa512,authorize,2,9177
Fndsa512,authorize,2,9426
Fndsa512,authorize,2,9271
Fndsa512,authorize,2,9462
Fndsa512,authorize,2,9472
Fndsa512,authorize,2,9292
Fndsa512,authorize,2,9333
Fndsa512,authorize,2,9293
Fndsa512,authorize,2,9537
Fndsa512,authorize,2,9141
Fndsa512,authorize,2,9262
Fndsa512,authorize,2,51636
Fndsa512,authorize,2,20661
Fndsa512,authorize,2,12172
Fndsa512,authorize,2,10592
Fndsa512,authorize,2,10122
Fndsa512,authorize,2,10099
Fndsa512,authorize,2,10015
Fndsa512,authorize,2,9786
Fndsa512,authorize,2,9869
Fndsa512,authorize,2,9734
Fndsa512,authorize,2,9201
Fndsa512,authorize,2,10625
Fndsa512,authorize,2,9341
Fndsa512,authorize,2,9239
Fndsa512,authorize,2,9583
Fndsa512,authorize,2,9202
Fndsa512,authorize,2,9381
Fndsa512,authorize,2,9363
Fndsa512,authorize,2,9581
Fndsa512,authorize,2,9265
Fndsa512,authorize,2,9328
Fndsa512,authorize,2,9122
Fndsa512,authorize,2,9404
Fndsa512,authorize,2,8887
Fndsa512,authorize,2,9215
Fndsa512,authorize,2,9185
Fndsa512,authorize,2,9224
Fndsa512,authorize,2,9023
Fndsa512,authorize,2,9417
Fndsa512,authorize,2,9293
Fndsa512,authorize,2,9204
Fndsa512,authorize,2,9413
Fndsa512,authorize,2,9155
Fndsa512,authorize,2,9372
Fndsa512,authorize,2,9230
Fndsa512,authorize,2,9576
Fndsa512,authorize,2,9176
Fndsa512,authorize,2,9331
Fndsa512,authorize,2,9380
Fndsa512,authorize,2,9263
Fndsa512,authorize,2,9159
Fndsa512,authorize,2,9332
Fndsa512,authorize,2,9194
Fndsa512,authorize,2,9234
Fndsa512,authorize,2,9165
Fndsa512,authorize,2,9236
Fndsa512,authorize,2,9061
Fndsa512,authorize,2,9141
Fndsa512,authorize,2,9233
Fndsa512,authorize,2,9040
Fndsa512,authorize,2,9225
Fndsa512,authorize,2,9111
Fndsa512,authorize,2,9507
Fndsa512,authorize,2,8978
Fndsa512,authorize,2,9270
Fndsa512,authorize,2,9082
Fndsa512,authorize,2,9254
Fndsa512,authorize,2,9507
Fndsa512,authorize,2,9196
Fndsa1024,verify_chain,0,118534
Fndsa1024,verify_chain,0,118049
Fndsa1024,verify_chain,0,117208
Fndsa1024,verify_chain,0,118390
Fndsa1024,verify_chain,0,118321
Fndsa1024,verify_chain,0,118101
Fndsa1024,verify_chain,0,118124
Fndsa1024,verify_chain,0,115939
Fndsa1024,verify_chain,0,116588
Fndsa1024,verify_chain,0,117838
Fndsa1024,verify_chain,0,117073
Fndsa1024,verify_chain,0,118193
Fndsa1024,verify_chain,0,117080
Fndsa1024,verify_chain,0,125129
Fndsa1024,verify_chain,0,118469
Fndsa1024,verify_chain,0,117405
Fndsa1024,verify_chain,0,117198
Fndsa1024,verify_chain,0,115881
Fndsa1024,verify_chain,0,116834
Fndsa1024,verify_chain,0,115567
Fndsa1024,verify_chain,0,116323
Fndsa1024,verify_chain,0,155526
Fndsa1024,verify_chain,0,157673
Fndsa1024,verify_chain,0,127901
Fndsa1024,verify_chain,0,125034
Fndsa1024,verify_chain,0,120708
Fndsa1024,verify_chain,0,127352
Fndsa1024,verify_chain,0,119098
Fndsa1024,verify_chain,0,117749
Fndsa1024,verify_chain,0,176688
Fndsa1024,verify_chain,0,119151
Fndsa1024,verify_chain,0,126112
Fndsa1024,verify_chain,0,117448
Fndsa1024,verify_chain,0,117631
Fndsa1024,verify_chain,0,121968
Fndsa1024,verify_chain,0,118648
Fndsa1024,verify_chain,0,120135
Fndsa1024,verify_chain,0,114994
Fndsa1024,verify_chain,0,116752
Fndsa1024,verify_chain,0,117162
Fndsa1024,verify_chain,0,115916
Fndsa1024,verify_chain,0,116563
Fndsa1024,verify_chain,0,115744
Fndsa1024,verify_chain,0,123207
Fndsa1024,verify_chain,0,118599
Fndsa1024,verify_chain,0,121215
Fndsa1024,verify_chain,0,120860
Fndsa1024,verify_chain,0,121601
Fndsa1024,verify_chain,0,118410
Fndsa1024,verify_chain,0,132905
Fndsa1024,verify_chain,0,133872
Fndsa1024,verify_chain,0,177568
Fndsa1024,verify_chain,0,143067
Fndsa1024,verify_chain,0,125593
Fndsa1024,verify_chain,0,124285
Fndsa1024,verify_chain,0,122353
Fndsa1024,verify_chain,0,119966
Fndsa1024,verify_chain,0,119678
Fndsa1024,verify_chain,0,119132
Fndsa1024,verify_chain,0,118294
Fndsa1024,verify_chain,0,119339
Fndsa1024,verify_chain,0,119767
Fndsa1024,verify_chain,0,120389
Fndsa1024,verify_chain,0,118564
Fndsa1024,verify_chain,0,162164
Fndsa1024,verify_chain,0,119157
Fndsa1024,verify_chain,0,116190
Fndsa1024,verify_chain,0,115903
Fndsa1024,verify_chain,0,116667
Fndsa1024,verify_chain,0,122086
Fndsa1024,verify_chain,0,118131
Fndsa1024,verify_chain,0,117438
Fndsa1024,verify_chain,0,121162
Fndsa1024,verify_chain,0,116187
Fndsa1024,verify_chain,0,116663
Fndsa1024,verify_chain,0,116620
Fndsa1024,verify_chain,0,117861
Fndsa1024,verify_chain,0,116612
Fndsa1024,verify_chain,0,116367
Fndsa1024,verify_chain,0,126078
Fndsa1024,verify_chain,0,117566
Fndsa1024,verify_chain,0,117246
Fndsa1024,verify_chain,0,118145
Fndsa1024,verify_chain,0,120603
Fndsa1024,verify_chain,0,126195
Fndsa1024,verify_chain,0,118789
Fndsa1024,verify_chain,0,116871
Fndsa1024,verify_chain,0,117066
Fndsa1024,verify_chain,0,118645
Fndsa1024,verify_chain,0,116524
Fndsa1024,verify_chain,0,116955
Fndsa1024,verify_chain,0,115541
Fndsa1024,verify_chain,0,115600
Fndsa1024,verify_chain,0,117356
Fndsa1024,verify_chain,0,117604
Fndsa1024,verify_chain,0,117124
Fndsa1024,verify_chain,0,124425
Fndsa1024,verify_chain,0,115825
Fndsa1024,verify_chain,0,125762
Fndsa1024,verify_chain,0,116498
Fndsa1024,verify_chain,0,116062
Fndsa1024,verify_chain,1,185730
Fndsa1024,verify_chain,1,185026
Fndsa1024,verify_chain,1,180996
Fndsa1024,verify_chain,1,180386
Fndsa1024,verify_chain,1,181093
Fndsa1024,verify_chain,1,182088
Fndsa1024,verify_chain,1,184894
Fndsa1024,verify_chain,1,183796
Fndsa1024,verify_chain,1,183647
Fndsa1024,verify_chain,1,187271
Fndsa1024,verify_chain,1,195513
Fndsa1024,verify_chain,1,275938
Fndsa1024,verify_chain,1,228632
Fndsa1024,verify_chain,1,195766
Fndsa1024,verify_chain,1,191530
Fndsa1024,verify_chain,1,189779
Fndsa1024,verify_chain,1,187795
Fndsa1024,verify_chain,1,187063
Fndsa1024,verify_chain,1,258029
Fndsa1024,verify_chain,1,199611
Fndsa1024,verify_chain,1,194470
Fndsa1024,verify_chain,1,186332
Fndsa1024,verify_chain,1,188159
Fndsa1024,verify_chain,1,185035
Fndsa1024,verify_chain,1,184189
Fndsa1024,verify_chain,1,182712
Fndsa1024,verify_chain,1,183902
Fndsa1024,verify_chain,1,193123
Fndsa1024,verify_chain,1,183984
Fndsa1024,verify_chain,1,183041
Fndsa1024,verify_chain,1,182134
Fndsa1024,verify_chain,1,183533
Fndsa1024,verify_chain,1,196676
Fndsa1024,verify_chain,1,185141
Fndsa1024,verify_chain,1,182914
Fndsa1024,verify_chain,1,185127
Fndsa1024,verify_chain,1,200246
Fndsa1024,verify_chain,1,182623
Fndsa1024,verify_chain,1,190233
Fndsa1024,verify_chain,1,181745
Fndsa1024,verify_chain,1,179465
Fndsa1024,verify_chain,1,179917
Fndsa1024,verify_chain,1,179935
Fndsa1024,verify_chain,1,188406
Fndsa1024,verify_chain,1,185014
Fndsa1024,verify_chain,1,182072
Fndsa1024,verify_chain,1,179871
Fndsa1024,verify_chain,1,178419
Fndsa1024,verify_chain,1,190227
Fndsa1024,verify_chain,1,182772
Fndsa1024,verify_chain,1,179661
Fndsa1024,verify_chain,1,180903
Fndsa1024,verify_chain,1,180411
Fndsa1024,verify_chain,1,180316
Fndsa1024,verify_chain,1,186878
Fndsa1024,verify_chain,1,181307
Fndsa1024,verify_chain,1,180271
Fndsa1024,verify_chain,1,178951
Fndsa1024,verify_chain,1,178630
Fndsa1024,verify_chain,1,186760
Fndsa1024,verify_chain,1,181382
Fndsa1024,verify_chain,1,194553
Fndsa1024,verify_chain,1,181198
Fndsa1024,verify_chain,1,188108
Fndsa1024,verify_chain,1,182976
Fndsa1024,verify_chain,1,179715
Fndsa1024,verify_chain,1,179673
Fndsa1024,verify_chain,1,178454
Fndsa1024,verify_chain,1,186520
Fndsa1024,verify_chain,1,181739
Fndsa1024,verify_chain,1,189974
Fndsa1024,verify_chain,1,181874
Fndsa1024,verify_chain,1,180780
Fndsa1024,verify_chain,1,181015
Fndsa1024,verify_chain,1,180923
Fndsa1024,verify_chain,1,181542
Fndsa1024,verify_chain,1,181077
Fndsa1024,verify_chain,1,178635
Fndsa1024,verify_chain,1,186758
Fndsa1024,verify_chain,1,179306
Fndsa1024,verify_chain,1,180133
Fndsa1024,verify_chain,1,180269
Fndsa1024,verify_chain,1,181976
Fndsa1024,verify_chain,1,182441
Fndsa1024,verify_chain,1,181280
Fndsa1024,verify_chain,1,179712
Fndsa1024,verify_chain,1,180435
Fndsa1024,verify_chain,1,180772
Fndsa1024,verify_chain,1,188214
Fndsa1024,verify_chain,1,184289
Fndsa1024,verify_chain,1,181525
Fndsa1024,verify_chain,1,179503
Fndsa1024,verify_chain,1,179928
Fndsa1024,verify_chain,1,178828
Fndsa1024,verify_chain,1,177589
Fndsa1024,verify_chain,1,177930
Fndsa1024,verify_chain,1,181214
Fndsa1024,verify_chain,1,195843
Fndsa1024,verify_chain,1,189396
Fndsa1024,verify_chain,1,190274
Fndsa1024,verify_chain,1,188420
Fndsa1024,verify_chain,2,248593
Fndsa1024,verify_chain,2,248258
Fndsa1024,verify_chain,2,247209
Fndsa1024,verify_chain,2,258272
Fndsa1024,verify_chain,2,250285
Fndsa1024,verify_chain,2,258530
Fndsa1024,verify_chain,2,249604
Fndsa1024,verify_chain,2,246994
Fndsa1024,verify_chain,2,248879
Fndsa1024,verify_chain,2,251054
Fndsa1024,verify_chain,2,247627
Fndsa1024,verify_chain,2,255033
Fndsa1024,verify_chain,2,254258
Fndsa1024,verify_chain,2,249568
Fndsa1024,verify_chain,2,253437
Fndsa1024,verify_chain,2,250002
Fndsa1024,verify_chain,2,253868
Fndsa1024,verify_chain,2,250433
Fndsa1024,verify_chain,2,255412
Fndsa1024,verify_chain,2,249795
Fndsa1024,verify_chain,2,254567
Fndsa1024,verify_chain,2,249110
Fndsa1024,verify_chain,2,249142
Fndsa1024,verify_chain,2,254550
Fndsa1024,verify_chain,2,248627
Fndsa1024,verify_chain,2,248993
Fndsa1024,verify_chain,2,260452
Fndsa1024,verify_chain,2,252987
Fndsa1024,verify_chain,2,253329
Fndsa1024,verify_chain,2,252067
Fndsa1024,verify_chain,2,248363
Fndsa1024,verify_chain,2,248142
Fndsa1024,verify_chain,2,248383
Fndsa1024,verify_chain,2,252283
Fndsa1024,verify_chain,2,258733
Fndsa1024,verify_chain,2,269427
Fndsa1024,verify_chain,2,246001
Fndsa1024,verify_chain,2,244008
Fndsa1024,verify_chain,2,243255
Fndsa1024,verify_chain,2,248500
Fndsa1024,verify_chain,2,258140
Fndsa1024,verify_chain,2,258026
Fndsa1024,verify_chain,2,267592
Fndsa1024,verify_chain,2,258964
Fndsa1024,verify_chain,2,259756
Fndsa1024,verify_chain,2,253228
Fndsa1024,verify_chain,2,251486
Fndsa1024,verify_chain,2,264880
Fndsa1024,verify_chain,2,326873
Fndsa1024,verify_chain,2,268206
Fndsa1024,verify_chain,2,254844
Fndsa1024,verify_chain,2,254249
Fndsa1024,verify_chain,2,253007
Fndsa1024,verify_chain,2,250275
Fndsa1024,verify_chain,2,328712
Fndsa1024,verify_chain,2,311256
Fndsa1024,verify_chain,2,261978
Fndsa1024,verify_chain,2,260910
Fndsa1024,verify_chain,2,256387
Fndsa1024,verify_chain,2,275062
Fndsa1024,verify_chain,2,256339
Fndsa1024,verify_chain,2,270010
Fndsa1024,verify_chain,2,258912
Fndsa1024,verify_chain,2,254601
Fndsa1024,verify_chain,2,254373
Fndsa1024,verify_chain,2,256152
Fndsa1024,verify_chain,2,256345
Fndsa1024,verify_chain,2,261165
Fndsa1024,verify_chain,2,256034
Fndsa1024,verify_chain,2,263291
Fndsa1024,verify_chain,2,257071
Fndsa1024,verify_chain,2,254218
Fndsa1024,verify_chain,2,255700
Fndsa1024,verify_chain,2,253012
Fndsa1024,verify_chain,2,258554
Fndsa1024,verify_chain,2,253772
Fndsa1024,verify_chain,2,253798
Fndsa1024,verify_chain,2,262109
Fndsa1024,verify_chain,2,255195
Fndsa1024,verify_chain,2,253526
Fndsa1024,verify_chain,2,250931
Fndsa1024,verify_chain,2,254308
Fndsa1024,verify_chain,2,249938
Fndsa1024,verify_chain,2,260130
Fndsa1024,verify_chain,2,254323
Fndsa1024,verify_chain,2,250612
Fndsa1024,verify_chain,2,252962
Fndsa1024,verify_chain,2,253249
Fndsa1024,verify_chain,2,252216
Fndsa1024,verify_chain,2,251708
Fndsa1024,verify_chain,2,274776
Fndsa1024,verify_chain,2,262486
Fndsa1024,verify_chain,2,249847
Fndsa1024,verify_chain,2,254394
Fndsa1024,verify_chain,2,249453
Fndsa1024,verify_chain,2,251967
Fndsa1024,verify_chain,2,250986
Fndsa1024,verify_chain,2,247600
Fndsa1024,verify_chain,2,254859
Fndsa1024,verify_chain,2,249786
Fndsa1024,verify_chain,2,247687
Fndsa1024,verify_chain,5,468929
Fndsa1024,verify_chain,5,463479
Fndsa1024,verify_chain,5,453705
Fndsa1024,verify_chain,5,465780
Fndsa1024,verify_chain,5,458883
Fndsa1024,verify_chain,5,460088
Fndsa1024,verify_chain,5,458325
Fndsa1024,verify_chain,5,454843
Fndsa1024,verify_chain,5,464925
Fndsa1024,verify_chain,5,457395
Fndsa1024,verify_chain,5,466789
Fndsa1024,verify_chain,5,458537
Fndsa1024,verify_chain,5,466664
Fndsa1024,verify_chain,5,459541
Fndsa1024,verify_chain,5,459704
Fndsa1024,verify_chain,5,456123
Fndsa1024,verify_chain,5,463063
Fndsa1024,verify_chain,5,459487
Fndsa1024,verify_chain,5,455831
Fndsa1024,verify_chain,5,462415
Fndsa1024,verify_chain,5,462371
Fndsa1024,verify_chain,5,455591
Fndsa1024,verify_chain,5,450300
Fndsa1024,verify_chain,5,461785
Fndsa1024,verify_chain,5,464531
Fndsa1024,verify_chain,5,457830
Fndsa1024,verify_chain,5,453146
Fndsa1024,verify_chain,5,462860
Fndsa1024,verify_chain,5,474904
Fndsa1024,verify_chain,5,463609
Fndsa1024,verify_chain,5,459056
Fndsa1024,verify_chain,5,458357
Fndsa1024,verify_chain,5,466063
Fndsa1024,verify_chain,5,457075
Fndsa1024,verify_chain,5,457044
Fndsa1024,verify_chain,5,452372
Fndsa1024,verify_chain,5,464871
Fndsa1024,verify_chain,5,461571
Fndsa1024,verify_chain,5,450371
Fndsa1024,verify_chain,5,478334
Fndsa1024,verify_chain,5,466601
Fndsa1024,verify_chain,5,467780
Fndsa1024,verify_chain,5,457380
Fndsa1024,verify_chain,5,475963
Fndsa1024,verify_chain,5,463305
Fndsa1024,verify_chain,5,455571
Fndsa1024,verify_chain,5,453004
Fndsa1024,verify_chain,5,454233
Fndsa1024,verify_chain,5,467148
Fndsa1024,verify_chain,5,465455
Fndsa1024,verify_chain,5,454878
Fndsa1024,verify_chain,5,454480
Fndsa1024,verify_chain,5,462396
Fndsa1024,verify_chain,5,454017
Fndsa1024,verify_chain,5,453653
Fndsa1024,verify_chain,5,453250
Fndsa1024,verify_chain,5,454402
Fndsa1024,verify_chain,5,464672
Fndsa1024,verify_chain,5,461779
Fndsa1024,verify_chain,5,456819
Fndsa1024,verify_chain,5,454999
Fndsa1024,verify_chain,5,475000
Fndsa1024,verify_chain,5,450094
Fndsa1024,verify_chain,5,457362
Fndsa1024,verify_chain,5,458861
Fndsa1024,verify_chain,5,470867
Fndsa1024,verify_chain,5,462113
Fndsa1024,verify_chain,5,454639
Fndsa1024,verify_chain,5,468667
Fndsa1024,verify_chain,5,465797
Fndsa1024,verify_chain,5,463242
Fndsa1024,verify_chain,5,454242
Fndsa1024,verify_chain,5,453974
Fndsa1024,verify_chain,5,457131
Fndsa1024,verify_chain,5,466008
Fndsa1024,verify_chain,5,478441
Fndsa1024,verify_chain,5,460598
Fndsa1024,verify_chain,5,462959
Fndsa1024,verify_chain,5,460271
Fndsa1024,verify_chain,5,457319
Fndsa1024,verify_chain,5,453105
Fndsa1024,verify_chain,5,451781
Fndsa1024,verify_chain,5,463339
Fndsa1024,verify_chain,5,455478
Fndsa1024,verify_chain,5,459922
Fndsa1024,verify_chain,5,454150
Fndsa1024,verify_chain,5,461338
Fndsa1024,verify_chain,5,454517
Fndsa1024,verify_chain,5,460702
Fndsa1024,verify_chain,5,466407
Fndsa1024,verify_chain,5,457132
Fndsa1024,verify_chain,5,464716
Fndsa1024,verify_chain,5,461559
Fndsa1024,verify_chain,5,464930
Fndsa1024,verify_chain,5,463628
Fndsa1024,verify_chain,5,456815
Fndsa1024,verify_chain,5,454088
Fndsa1024,verify_chain,5,454999
Fndsa1024,verify_chain,5,459531
Fndsa1024,verify_chain,5,465803
Fndsa1024,verify_chain,5,462137
Fndsa1024,verify_chain,10,838076
Fndsa1024,verify_chain,10,792727
Fndsa1024,verify_chain,10,798174
Fndsa1024,verify_chain,10,812959
Fndsa1024,verify_chain,10,793480
Fndsa1024,verify_chain,10,785597
Fndsa1024,verify_chain,10,781027
Fndsa1024,verify_chain,10,788764
Fndsa1024,verify_chain,10,783683
Fndsa1024,verify_chain,10,786665
Fndsa1024,verify_chain,10,798070
Fndsa1024,verify_chain,10,791612
Fndsa1024,verify_chain,10,802958
Fndsa1024,verify_chain,10,785346
Fndsa1024,verify_chain,10,786067
Fndsa1024,verify_chain,10,778625
Fndsa1024,verify_chain,10,783768
Fndsa1024,verify_chain,10,798993
Fndsa1024,verify_chain,10,794469
Fndsa1024,verify_chain,10,833815
Fndsa1024,verify_chain,10,798112
Fndsa1024,verify_chain,10,836992
Fndsa1024,verify_chain,10,795784
Fndsa1024,verify_chain,10,806585
Fndsa1024,verify_chain,10,801491
Fndsa1024,verify_chain,10,792843
Fndsa1024,verify_chain,10,803833
Fndsa1024,verify_chain,10,794521
Fndsa1024,verify_chain,10,798768
Fndsa1024,verify_chain,10,802556
Fndsa1024,verify_chain,10,793041
Fndsa1024,verify_chain,10,786256
Fndsa1024,verify_chain,10,781132
Fndsa1024,verify_chain,10,775074
Fndsa1024,verify_chain,10,788927
Fndsa1024,verify_chain,10,778709
Fndsa1024,verify_chain,10,792653
Fndsa1024,verify_chain,10,777756
Fndsa1024,verify_chain,10,788621
Fndsa1024,verify_chain,10,788969
Fndsa1024,verify_chain,10,803093
Fndsa1024,verify_chain,10,803368
Fndsa1024,verify_chain,10,803688
Fndsa1024,verify_chain,10,802030
Fndsa1024,verify_chain,10,786755
Fndsa1024,verify_chain,10,778599
Fndsa1024,verify_chain,10,771676
Fndsa1024,verify_chain,10,781487
Fndsa1024,verify_chain,10,798019
Fndsa1024,verify_chain,10,799062
Fndsa1024,verify_chain,10,783759
Fndsa1024,verify_chain,10,791336
Fndsa1024,verify_chain,10,787828
Fndsa1024,verify_chain,10,783604
Fndsa1024,verify_chain,10,789491
Fndsa1024,verify_chain,10,775580
Fndsa1024,verify_chain,10,775572
Fndsa1024,verify_chain,10,784502
Fndsa1024,verify_chain,10,785588
Fndsa1024,verify_chain,10,783433
Fndsa1024,verify_chain,10,782282
Fndsa1024,verify_chain,10,785616
Fndsa1024,verify_chain,10,805493
Fndsa1024,verify_chain,10,784914
Fndsa1024,verify_chain,10,781844
Fndsa1024,verify_chain,10,786647
Fndsa1024,verify_chain,10,781321
Fndsa1024,verify_chain,10,776221
Fndsa1024,verify_chain,10,772592
Fndsa1024,verify_chain,10,785821
Fndsa1024,verify_chain,10,795389
Fndsa1024,verify_chain,10,797197
Fndsa1024,verify_chain,10,804555
Fndsa1024,verify_chain,10,782521
Fndsa1024,verify_chain,10,787230
Fndsa1024,verify_chain,10,769099
Fndsa1024,verify_chain,10,794130
Fndsa1024,verify_chain,10,781000
Fndsa1024,verify_chain,10,772985
Fndsa1024,verify_chain,10,787186
Fndsa1024,verify_chain,10,769519
Fndsa1024,verify_chain,10,782769
Fndsa1024,verify_chain,10,785386
Fndsa1024,verify_chain,10,799548
Fndsa1024,verify_chain,10,795475
Fndsa1024,verify_chain,10,787957
Fndsa1024,verify_chain,10,777115
Fndsa1024,verify_chain,10,791186
Fndsa1024,verify_chain,10,789089
Fndsa1024,verify_chain,10,821276
Fndsa1024,verify_chain,10,789486
Fndsa1024,verify_chain,10,772682
Fndsa1024,verify_chain,10,777373
Fndsa1024,verify_chain,10,787228
Fndsa1024,verify_chain,10,798926
Fndsa1024,verify_chain,10,775668
Fndsa1024,verify_chain,10,779073
Fndsa1024,verify_chain,10,775511
Fndsa1024,verify_chain,10,794456
Fndsa1024,verify_chain,10,787969
Fndsa1024,verify_chain,10,778283
Fndsa1024,authority_build,2,15372249
Fndsa1024,authority_build,2,13212381
Fndsa1024,authority_build,2,15142284
Fndsa1024,authority_build,2,13194936
Fndsa1024,authority_build,2,11997629
Fndsa1024,authority_build,2,38676202
Fndsa1024,authority_build,2,13384106
Fndsa1024,authority_build,2,15848848
Fndsa1024,authority_build,2,16020318
Fndsa1024,authority_build,2,12595083
Fndsa1024,authority_build,2,12915064
Fndsa1024,authority_build,2,15431962
Fndsa1024,authority_build,2,14204870
Fndsa1024,authority_build,2,18006308
Fndsa1024,authority_build,2,13628210
Fndsa1024,authority_build,2,12235128
Fndsa1024,authority_build,2,12251290
Fndsa1024,authority_build,2,11146163
Fndsa1024,authority_build,2,14287398
Fndsa1024,authority_build,2,13603461
Fndsa1024,authority_build,2,13300354
Fndsa1024,authority_build,2,12111695
Fndsa1024,authority_build,2,19644385
Fndsa1024,authority_build,2,14593510
Fndsa1024,authority_build,2,14618285
Fndsa1024,authority_build,2,13210392
Fndsa1024,authority_build,2,11039634
Fndsa1024,authority_build,2,13492101
Fndsa1024,authority_build,2,11418953
Fndsa1024,authority_build,2,23625186
Fndsa1024,authority_build,2,14361838
Fndsa1024,authority_build,2,12034329
Fndsa1024,authority_build,2,22535414
Fndsa1024,authority_build,2,11949318
Fndsa1024,authority_build,2,26544118
Fndsa1024,authority_build,2,12011956
Fndsa1024,authority_build,2,11935225
Fndsa1024,authority_build,2,11940966
Fndsa1024,authority_build,2,10883524
Fndsa1024,authority_build,2,13068221
Fndsa1024,authority_build,2,11167314
Fndsa1024,authority_build,2,11981036
Fndsa1024,authority_build,2,16554514
Fndsa1024,authority_build,2,11839685
Fndsa1024,authority_build,2,15126184
Fndsa1024,authority_build,2,24192217
Fndsa1024,authority_build,2,32089929
Fndsa1024,authority_build,2,12804425
Fndsa1024,authority_build,2,11950986
Fndsa1024,authority_build,2,12933386
Fndsa1024,authority_build,2,17167789
Fndsa1024,authority_build,2,11476743
Fndsa1024,authority_build,2,11996260
Fndsa1024,authority_build,2,22228984
Fndsa1024,authority_build,2,12099040
Fndsa1024,authority_build,2,10841398
Fndsa1024,authority_build,2,17212901
Fndsa1024,authority_build,2,10972952
Fndsa1024,authority_build,2,19447816
Fndsa1024,authority_build,2,15583860
Fndsa1024,authority_build,2,15770832
Fndsa1024,authority_build,2,13087089
Fndsa1024,authority_build,2,12255257
Fndsa1024,authority_build,2,25109784
Fndsa1024,authority_build,2,12073705
Fndsa1024,authority_build,2,11920254
Fndsa1024,authority_build,2,11559679
Fndsa1024,authority_build,2,11357796
Fndsa1024,authority_build,2,23564331
Fndsa1024,authority_build,2,18841678
Fndsa1024,authority_build,2,23199637
Fndsa1024,authority_build,2,11572160
Fndsa1024,authority_build,2,10922597
Fndsa1024,authority_build,2,21768362
Fndsa1024,authority_build,2,23382306
Fndsa1024,authority_build,2,16323147
Fndsa1024,authority_build,2,12281378
Fndsa1024,authority_build,2,11696154
Fndsa1024,authority_build,2,10761130
Fndsa1024,authority_build,2,12541719
Fndsa1024,authority_build,2,11371797
Fndsa1024,authority_build,2,16439043
Fndsa1024,authority_build,2,14187644
Fndsa1024,authority_build,2,21887201
Fndsa1024,authority_build,2,20074996
Fndsa1024,authority_build,2,19267912
Fndsa1024,authority_build,2,11526373
Fndsa1024,authority_build,2,28648602
Fndsa1024,authority_build,2,10796211
Fndsa1024,authority_build,2,11379354
Fndsa1024,authority_build,2,11918667
Fndsa1024,authority_build,2,14373185
Fndsa1024,authority_build,2,33052716
Fndsa1024,authority_build,2,14479074
Fndsa1024,authority_build,2,41472782
Fndsa1024,authority_build,2,11702047
Fndsa1024,authority_build,2,13631727
Fndsa1024,authority_build,2,16423830
Fndsa1024,authority_build,2,11389321
Fndsa1024,authority_build,2,19810463
Fndsa1024,authority_build,2,15553377
Fndsa1024,append_hop,2,11330997
Fndsa1024,append_hop,2,14891456
Fndsa1024,append_hop,2,17636458
Fndsa1024,append_hop,2,16281286
Fndsa1024,append_hop,2,11286628
Fndsa1024,append_hop,2,17268144
Fndsa1024,append_hop,2,19284123
Fndsa1024,append_hop,2,16729151
Fndsa1024,append_hop,2,10563155
Fndsa1024,append_hop,2,10549887
Fndsa1024,append_hop,2,10519490
Fndsa1024,append_hop,2,10557749
Fndsa1024,append_hop,2,16267932
Fndsa1024,append_hop,2,11390012
Fndsa1024,append_hop,2,19593425
Fndsa1024,append_hop,2,14191863
Fndsa1024,append_hop,2,21363335
Fndsa1024,append_hop,2,15164390
Fndsa1024,append_hop,2,11033310
Fndsa1024,append_hop,2,24842342
Fndsa1024,append_hop,2,13374389
Fndsa1024,append_hop,2,13629894
Fndsa1024,append_hop,2,22565334
Fndsa1024,append_hop,2,12829614
Fndsa1024,append_hop,2,10884895
Fndsa1024,append_hop,2,11564784
Fndsa1024,append_hop,2,15780056
Fndsa1024,append_hop,2,15558670
Fndsa1024,append_hop,2,14280625
Fndsa1024,append_hop,2,11118872
Fndsa1024,append_hop,2,11449829
Fndsa1024,append_hop,2,12489335
Fndsa1024,append_hop,2,22297662
Fndsa1024,append_hop,2,14275240
Fndsa1024,append_hop,2,15101936
Fndsa1024,append_hop,2,21843617
Fndsa1024,append_hop,2,10888383
Fndsa1024,append_hop,2,12467440
Fndsa1024,append_hop,2,13520888
Fndsa1024,append_hop,2,12517231
Fndsa1024,append_hop,2,10585774
Fndsa1024,append_hop,2,11617523
Fndsa1024,append_hop,2,11105946
Fndsa1024,append_hop,2,14291864
Fndsa1024,append_hop,2,11891398
Fndsa1024,append_hop,2,16006102
Fndsa1024,append_hop,2,14064734
Fndsa1024,append_hop,2,10988344
Fndsa1024,append_hop,2,13166193
Fndsa1024,append_hop,2,10760695
Fndsa1024,append_hop,2,11370122
Fndsa1024,append_hop,2,10951606
Fndsa1024,append_hop,2,12194750
Fndsa1024,append_hop,2,24906245
Fndsa1024,append_hop,2,10858174
Fndsa1024,append_hop,2,12762508
Fndsa1024,append_hop,2,10684800
Fndsa1024,append_hop,2,14559363
Fndsa1024,append_hop,2,20020701
Fndsa1024,append_hop,2,22144067
Fndsa1024,append_hop,2,16025272
Fndsa1024,append_hop,2,10866337
Fndsa1024,append_hop,2,10901813
Fndsa1024,append_hop,2,12480289
Fndsa1024,append_hop,2,12551436
Fndsa1024,append_hop,2,11078574
Fndsa1024,append_hop,2,15433627
Fndsa1024,append_hop,2,11317712
Fndsa1024,append_hop,2,10976922
Fndsa1024,append_hop,2,11818188
Fndsa1024,append_hop,2,22809138
Fndsa1024,append_hop,2,12890712
Fndsa1024,append_hop,2,11541532
Fndsa1024,append_hop,2,13934950
Fndsa1024,append_hop,2,20034306
Fndsa1024,append_hop,2,12659961
Fndsa1024,append_hop,2,13069736
Fndsa1024,append_hop,2,12572966
Fndsa1024,append_hop,2,11071511
Fndsa1024,append_hop,2,18324425
Fndsa1024,append_hop,2,10789417
Fndsa1024,append_hop,2,12704045
Fndsa1024,append_hop,2,12813517
Fndsa1024,append_hop,2,13609975
Fndsa1024,append_hop,2,11957005
Fndsa1024,append_hop,2,11268954
Fndsa1024,append_hop,2,12244297
Fndsa1024,append_hop,2,12261986
Fndsa1024,append_hop,2,13202470
Fndsa1024,append_hop,2,15682171
Fndsa1024,append_hop,2,10947264
Fndsa1024,append_hop,2,13438383
Fndsa1024,append_hop,2,13579076
Fndsa1024,append_hop,2,11881118
Fndsa1024,append_hop,2,14282143
Fndsa1024,append_hop,2,10628744
Fndsa1024,append_hop,2,11729117
Fndsa1024,append_hop,2,10570120
Fndsa1024,append_hop,2,19715013
Fndsa1024,append_hop,2,11131926
Fndsa1024,append_hop,2,10876186
Fndsa1024,seal,2,285078
Fndsa1024,seal,2,290361
Fndsa1024,seal,2,290217
Fndsa1024,seal,2,291614
Fndsa1024,seal,2,281579
Fndsa1024,seal,2,291130
Fndsa1024,seal,2,288986
Fndsa1024,seal,2,283714
Fndsa1024,seal,2,289361
Fndsa1024,seal,2,282242
Fndsa1024,seal,2,292621
Fndsa1024,seal,2,303274
Fndsa1024,seal,2,297352
Fndsa1024,seal,2,297825
Fndsa1024,seal,2,284090
Fndsa1024,seal,2,296479
Fndsa1024,seal,2,301343
Fndsa1024,seal,2,304014
Fndsa1024,seal,2,316876
Fndsa1024,seal,2,297679
Fndsa1024,seal,2,290890
Fndsa1024,seal,2,291937
Fndsa1024,seal,2,310115
Fndsa1024,seal,2,292002
Fndsa1024,seal,2,307317
Fndsa1024,seal,2,289450
Fndsa1024,seal,2,311407
Fndsa1024,seal,2,323181
Fndsa1024,seal,2,297261
Fndsa1024,seal,2,296402
Fndsa1024,seal,2,304386
Fndsa1024,seal,2,304573
Fndsa1024,seal,2,294697
Fndsa1024,seal,2,310392
Fndsa1024,seal,2,291868
Fndsa1024,seal,2,294421
Fndsa1024,seal,2,306084
Fndsa1024,seal,2,301619
Fndsa1024,seal,2,297031
Fndsa1024,seal,2,297877
Fndsa1024,seal,2,292260
Fndsa1024,seal,2,303579
Fndsa1024,seal,2,292678
Fndsa1024,seal,2,296552
Fndsa1024,seal,2,291849
Fndsa1024,seal,2,297735
Fndsa1024,seal,2,292961
Fndsa1024,seal,2,304306
Fndsa1024,seal,2,295916
Fndsa1024,seal,2,300721
Fndsa1024,seal,2,295839
Fndsa1024,seal,2,302653
Fndsa1024,seal,2,295580
Fndsa1024,seal,2,295965
Fndsa1024,seal,2,316789
Fndsa1024,seal,2,298069
Fndsa1024,seal,2,293774
Fndsa1024,seal,2,290113
Fndsa1024,seal,2,295444
Fndsa1024,seal,2,294862
Fndsa1024,seal,2,300934
Fndsa1024,seal,2,294014
Fndsa1024,seal,2,294389
Fndsa1024,seal,2,293457
Fndsa1024,seal,2,300873
Fndsa1024,seal,2,297934
Fndsa1024,seal,2,307345
Fndsa1024,seal,2,302918
Fndsa1024,seal,2,308980
Fndsa1024,seal,2,291840
Fndsa1024,seal,2,307120
Fndsa1024,seal,2,291671
Fndsa1024,seal,2,318111
Fndsa1024,seal,2,303105
Fndsa1024,seal,2,291387
Fndsa1024,seal,2,293501
Fndsa1024,seal,2,294289
Fndsa1024,seal,2,295761
Fndsa1024,seal,2,303383
Fndsa1024,seal,2,304022
Fndsa1024,seal,2,292483
Fndsa1024,seal,2,297688
Fndsa1024,seal,2,308054
Fndsa1024,seal,2,298145
Fndsa1024,seal,2,296368
Fndsa1024,seal,2,304257
Fndsa1024,seal,2,297710
Fndsa1024,seal,2,296378
Fndsa1024,seal,2,292486
Fndsa1024,seal,2,293328
Fndsa1024,seal,2,291457
Fndsa1024,seal,2,299520
Fndsa1024,seal,2,301838
Fndsa1024,seal,2,294994
Fndsa1024,seal,2,292785
Fndsa1024,seal,2,294242
Fndsa1024,seal,2,294862
Fndsa1024,seal,2,297162
Fndsa1024,seal,2,295682
Fndsa1024,seal,2,301333
Fndsa1024,seal,2,291757
Fndsa1024,verify_n2,2,257091
Fndsa1024,verify_n2,2,257980
Fndsa1024,verify_n2,2,252780
Fndsa1024,verify_n2,2,249734
Fndsa1024,verify_n2,2,253535
Fndsa1024,verify_n2,2,248448
Fndsa1024,verify_n2,2,248727
Fndsa1024,verify_n2,2,247424
Fndsa1024,verify_n2,2,248785
Fndsa1024,verify_n2,2,257494
Fndsa1024,verify_n2,2,251634
Fndsa1024,verify_n2,2,247549
Fndsa1024,verify_n2,2,248018
Fndsa1024,verify_n2,2,248589
Fndsa1024,verify_n2,2,248538
Fndsa1024,verify_n2,2,249277
Fndsa1024,verify_n2,2,288427
Fndsa1024,verify_n2,2,256335
Fndsa1024,verify_n2,2,248613
Fndsa1024,verify_n2,2,245005
Fndsa1024,verify_n2,2,255553
Fndsa1024,verify_n2,2,254011
Fndsa1024,verify_n2,2,247393
Fndsa1024,verify_n2,2,248671
Fndsa1024,verify_n2,2,255340
Fndsa1024,verify_n2,2,248913
Fndsa1024,verify_n2,2,245744
Fndsa1024,verify_n2,2,246963
Fndsa1024,verify_n2,2,248113
Fndsa1024,verify_n2,2,247148
Fndsa1024,verify_n2,2,246647
Fndsa1024,verify_n2,2,244131
Fndsa1024,verify_n2,2,262298
Fndsa1024,verify_n2,2,250843
Fndsa1024,verify_n2,2,260889
Fndsa1024,verify_n2,2,250062
Fndsa1024,verify_n2,2,247825
Fndsa1024,verify_n2,2,257772
Fndsa1024,verify_n2,2,253369
Fndsa1024,verify_n2,2,249729
Fndsa1024,verify_n2,2,245573
Fndsa1024,verify_n2,2,244472
Fndsa1024,verify_n2,2,247831
Fndsa1024,verify_n2,2,246201
Fndsa1024,verify_n2,2,249052
Fndsa1024,verify_n2,2,252981
Fndsa1024,verify_n2,2,250172
Fndsa1024,verify_n2,2,245455
Fndsa1024,verify_n2,2,253594
Fndsa1024,verify_n2,2,247716
Fndsa1024,verify_n2,2,246049
Fndsa1024,verify_n2,2,245432
Fndsa1024,verify_n2,2,248147
Fndsa1024,verify_n2,2,245980
Fndsa1024,verify_n2,2,250712
Fndsa1024,verify_n2,2,244955
Fndsa1024,verify_n2,2,239909
Fndsa1024,verify_n2,2,241059
Fndsa1024,verify_n2,2,241912
Fndsa1024,verify_n2,2,247577
Fndsa1024,verify_n2,2,243686
Fndsa1024,verify_n2,2,241981
Fndsa1024,verify_n2,2,239832
Fndsa1024,verify_n2,2,239678
Fndsa1024,verify_n2,2,247766
Fndsa1024,verify_n2,2,241240
Fndsa1024,verify_n2,2,244685
Fndsa1024,verify_n2,2,250035
Fndsa1024,verify_n2,2,243090
Fndsa1024,verify_n2,2,241204
Fndsa1024,verify_n2,2,244619
Fndsa1024,verify_n2,2,246920
Fndsa1024,verify_n2,2,245202
Fndsa1024,verify_n2,2,242978
Fndsa1024,verify_n2,2,242938
Fndsa1024,verify_n2,2,240918
Fndsa1024,verify_n2,2,248344
Fndsa1024,verify_n2,2,243957
Fndsa1024,verify_n2,2,242686
Fndsa1024,verify_n2,2,241674
Fndsa1024,verify_n2,2,250827
Fndsa1024,verify_n2,2,339049
Fndsa1024,verify_n2,2,263252
Fndsa1024,verify_n2,2,253238
Fndsa1024,verify_n2,2,250698
Fndsa1024,verify_n2,2,250368
Fndsa1024,verify_n2,2,251549
Fndsa1024,verify_n2,2,313178
Fndsa1024,verify_n2,2,269966
Fndsa1024,verify_n2,2,252862
Fndsa1024,verify_n2,2,247974
Fndsa1024,verify_n2,2,245409
Fndsa1024,verify_n2,2,244379
Fndsa1024,verify_n2,2,244648
Fndsa1024,verify_n2,2,255471
Fndsa1024,verify_n2,2,247147
Fndsa1024,verify_n2,2,263890
Fndsa1024,verify_n2,2,246641
Fndsa1024,verify_n2,2,247372
Fndsa1024,verify_n2,2,244473
Fndsa1024,verify_n2,2,245032
Fndsa1024,authorize,2,10083
Fndsa1024,authorize,2,9542
Fndsa1024,authorize,2,9342
Fndsa1024,authorize,2,9197
Fndsa1024,authorize,2,9096
Fndsa1024,authorize,2,9050
Fndsa1024,authorize,2,9171
Fndsa1024,authorize,2,8998
Fndsa1024,authorize,2,9207
Fndsa1024,authorize,2,8874
Fndsa1024,authorize,2,9826
Fndsa1024,authorize,2,8105
Fndsa1024,authorize,2,8052
Fndsa1024,authorize,2,8129
Fndsa1024,authorize,2,8038
Fndsa1024,authorize,2,7991
Fndsa1024,authorize,2,8023
Fndsa1024,authorize,2,8336
Fndsa1024,authorize,2,8358
Fndsa1024,authorize,2,8442
Fndsa1024,authorize,2,8271
Fndsa1024,authorize,2,8295
Fndsa1024,authorize,2,8370
Fndsa1024,authorize,2,8128
Fndsa1024,authorize,2,8376
Fndsa1024,authorize,2,7887
Fndsa1024,authorize,2,8114
Fndsa1024,authorize,2,8008
Fndsa1024,authorize,2,8092
Fndsa1024,authorize,2,8226
Fndsa1024,authorize,2,8389
Fndsa1024,authorize,2,8408
Fndsa1024,authorize,2,8233
Fndsa1024,authorize,2,8218
Fndsa1024,authorize,2,8228
Fndsa1024,authorize,2,8308
Fndsa1024,authorize,2,8379
Fndsa1024,authorize,2,8375
Fndsa1024,authorize,2,8151
Fndsa1024,authorize,2,8556
Fndsa1024,authorize,2,8333
Fndsa1024,authorize,2,8436
Fndsa1024,authorize,2,8293
Fndsa1024,authorize,2,8231
Fndsa1024,authorize,2,8399
Fndsa1024,authorize,2,8336
Fndsa1024,authorize,2,8325
Fndsa1024,authorize,2,8244
Fndsa1024,authorize,2,8289
Fndsa1024,authorize,2,8265
Fndsa1024,authorize,2,8248
Fndsa1024,authorize,2,8216
Fndsa1024,authorize,2,8084
Fndsa1024,authorize,2,8363
Fndsa1024,authorize,2,8549
Fndsa1024,authorize,2,8582
Fndsa1024,authorize,2,8586
Fndsa1024,authorize,2,8173
Fndsa1024,authorize,2,8485
Fndsa1024,authorize,2,8391
Fndsa1024,authorize,2,8333
Fndsa1024,authorize,2,8364
Fndsa1024,authorize,2,8414
Fndsa1024,authorize,2,8327
Fndsa1024,authorize,2,8382
Fndsa1024,authorize,2,8378
Fndsa1024,authorize,2,8462
Fndsa1024,authorize,2,8290
Fndsa1024,authorize,2,8469
Fndsa1024,authorize,2,8153
Fndsa1024,authorize,2,8512
Fndsa1024,authorize,2,8250
Fndsa1024,authorize,2,8259
Fndsa1024,authorize,2,8197
Fndsa1024,authorize,2,8513
Fndsa1024,authorize,2,8321
Fndsa1024,authorize,2,8264
Fndsa1024,authorize,2,8284
Fndsa1024,authorize,2,8527
Fndsa1024,authorize,2,8377
Fndsa1024,authorize,2,8669
Fndsa1024,authorize,2,8439
Fndsa1024,authorize,2,8377
Fndsa1024,authorize,2,8169
Fndsa1024,authorize,2,8279
Fndsa1024,authorize,2,8482
Fndsa1024,authorize,2,8445
Fndsa1024,authorize,2,8349
Fndsa1024,authorize,2,8256
Fndsa1024,authorize,2,8160
Fndsa1024,authorize,2,8170
Fndsa1024,authorize,2,8251
Fndsa1024,authorize,2,8283
Fndsa1024,authorize,2,8085
Fndsa1024,authorize,2,8148
Fndsa1024,authorize,2,8318
Fndsa1024,authorize,2,8354
Fndsa1024,authorize,2,8142
Fndsa1024,authorize,2,8499
Fndsa1024,authorize,2,8290
Fndsa1024,authorize,2,8425
HybridEdMldsa44,verify_chain,0,141809
HybridEdMldsa44,verify_chain,0,145637
HybridEdMldsa44,verify_chain,0,137850
HybridEdMldsa44,verify_chain,0,132625
HybridEdMldsa44,verify_chain,0,133934
HybridEdMldsa44,verify_chain,0,136414
HybridEdMldsa44,verify_chain,0,132572
HybridEdMldsa44,verify_chain,0,132050
HybridEdMldsa44,verify_chain,0,132922
HybridEdMldsa44,verify_chain,0,133361
HybridEdMldsa44,verify_chain,0,132946
HybridEdMldsa44,verify_chain,0,133844
HybridEdMldsa44,verify_chain,0,139541
HybridEdMldsa44,verify_chain,0,137673
HybridEdMldsa44,verify_chain,0,132510
HybridEdMldsa44,verify_chain,0,132695
HybridEdMldsa44,verify_chain,0,133631
HybridEdMldsa44,verify_chain,0,131863
HybridEdMldsa44,verify_chain,0,133584
HybridEdMldsa44,verify_chain,0,133379
HybridEdMldsa44,verify_chain,0,132115
HybridEdMldsa44,verify_chain,0,133514
HybridEdMldsa44,verify_chain,0,134774
HybridEdMldsa44,verify_chain,0,142277
HybridEdMldsa44,verify_chain,0,134431
HybridEdMldsa44,verify_chain,0,139862
HybridEdMldsa44,verify_chain,0,136913
HybridEdMldsa44,verify_chain,0,132497
HybridEdMldsa44,verify_chain,0,133074
HybridEdMldsa44,verify_chain,0,231481
HybridEdMldsa44,verify_chain,0,140674
HybridEdMldsa44,verify_chain,0,135940
HybridEdMldsa44,verify_chain,0,132448
HybridEdMldsa44,verify_chain,0,132333
HybridEdMldsa44,verify_chain,0,132292
HybridEdMldsa44,verify_chain,0,246791
HybridEdMldsa44,verify_chain,0,150269
HybridEdMldsa44,verify_chain,0,133417
HybridEdMldsa44,verify_chain,0,132894
HybridEdMldsa44,verify_chain,0,132538
HybridEdMldsa44,verify_chain,0,132038
HybridEdMldsa44,verify_chain,0,131405
HybridEdMldsa44,verify_chain,0,132096
HybridEdMldsa44,verify_chain,0,132200
HybridEdMldsa44,verify_chain,0,131922
HybridEdMldsa44,verify_chain,0,132030
HybridEdMldsa44,verify_chain,0,132124
HybridEdMldsa44,verify_chain,0,142809
HybridEdMldsa44,verify_chain,0,133680
HybridEdMldsa44,verify_chain,0,133879
HybridEdMldsa44,verify_chain,0,132102
HybridEdMldsa44,verify_chain,0,156701
HybridEdMldsa44,verify_chain,0,140898
HybridEdMldsa44,verify_chain,0,154504
HybridEdMldsa44,verify_chain,0,139068
HybridEdMldsa44,verify_chain,0,133910
HybridEdMldsa44,verify_chain,0,281852
HybridEdMldsa44,verify_chain,0,192394
HybridEdMldsa44,verify_chain,0,136042
HybridEdMldsa44,verify_chain,0,133591
HybridEdMldsa44,verify_chain,0,131685
HybridEdMldsa44,verify_chain,0,132734
HybridEdMldsa44,verify_chain,0,149139
HybridEdMldsa44,verify_chain,0,137531
HybridEdMldsa44,verify_chain,0,134822
HybridEdMldsa44,verify_chain,0,253596
HybridEdMldsa44,verify_chain,0,138496
HybridEdMldsa44,verify_chain,0,203424
HybridEdMldsa44,verify_chain,0,147273
HybridEdMldsa44,verify_chain,0,132946
HybridEdMldsa44,verify_chain,0,131532
HybridEdMldsa44,verify_chain,0,131573
HybridEdMldsa44,verify_chain,0,132752
HybridEdMldsa44,verify_chain,0,131331
HybridEdMldsa44,verify_chain,0,132185
HybridEdMldsa44,verify_chain,0,132230
HybridEdMldsa44,verify_chain,0,132175
HybridEdMldsa44,verify_chain,0,180595
HybridEdMldsa44,verify_chain,0,136021
HybridEdMldsa44,verify_chain,0,140628
HybridEdMldsa44,verify_chain,0,137654
HybridEdMldsa44,verify_chain,0,132647
HybridEdMldsa44,verify_chain,0,132670
HybridEdMldsa44,verify_chain,0,133415
HybridEdMldsa44,verify_chain,0,131419
HybridEdMldsa44,verify_chain,0,131319
HybridEdMldsa44,verify_chain,0,131004
HybridEdMldsa44,verify_chain,0,139973
HybridEdMldsa44,verify_chain,0,135531
HybridEdMldsa44,verify_chain,0,132121
HybridEdMldsa44,verify_chain,0,132250
HybridEdMldsa44,verify_chain,0,132576
HybridEdMldsa44,verify_chain,0,133291
HybridEdMldsa44,verify_chain,0,132203
HybridEdMldsa44,verify_chain,0,139353
HybridEdMldsa44,verify_chain,0,136864
HybridEdMldsa44,verify_chain,0,132528
HybridEdMldsa44,verify_chain,0,133196
HybridEdMldsa44,verify_chain,0,132697
HybridEdMldsa44,verify_chain,0,132319
HybridEdMldsa44,verify_chain,0,131897
HybridEdMldsa44,verify_chain,1,204426
HybridEdMldsa44,verify_chain,1,198197
HybridEdMldsa44,verify_chain,1,199014
HybridEdMldsa44,verify_chain,1,200404
HybridEdMldsa44,verify_chain,1,201786
HybridEdMldsa44,verify_chain,1,200806
HybridEdMldsa44,verify_chain,1,222232
HybridEdMldsa44,verify_chain,1,213477
HybridEdMldsa44,verify_chain,1,199855
HybridEdMldsa44,verify_chain,1,198804
HybridEdMldsa44,verify_chain,1,200471
HybridEdMldsa44,verify_chain,1,199914
HybridEdMldsa44,verify_chain,1,199457
HybridEdMldsa44,verify_chain,1,200737
HybridEdMldsa44,verify_chain,1,200012
HybridEdMldsa44,verify_chain,1,208059
HybridEdMldsa44,verify_chain,1,201966
HybridEdMldsa44,verify_chain,1,200040
HybridEdMldsa44,verify_chain,1,199052
HybridEdMldsa44,verify_chain,1,198332
HybridEdMldsa44,verify_chain,1,199941
HybridEdMldsa44,verify_chain,1,201922
HybridEdMldsa44,verify_chain,1,200729
HybridEdMldsa44,verify_chain,1,199167
HybridEdMldsa44,verify_chain,1,209941
HybridEdMldsa44,verify_chain,1,201762
HybridEdMldsa44,verify_chain,1,206497
HybridEdMldsa44,verify_chain,1,200272
HybridEdMldsa44,verify_chain,1,200957
HybridEdMldsa44,verify_chain,1,203582
HybridEdMldsa44,verify_chain,1,231955
HybridEdMldsa44,verify_chain,1,236888
HybridEdMldsa44,verify_chain,1,223763
HybridEdMldsa44,verify_chain,1,207018
HybridEdMldsa44,verify_chain,1,207796
HybridEdMldsa44,verify_chain,1,207921
HybridEdMldsa44,verify_chain,1,207319
HybridEdMldsa44,verify_chain,1,232413
HybridEdMldsa44,verify_chain,1,212730
HybridEdMldsa44,verify_chain,1,204275
HybridEdMldsa44,verify_chain,1,205047
HybridEdMldsa44,verify_chain,1,200446
HybridEdMldsa44,verify_chain,1,199694
HybridEdMldsa44,verify_chain,1,198683
HybridEdMldsa44,verify_chain,1,199065
HybridEdMldsa44,verify_chain,1,218184
HybridEdMldsa44,verify_chain,1,214404
HybridEdMldsa44,verify_chain,1,200753
HybridEdMldsa44,verify_chain,1,210102
HybridEdMldsa44,verify_chain,1,203332
HybridEdMldsa44,verify_chain,1,199894
HybridEdMldsa44,verify_chain,1,199513
HybridEdMldsa44,verify_chain,1,200389
HybridEdMldsa44,verify_chain,1,199235
HybridEdMldsa44,verify_chain,1,210826
HybridEdMldsa44,verify_chain,1,201983
HybridEdMldsa44,verify_chain,1,200371
HybridEdMldsa44,verify_chain,1,204011
HybridEdMldsa44,verify_chain,1,202045
HybridEdMldsa44,verify_chain,1,200907
HybridEdMldsa44,verify_chain,1,198326
HybridEdMldsa44,verify_chain,1,203177
HybridEdMldsa44,verify_chain,1,201499
HybridEdMldsa44,verify_chain,1,198945
HybridEdMldsa44,verify_chain,1,209508
HybridEdMldsa44,verify_chain,1,209210
HybridEdMldsa44,verify_chain,1,202199
HybridEdMldsa44,verify_chain,1,200671
HybridEdMldsa44,verify_chain,1,199407
HybridEdMldsa44,verify_chain,1,199568
HybridEdMldsa44,verify_chain,1,200711
HybridEdMldsa44,verify_chain,1,199196
HybridEdMldsa44,verify_chain,1,205559
HybridEdMldsa44,verify_chain,1,204088
HybridEdMldsa44,verify_chain,1,209343
HybridEdMldsa44,verify_chain,1,201547
HybridEdMldsa44,verify_chain,1,200456
HybridEdMldsa44,verify_chain,1,204725
HybridEdMldsa44,verify_chain,1,200398
HybridEdMldsa44,verify_chain,1,200731
HybridEdMldsa44,verify_chain,1,200593
HybridEdMldsa44,verify_chain,1,203255
HybridEdMldsa44,verify_chain,1,231298
HybridEdMldsa44,verify_chain,1,222342
HybridEdMldsa44,verify_chain,1,221212
HybridEdMldsa44,verify_chain,1,212851
HybridEdMldsa44,verify_chain,1,213629
HybridEdMldsa44,verify_chain,1,208293
HybridEdMldsa44,verify_chain,1,209184
HybridEdMldsa44,verify_chain,1,221532
HybridEdMldsa44,verify_chain,1,210063
HybridEdMldsa44,verify_chain,1,211855
HybridEdMldsa44,verify_chain,1,216440
HybridEdMldsa44,verify_chain,1,210221
HybridEdMldsa44,verify_chain,1,211347
HybridEdMldsa44,verify_chain,1,205511
HybridEdMldsa44,verify_chain,1,224913
HybridEdMldsa44,verify_chain,1,211129
HybridEdMldsa44,verify_chain,1,204409
HybridEdMldsa44,verify_chain,1,205786
HybridEdMldsa44,verify_chain,1,230122
HybridEdMldsa44,verify_chain,2,268013
HybridEdMldsa44,verify_chain,2,266282
HybridEdMldsa44,verify_chain,2,266649
HybridEdMldsa44,verify_chain,2,279319
HybridEdMldsa44,verify_chain,2,281874
HybridEdMldsa44,verify_chain,2,272622
HybridEdMldsa44,verify_chain,2,267244
HybridEdMldsa44,verify_chain,2,267129
HybridEdMldsa44,verify_chain,2,268285
HybridEdMldsa44,verify_chain,2,277518
HybridEdMldsa44,verify_chain,2,269993
HybridEdMldsa44,verify_chain,2,267353
HybridEdMldsa44,verify_chain,2,268479
HybridEdMldsa44,verify_chain,2,276125
HybridEdMldsa44,verify_chain,2,268825
HybridEdMldsa44,verify_chain,2,265992
HybridEdMldsa44,verify_chain,2,274632
HybridEdMldsa44,verify_chain,2,271202
HybridEdMldsa44,verify_chain,2,271053
HybridEdMldsa44,verify_chain,2,267899
HybridEdMldsa44,verify_chain,2,269203
HybridEdMldsa44,verify_chain,2,276589
HybridEdMldsa44,verify_chain,2,271953
HybridEdMldsa44,verify_chain,2,293201
HybridEdMldsa44,verify_chain,2,274094
HybridEdMldsa44,verify_chain,2,267561
HybridEdMldsa44,verify_chain,2,267921
HybridEdMldsa44,verify_chain,2,278798
HybridEdMldsa44,verify_chain,2,273791
HybridEdMldsa44,verify_chain,2,270985
HybridEdMldsa44,verify_chain,2,278395
HybridEdMldsa44,verify_chain,2,270799
HybridEdMldsa44,verify_chain,2,266628
HybridEdMldsa44,verify_chain,2,268850
HybridEdMldsa44,verify_chain,2,268306
HybridEdMldsa44,verify_chain,2,269335
HybridEdMldsa44,verify_chain,2,274738
HybridEdMldsa44,verify_chain,2,271285
HybridEdMldsa44,verify_chain,2,266707
HybridEdMldsa44,verify_chain,2,279768
HybridEdMldsa44,verify_chain,2,269018
HybridEdMldsa44,verify_chain,2,267988
HybridEdMldsa44,verify_chain,2,280403
HybridEdMldsa44,verify_chain,2,289786
HybridEdMldsa44,verify_chain,2,274348
HybridEdMldsa44,verify_chain,2,268062
HybridEdMldsa44,verify_chain,2,267181
HybridEdMldsa44,verify_chain,2,268301
HybridEdMldsa44,verify_chain,2,278105
HybridEdMldsa44,verify_chain,2,344934
HybridEdMldsa44,verify_chain,2,351977
HybridEdMldsa44,verify_chain,2,292043
HybridEdMldsa44,verify_chain,2,278058
HybridEdMldsa44,verify_chain,2,344426
HybridEdMldsa44,verify_chain,2,279416
HybridEdMldsa44,verify_chain,2,276099
HybridEdMldsa44,verify_chain,2,329425
HybridEdMldsa44,verify_chain,2,274927
HybridEdMldsa44,verify_chain,2,268002
HybridEdMldsa44,verify_chain,2,268255
HybridEdMldsa44,verify_chain,2,268202
HybridEdMldsa44,verify_chain,2,267622
HybridEdMldsa44,verify_chain,2,281244
HybridEdMldsa44,verify_chain,2,267938
HybridEdMldsa44,verify_chain,2,267158
HybridEdMldsa44,verify_chain,2,307739
HybridEdMldsa44,verify_chain,2,274109
HybridEdMldsa44,verify_chain,2,268438
HybridEdMldsa44,verify_chain,2,270650
HybridEdMldsa44,verify_chain,2,266180
HybridEdMldsa44,verify_chain,2,292687
HybridEdMldsa44,verify_chain,2,279961
HybridEdMldsa44,verify_chain,2,271715
HybridEdMldsa44,verify_chain,2,275661
HybridEdMldsa44,verify_chain,2,271975
HybridEdMldsa44,verify_chain,2,267891
HybridEdMldsa44,verify_chain,2,266793
HybridEdMldsa44,verify_chain,2,267268
HybridEdMldsa44,verify_chain,2,365788
HybridEdMldsa44,verify_chain,2,275790
HybridEdMldsa44,verify_chain,2,266645
HybridEdMldsa44,verify_chain,2,267661
HybridEdMldsa44,verify_chain,2,266383
HybridEdMldsa44,verify_chain,2,268494
HybridEdMldsa44,verify_chain,2,346398
HybridEdMldsa44,verify_chain,2,296665
HybridEdMldsa44,verify_chain,2,270212
HybridEdMldsa44,verify_chain,2,274272
HybridEdMldsa44,verify_chain,2,297289
HybridEdMldsa44,verify_chain,2,296399
HybridEdMldsa44,verify_chain,2,287197
HybridEdMldsa44,verify_chain,2,272828
HybridEdMldsa44,verify_chain,2,273049
HybridEdMldsa44,verify_chain,2,288035
HybridEdMldsa44,verify_chain,2,276153
HybridEdMldsa44,verify_chain,2,274192
HybridEdMldsa44,verify_chain,2,268503
HybridEdMldsa44,verify_chain,2,292174
HybridEdMldsa44,verify_chain,2,313981
HybridEdMldsa44,verify_chain,2,282204
HybridEdMldsa44,verify_chain,2,290276
HybridEdMldsa44,verify_chain,5,493693
HybridEdMldsa44,verify_chain,5,484585
HybridEdMldsa44,verify_chain,5,484115
HybridEdMldsa44,verify_chain,5,508061
HybridEdMldsa44,verify_chain,5,483577
HybridEdMldsa44,verify_chain,5,492231
HybridEdMldsa44,verify_chain,5,485658
HybridEdMldsa44,verify_chain,5,513871
HybridEdMldsa44,verify_chain,5,483948
HybridEdMldsa44,verify_chain,5,482299
HybridEdMldsa44,verify_chain,5,489624
HybridEdMldsa44,verify_chain,5,511844
HybridEdMldsa44,verify_chain,5,485107
HybridEdMldsa44,verify_chain,5,491700
HybridEdMldsa44,verify_chain,5,494078
HybridEdMldsa44,verify_chain,5,504124
HybridEdMldsa44,verify_chain,5,483742
HybridEdMldsa44,verify_chain,5,481447
HybridEdMldsa44,verify_chain,5,500954
HybridEdMldsa44,verify_chain,5,484671
HybridEdMldsa44,verify_chain,5,500988
HybridEdMldsa44,verify_chain,5,492402
HybridEdMldsa44,verify_chain,5,493354
HybridEdMldsa44,verify_chain,5,486276
HybridEdMldsa44,verify_chain,5,481142
HybridEdMldsa44,verify_chain,5,500861
HybridEdMldsa44,verify_chain,5,492525
HybridEdMldsa44,verify_chain,5,502815
HybridEdMldsa44,verify_chain,5,483309
HybridEdMldsa44,verify_chain,5,509419
HybridEdMldsa44,verify_chain,5,481700
HybridEdMldsa44,verify_chain,5,519884
HybridEdMldsa44,verify_chain,5,482437
HybridEdMldsa44,verify_chain,5,496363
HybridEdMldsa44,verify_chain,5,482735
HybridEdMldsa44,verify_chain,5,491181
HybridEdMldsa44,verify_chain,5,514481
HybridEdMldsa44,verify_chain,5,504328
HybridEdMldsa44,verify_chain,5,483341
HybridEdMldsa44,verify_chain,5,482968
HybridEdMldsa44,verify_chain,5,483834
HybridEdMldsa44,verify_chain,5,496828
HybridEdMldsa44,verify_chain,5,500043
HybridEdMldsa44,verify_chain,5,482235
HybridEdMldsa44,verify_chain,5,505623
HybridEdMldsa44,verify_chain,5,520417
HybridEdMldsa44,verify_chain,5,487180
HybridEdMldsa44,verify_chain,5,494435
HybridEdMldsa44,verify_chain,5,502785
HybridEdMldsa44,verify_chain,5,483929
HybridEdMldsa44,verify_chain,5,482959
HybridEdMldsa44,verify_chain,5,481584
HybridEdMldsa44,verify_chain,5,504348
HybridEdMldsa44,verify_chain,5,580673
HybridEdMldsa44,verify_chain,5,572638
HybridEdMldsa44,verify_chain,5,500019
HybridEdMldsa44,verify_chain,5,520079
HybridEdMldsa44,verify_chain,5,507405
HybridEdMldsa44,verify_chain,5,521899
HybridEdMldsa44,verify_chain,5,502258
HybridEdMldsa44,verify_chain,5,518390
HybridEdMldsa44,verify_chain,5,509606
HybridEdMldsa44,verify_chain,5,499901
HybridEdMldsa44,verify_chain,5,487604
HybridEdMldsa44,verify_chain,5,484918
HybridEdMldsa44,verify_chain,5,484157
HybridEdMldsa44,verify_chain,5,496275
HybridEdMldsa44,verify_chain,5,483262
HybridEdMldsa44,verify_chain,5,493113
HybridEdMldsa44,verify_chain,5,498750
HybridEdMldsa44,verify_chain,5,484640
HybridEdMldsa44,verify_chain,5,481599
HybridEdMldsa44,verify_chain,5,484891
HybridEdMldsa44,verify_chain,5,494865
HybridEdMldsa44,verify_chain,5,481729
HybridEdMldsa44,verify_chain,5,479013
HybridEdMldsa44,verify_chain,5,483752
HybridEdMldsa44,verify_chain,5,507389
HybridEdMldsa44,verify_chain,5,484469
HybridEdMldsa44,verify_chain,5,479516
HybridEdMldsa44,verify_chain,5,493254
HybridEdMldsa44,verify_chain,5,489091
HybridEdMldsa44,verify_chain,5,482705
HybridEdMldsa44,verify_chain,5,482857
HybridEdMldsa44,verify_chain,5,487901
HybridEdMldsa44,verify_chain,5,493098
HybridEdMldsa44,verify_chain,5,500108
HybridEdMldsa44,verify_chain,5,485553
HybridEdMldsa44,verify_chain,5,488511
HybridEdMldsa44,verify_chain,5,486344
HybridEdMldsa44,verify_chain,5,480046
HybridEdMldsa44,verify_chain,5,479436
HybridEdMldsa44,verify_chain,5,483607
HybridEdMldsa44,verify_chain,5,494156
HybridEdMldsa44,verify_chain,5,497640
HybridEdMldsa44,verify_chain,5,516914
HybridEdMldsa44,verify_chain,5,482141
HybridEdMldsa44,verify_chain,5,498540
HybridEdMldsa44,verify_chain,5,485180
HybridEdMldsa44,verify_chain,5,482946
HybridEdMldsa44,verify_chain,5,482252
HybridEdMldsa44,verify_chain,10,884756
HybridEdMldsa44,verify_chain,10,855910
HybridEdMldsa44,verify_chain,10,889762
HybridEdMldsa44,verify_chain,10,869022
HybridEdMldsa44,verify_chain,10,848854
HybridEdMldsa44,verify_chain,10,864853
HybridEdMldsa44,verify_chain,10,851912
HybridEdMldsa44,verify_chain,10,871371
HybridEdMldsa44,verify_chain,10,853794
HybridEdMldsa44,verify_chain,10,854931
HybridEdMldsa44,verify_chain,10,857427
HybridEdMldsa44,verify_chain,10,856480
HybridEdMldsa44,verify_chain,10,860835
HybridEdMldsa44,verify_chain,10,1007119
HybridEdMldsa44,verify_chain,10,1030036
HybridEdMldsa44,verify_chain,10,886016
HybridEdMldsa44,verify_chain,10,901146
HybridEdMldsa44,verify_chain,10,858271
HybridEdMldsa44,verify_chain,10,871086
HybridEdMldsa44,verify_chain,10,882249
HybridEdMldsa44,verify_chain,10,871990
HybridEdMldsa44,verify_chain,10,855550
HybridEdMldsa44,verify_chain,10,860191
HybridEdMldsa44,verify_chain,10,871111
HybridEdMldsa44,verify_chain,10,857328
HybridEdMldsa44,verify_chain,10,862354
HybridEdMldsa44,verify_chain,10,855934
HybridEdMldsa44,verify_chain,10,864174
HybridEdMldsa44,verify_chain,10,854078
HybridEdMldsa44,verify_chain,10,873459
HybridEdMldsa44,verify_chain,10,857222
HybridEdMldsa44,verify_chain,10,906565
HybridEdMldsa44,verify_chain,10,881016
HybridEdMldsa44,verify_chain,10,886764
HybridEdMldsa44,verify_chain,10,871079
HybridEdMldsa44,verify_chain,10,853242
HybridEdMldsa44,verify_chain,10,861725
HybridEdMldsa44,verify_chain,10,847492
HybridEdMldsa44,verify_chain,10,866628
HybridEdMldsa44,verify_chain,10,865434
HybridEdMldsa44,verify_chain,10,861157
HybridEdMldsa44,verify_chain,10,845277
HybridEdMldsa44,verify_chain,10,851916
HybridEdMldsa44,verify_chain,10,870877
HybridEdMldsa44,verify_chain,10,852605
HybridEdMldsa44,verify_chain,10,860089
HybridEdMldsa44,verify_chain,10,848297
HybridEdMldsa44,verify_chain,10,872085
HybridEdMldsa44,verify_chain,10,875408
HybridEdMldsa44,verify_chain,10,864784
HybridEdMldsa44,verify_chain,10,953309
HybridEdMldsa44,verify_chain,10,980161
HybridEdMldsa44,verify_chain,10,893743
HybridEdMldsa44,verify_chain,10,886746
HybridEdMldsa44,verify_chain,10,848349
HybridEdMldsa44,verify_chain,10,845509
HybridEdMldsa44,verify_chain,10,837221
HybridEdMldsa44,verify_chain,10,852446
HybridEdMldsa44,verify_chain,10,835380
HybridEdMldsa44,verify_chain,10,834795
HybridEdMldsa44,verify_chain,10,849978
HybridEdMldsa44,verify_chain,10,834537
HybridEdMldsa44,verify_chain,10,855123
HybridEdMldsa44,verify_chain,10,833846
HybridEdMldsa44,verify_chain,10,842381
HybridEdMldsa44,verify_chain,10,832980
HybridEdMldsa44,verify_chain,10,840350
HybridEdMldsa44,verify_chain,10,858519
HybridEdMldsa44,verify_chain,10,835632
HybridEdMldsa44,verify_chain,10,929862
HybridEdMldsa44,verify_chain,10,905644
HybridEdMldsa44,verify_chain,10,980803
HybridEdMldsa44,verify_chain,10,958815
HybridEdMldsa44,verify_chain,10,932356
HybridEdMldsa44,verify_chain,10,861237
HybridEdMldsa44,verify_chain,10,862915
HybridEdMldsa44,verify_chain,10,832512
HybridEdMldsa44,verify_chain,10,845357
HybridEdMldsa44,verify_chain,10,829720
HybridEdMldsa44,verify_chain,10,830746
HybridEdMldsa44,verify_chain,10,851301
HybridEdMldsa44,verify_chain,10,832522
HybridEdMldsa44,verify_chain,10,843590
HybridEdMldsa44,verify_chain,10,814968
HybridEdMldsa44,verify_chain,10,823720
HybridEdMldsa44,verify_chain,10,823054
HybridEdMldsa44,verify_chain,10,815541
HybridEdMldsa44,verify_chain,10,852714
HybridEdMldsa44,verify_chain,10,869643
HybridEdMldsa44,verify_chain,10,1008114
HybridEdMldsa44,verify_chain,10,902050
HybridEdMldsa44,verify_chain,10,865433
HybridEdMldsa44,verify_chain,10,852106
HybridEdMldsa44,verify_chain,10,836175
HybridEdMldsa44,verify_chain,10,855654
HybridEdMldsa44,verify_chain,10,847476
HybridEdMldsa44,verify_chain,10,831904
HybridEdMldsa44,verify_chain,10,846418
HybridEdMldsa44,verify_chain,10,830071
HybridEdMldsa44,verify_chain,10,847653
HybridEdMldsa44,verify_chain,10,825681
HybridEdMldsa44,authority_build,2,143278
HybridEdMldsa44,authority_build,2,98454
HybridEdMldsa44,authority_build,2,135228
HybridEdMldsa44,authority_build,2,166697
HybridEdMldsa44,authority_build,2,139392
HybridEdMldsa44,authority_build,2,121072
HybridEdMldsa44,authority_build,2,126512
HybridEdMldsa44,authority_build,2,114188
HybridEdMldsa44,authority_build,2,98944
HybridEdMldsa44,authority_build,2,105405
HybridEdMldsa44,authority_build,2,127789
HybridEdMldsa44,authority_build,2,106724
HybridEdMldsa44,authority_build,2,200393
HybridEdMldsa44,authority_build,2,121150
HybridEdMldsa44,authority_build,2,106564
HybridEdMldsa44,authority_build,2,100319
HybridEdMldsa44,authority_build,2,108644
HybridEdMldsa44,authority_build,2,105986
HybridEdMldsa44,authority_build,2,106137
HybridEdMldsa44,authority_build,2,166465
HybridEdMldsa44,authority_build,2,107049
HybridEdMldsa44,authority_build,2,129616
HybridEdMldsa44,authority_build,2,106063
HybridEdMldsa44,authority_build,2,99076
HybridEdMldsa44,authority_build,2,119277
HybridEdMldsa44,authority_build,2,97625
HybridEdMldsa44,authority_build,2,106610
HybridEdMldsa44,authority_build,2,121257
HybridEdMldsa44,authority_build,2,152025
HybridEdMldsa44,authority_build,2,112959
HybridEdMldsa44,authority_build,2,119552
HybridEdMldsa44,authority_build,2,120203
HybridEdMldsa44,authority_build,2,152561
HybridEdMldsa44,authority_build,2,148190
HybridEdMldsa44,authority_build,2,171285
HybridEdMldsa44,authority_build,2,188550
HybridEdMldsa44,authority_build,2,237624
HybridEdMldsa44,authority_build,2,114932
HybridEdMldsa44,authority_build,2,117496
HybridEdMldsa44,authority_build,2,186938
HybridEdMldsa44,authority_build,2,145633
HybridEdMldsa44,authority_build,2,120295
HybridEdMldsa44,authority_build,2,131292
HybridEdMldsa44,authority_build,2,109852
HybridEdMldsa44,authority_build,2,103252
HybridEdMldsa44,authority_build,2,122086
HybridEdMldsa44,authority_build,2,253423
HybridEdMldsa44,authority_build,2,133857
HybridEdMldsa44,authority_build,2,102074
HybridEdMldsa44,authority_build,2,226524
HybridEdMldsa44,authority_build,2,138588
HybridEdMldsa44,authority_build,2,115883
HybridEdMldsa44,authority_build,2,124719
HybridEdMldsa44,authority_build,2,101464
HybridEdMldsa44,authority_build,2,116174
HybridEdMldsa44,authority_build,2,108619
HybridEdMldsa44,authority_build,2,100656
HybridEdMldsa44,authority_build,2,176861
HybridEdMldsa44,authority_build,2,108480
HybridEdMldsa44,authority_build,2,102206
HybridEdMldsa44,authority_build,2,104954
HybridEdMldsa44,authority_build,2,168152
HybridEdMldsa44,authority_build,2,138934
HybridEdMldsa44,authority_build,2,126264
HybridEdMldsa44,authority_build,2,98212
HybridEdMldsa44,authority_build,2,112775
HybridEdMldsa44,authority_build,2,112098
HybridEdMldsa44,authority_build,2,125142
HybridEdMldsa44,authority_build,2,117402
HybridEdMldsa44,authority_build,2,114452
HybridEdMldsa44,authority_build,2,109174
HybridEdMldsa44,authority_build,2,112382
HybridEdMldsa44,authority_build,2,98973
HybridEdMldsa44,authority_build,2,113770
HybridEdMldsa44,authority_build,2,98488
HybridEdMldsa44,authority_build,2,98529
HybridEdMldsa44,authority_build,2,108318
HybridEdMldsa44,authority_build,2,117157
HybridEdMldsa44,authority_build,2,218807
HybridEdMldsa44,authority_build,2,98165
HybridEdMldsa44,authority_build,2,115999
HybridEdMldsa44,authority_build,2,98637
HybridEdMldsa44,authority_build,2,113148
HybridEdMldsa44,authority_build,2,141591
HybridEdMldsa44,authority_build,2,98274
HybridEdMldsa44,authority_build,2,143429
HybridEdMldsa44,authority_build,2,98077
HybridEdMldsa44,authority_build,2,125594
HybridEdMldsa44,authority_build,2,152541
HybridEdMldsa44,authority_build,2,187227
HybridEdMldsa44,authority_build,2,157730
HybridEdMldsa44,authority_build,2,106632
HybridEdMldsa44,authority_build,2,143327
HybridEdMldsa44,authority_build,2,116305
HybridEdMldsa44,authority_build,2,113137
HybridEdMldsa44,authority_build,2,112972
HybridEdMldsa44,authority_build,2,108656
HybridEdMldsa44,authority_build,2,99409
HybridEdMldsa44,authority_build,2,114975
HybridEdMldsa44,authority_build,2,139601
HybridEdMldsa44,authority_build,2,133727
HybridEdMldsa44,append_hop,2,138180
HybridEdMldsa44,append_hop,2,112387
HybridEdMldsa44,append_hop,2,129639
HybridEdMldsa44,append_hop,2,111635
HybridEdMldsa44,append_hop,2,126066
HybridEdMldsa44,append_hop,2,126231
HybridEdMldsa44,append_hop,2,137388
HybridEdMldsa44,append_hop,2,121525
HybridEdMldsa44,append_hop,2,122114
HybridEdMldsa44,append_hop,2,140975
HybridEdMldsa44,append_hop,2,157603
HybridEdMldsa44,append_hop,2,126706
HybridEdMldsa44,append_hop,2,184654
HybridEdMldsa44,append_hop,2,149934
HybridEdMldsa44,append_hop,2,111320
HybridEdMldsa44,append_hop,2,126674
HybridEdMldsa44,append_hop,2,194524
HybridEdMldsa44,append_hop,2,125738
HybridEdMldsa44,append_hop,2,114098
HybridEdMldsa44,append_hop,2,130230
HybridEdMldsa44,append_hop,2,122493
HybridEdMldsa44,append_hop,2,155392
HybridEdMldsa44,append_hop,2,124137
HybridEdMldsa44,append_hop,2,139336
HybridEdMldsa44,append_hop,2,118501
HybridEdMldsa44,append_hop,2,117415
HybridEdMldsa44,append_hop,2,161157
HybridEdMldsa44,append_hop,2,130624
HybridEdMldsa44,append_hop,2,179261
HybridEdMldsa44,append_hop,2,146469
HybridEdMldsa44,append_hop,2,138003
HybridEdMldsa44,append_hop,2,217858
HybridEdMldsa44,append_hop,2,119755
HybridEdMldsa44,append_hop,2,149605
HybridEdMldsa44,append_hop,2,117484
HybridEdMldsa44,append_hop,2,156931
HybridEdMldsa44,append_hop,2,115965
HybridEdMldsa44,append_hop,2,118690
HybridEdMldsa44,append_hop,2,165807
HybridEdMldsa44,append_hop,2,129281
HybridEdMldsa44,append_hop,2,151964
HybridEdMldsa44,append_hop,2,124715
HybridEdMldsa44,append_hop,2,153664
HybridEdMldsa44,append_hop,2,196092
HybridEdMldsa44,append_hop,2,278218
HybridEdMldsa44,append_hop,2,136271
HybridEdMldsa44,append_hop,2,135860
HybridEdMldsa44,append_hop,2,128611
HybridEdMldsa44,append_hop,2,125231
HybridEdMldsa44,append_hop,2,202611
HybridEdMldsa44,append_hop,2,137414
HybridEdMldsa44,append_hop,2,170500
HybridEdMldsa44,append_hop,2,166205
HybridEdMldsa44,append_hop,2,133331
HybridEdMldsa44,append_hop,2,156850
HybridEdMldsa44,append_hop,2,163120
HybridEdMldsa44,append_hop,2,191330
HybridEdMldsa44,append_hop,2,117777
HybridEdMldsa44,append_hop,2,115124
HybridEdMldsa44,append_hop,2,121578
HybridEdMldsa44,append_hop,2,137474
HybridEdMldsa44,append_hop,2,165828
HybridEdMldsa44,append_hop,2,125583
HybridEdMldsa44,append_hop,2,217840
HybridEdMldsa44,append_hop,2,124270
HybridEdMldsa44,append_hop,2,137745
HybridEdMldsa44,append_hop,2,168259
HybridEdMldsa44,append_hop,2,197196
HybridEdMldsa44,append_hop,2,123139
HybridEdMldsa44,append_hop,2,132830
HybridEdMldsa44,append_hop,2,115432
HybridEdMldsa44,append_hop,2,137884
HybridEdMldsa44,append_hop,2,179267
HybridEdMldsa44,append_hop,2,184885
HybridEdMldsa44,append_hop,2,113440
HybridEdMldsa44,append_hop,2,144102
HybridEdMldsa44,append_hop,2,192667
HybridEdMldsa44,append_hop,2,291927
HybridEdMldsa44,append_hop,2,122777
HybridEdMldsa44,append_hop,2,184312
HybridEdMldsa44,append_hop,2,193152
HybridEdMldsa44,append_hop,2,225380
HybridEdMldsa44,append_hop,2,129604
HybridEdMldsa44,append_hop,2,129018
HybridEdMldsa44,append_hop,2,218134
HybridEdMldsa44,append_hop,2,177858
HybridEdMldsa44,append_hop,2,113554
HybridEdMldsa44,append_hop,2,128921
HybridEdMldsa44,append_hop,2,120690
HybridEdMldsa44,append_hop,2,145538
HybridEdMldsa44,append_hop,2,127896
HybridEdMldsa44,append_hop,2,174351
HybridEdMldsa44,append_hop,2,126084
HybridEdMldsa44,append_hop,2,139550
HybridEdMldsa44,append_hop,2,147832
HybridEdMldsa44,append_hop,2,142331
HybridEdMldsa44,append_hop,2,114514
HybridEdMldsa44,append_hop,2,114268
HybridEdMldsa44,append_hop,2,155776
HybridEdMldsa44,append_hop,2,114599
HybridEdMldsa44,append_hop,2,121589
HybridEdMldsa44,seal,2,81976
HybridEdMldsa44,seal,2,81302
HybridEdMldsa44,seal,2,81210
HybridEdMldsa44,seal,2,81264
HybridEdMldsa44,seal,2,82670
HybridEdMldsa44,seal,2,81119
HybridEdMldsa44,seal,2,81911
HybridEdMldsa44,seal,2,82202
HybridEdMldsa44,seal,2,80916
HybridEdMldsa44,seal,2,81043
HybridEdMldsa44,seal,2,89704
HybridEdMldsa44,seal,2,83232
HybridEdMldsa44,seal,2,84634
HybridEdMldsa44,seal,2,85409
HybridEdMldsa44,seal,2,81824
HybridEdMldsa44,seal,2,81502
HybridEdMldsa44,seal,2,97308
HybridEdMldsa44,seal,2,87356
HybridEdMldsa44,seal,2,82700
HybridEdMldsa44,seal,2,85900
HybridEdMldsa44,seal,2,80488
HybridEdMldsa44,seal,2,80075
HybridEdMldsa44,seal,2,79477
HybridEdMldsa44,seal,2,79201
HybridEdMldsa44,seal,2,81365
HybridEdMldsa44,seal,2,79245
HybridEdMldsa44,seal,2,79251
HybridEdMldsa44,seal,2,80723
HybridEdMldsa44,seal,2,80551
HybridEdMldsa44,seal,2,78919
HybridEdMldsa44,seal,2,86133
HybridEdMldsa44,seal,2,81296
HybridEdMldsa44,seal,2,80163
HybridEdMldsa44,seal,2,78781
HybridEdMldsa44,seal,2,79889
HybridEdMldsa44,seal,2,81040
HybridEdMldsa44,seal,2,79123
HybridEdMldsa44,seal,2,80333
HybridEdMldsa44,seal,2,80029
HybridEdMldsa44,seal,2,79344
HybridEdMldsa44,seal,2,79778
HybridEdMldsa44,seal,2,78975
HybridEdMldsa44,seal,2,79051
HybridEdMldsa44,seal,2,80120
HybridEdMldsa44,seal,2,79153
HybridEdMldsa44,seal,2,79405
HybridEdMldsa44,seal,2,80884
HybridEdMldsa44,seal,2,78909
HybridEdMldsa44,seal,2,79505
HybridEdMldsa44,seal,2,80707
HybridEdMldsa44,seal,2,78941
HybridEdMldsa44,seal,2,79328
HybridEdMldsa44,seal,2,85630
HybridEdMldsa44,seal,2,81209
HybridEdMldsa44,seal,2,80126
HybridEdMldsa44,seal,2,79395
HybridEdMldsa44,seal,2,79722
HybridEdMldsa44,seal,2,80238
HybridEdMldsa44,seal,2,79024
HybridEdMldsa44,seal,2,79920
HybridEdMldsa44,seal,2,79364
HybridEdMldsa44,seal,2,82362
HybridEdMldsa44,seal,2,84730
HybridEdMldsa44,seal,2,83311
HybridEdMldsa44,seal,2,88428
HybridEdMldsa44,seal,2,92246
HybridEdMldsa44,seal,2,88290
HybridEdMldsa44,seal,2,85697
HybridEdMldsa44,seal,2,83649
HybridEdMldsa44,seal,2,82352
HybridEdMldsa44,seal,2,84238
HybridEdMldsa44,seal,2,83417
HybridEdMldsa44,seal,2,85659
HybridEdMldsa44,seal,2,93290
HybridEdMldsa44,seal,2,83934
HybridEdMldsa44,seal,2,85477
HybridEdMldsa44,seal,2,83713
HybridEdMldsa44,seal,2,82046
HybridEdMldsa44,seal,2,82357
HybridEdMldsa44,seal,2,82137
HybridEdMldsa44,seal,2,84023
HybridEdMldsa44,seal,2,82808
HybridEdMldsa44,seal,2,82678
HybridEdMldsa44,seal,2,83374
HybridEdMldsa44,seal,2,82653
HybridEdMldsa44,seal,2,81838
HybridEdMldsa44,seal,2,81708
HybridEdMldsa44,seal,2,81410
HybridEdMldsa44,seal,2,80856
HybridEdMldsa44,seal,2,82344
HybridEdMldsa44,seal,2,83705
HybridEdMldsa44,seal,2,83994
HybridEdMldsa44,seal,2,83587
HybridEdMldsa44,seal,2,81143
HybridEdMldsa44,seal,2,80371
HybridEdMldsa44,seal,2,82784
HybridEdMldsa44,seal,2,90232
HybridEdMldsa44,seal,2,83535
HybridEdMldsa44,seal,2,81349
HybridEdMldsa44,seal,2,82477
HybridEdMldsa44,seal,2,80666
HybridEdMldsa44,verify_n2,2,281500
HybridEdMldsa44,verify_n2,2,269189
HybridEdMldsa44,verify_n2,2,268133
HybridEdMldsa44,verify_n2,2,267150
HybridEdMldsa44,verify_n2,2,267184
HybridEdMldsa44,verify_n2,2,269010
HybridEdMldsa44,verify_n2,2,273250
HybridEdMldsa44,verify_n2,2,274299
HybridEdMldsa44,verify_n2,2,276734
HybridEdMldsa44,verify_n2,2,269882
HybridEdMldsa44,verify_n2,2,267768
HybridEdMldsa44,verify_n2,2,268188
HybridEdMldsa44,verify_n2,2,267707
HybridEdMldsa44,verify_n2,2,266038
HybridEdMldsa44,verify_n2,2,272474
HybridEdMldsa44,verify_n2,2,285409
HybridEdMldsa44,verify_n2,2,264900
HybridEdMldsa44,verify_n2,2,261155
HybridEdMldsa44,verify_n2,2,260720
HybridEdMldsa44,verify_n2,2,261868
HybridEdMldsa44,verify_n2,2,260286
HybridEdMldsa44,verify_n2,2,274519
HybridEdMldsa44,verify_n2,2,273260
HybridEdMldsa44,verify_n2,2,262770
HybridEdMldsa44,verify_n2,2,261944
HybridEdMldsa44,verify_n2,2,260969
HybridEdMldsa44,verify_n2,2,262169
HybridEdMldsa44,verify_n2,2,261464
HybridEdMldsa44,verify_n2,2,260983
HybridEdMldsa44,verify_n2,2,269917
HybridEdMldsa44,verify_n2,2,270130
HybridEdMldsa44,verify_n2,2,261703
HybridEdMldsa44,verify_n2,2,270514
HybridEdMldsa44,verify_n2,2,275247
HybridEdMldsa44,verify_n2,2,274457
HybridEdMldsa44,verify_n2,2,275076
HybridEdMldsa44,verify_n2,2,283205
HybridEdMldsa44,verify_n2,2,272394
HybridEdMldsa44,verify_n2,2,280873
HybridEdMldsa44,verify_n2,2,268590
HybridEdMldsa44,verify_n2,2,271888
HybridEdMldsa44,verify_n2,2,267907
HybridEdMldsa44,verify_n2,2,268361
HybridEdMldsa44,verify_n2,2,276150
HybridEdMldsa44,verify_n2,2,281053
HybridEdMldsa44,verify_n2,2,268170
HybridEdMldsa44,verify_n2,2,266200
HybridEdMldsa44,verify_n2,2,266590
HybridEdMldsa44,verify_n2,2,267567
HybridEdMldsa44,verify_n2,2,269170
HybridEdMldsa44,verify_n2,2,266919
HybridEdMldsa44,verify_n2,2,276915
HybridEdMldsa44,verify_n2,2,268506
HybridEdMldsa44,verify_n2,2,268106
HybridEdMldsa44,verify_n2,2,282150
HybridEdMldsa44,verify_n2,2,268700
HybridEdMldsa44,verify_n2,2,268855
HybridEdMldsa44,verify_n2,2,276648
HybridEdMldsa44,verify_n2,2,268617
HybridEdMldsa44,verify_n2,2,339742
HybridEdMldsa44,verify_n2,2,306478
HybridEdMldsa44,verify_n2,2,269879
HybridEdMldsa44,verify_n2,2,269055
HybridEdMldsa44,verify_n2,2,326377
HybridEdMldsa44,verify_n2,2,271307
HybridEdMldsa44,verify_n2,2,267068
HybridEdMldsa44,verify_n2,2,266508
HybridEdMldsa44,verify_n2,2,269839
HybridEdMldsa44,verify_n2,2,266959
HybridEdMldsa44,verify_n2,2,277942
HybridEdMldsa44,verify_n2,2,271536
HybridEdMldsa44,verify_n2,2,266231
HybridEdMldsa44,verify_n2,2,266808
HybridEdMldsa44,verify_n2,2,276305
HybridEdMldsa44,verify_n2,2,271559
HybridEdMldsa44,verify_n2,2,268072
HybridEdMldsa44,verify_n2,2,275951
HybridEdMldsa44,verify_n2,2,271360
HybridEdMldsa44,verify_n2,2,266840
HybridEdMldsa44,verify_n2,2,268526
HybridEdMldsa44,verify_n2,2,267585
HybridEdMldsa44,verify_n2,2,267509
HybridEdMldsa44,verify_n2,2,267014
HybridEdMldsa44,verify_n2,2,269079
HybridEdMldsa44,verify_n2,2,275812
HybridEdMldsa44,verify_n2,2,277766
HybridEdMldsa44,verify_n2,2,269274
HybridEdMldsa44,verify_n2,2,268115
HybridEdMldsa44,verify_n2,2,276785
HybridEdMldsa44,verify_n2,2,266572
HybridEdMldsa44,verify_n2,2,273961
HybridEdMldsa44,verify_n2,2,262621
HybridEdMldsa44,verify_n2,2,263847
HybridEdMldsa44,verify_n2,2,279362
HybridEdMldsa44,verify_n2,2,278508
HybridEdMldsa44,verify_n2,2,362079
HybridEdMldsa44,verify_n2,2,286265
HybridEdMldsa44,verify_n2,2,293813
HybridEdMldsa44,verify_n2,2,271212
HybridEdMldsa44,verify_n2,2,278051
HybridEdMldsa44,verify_n2,2,340607
HybridEdMldsa44,authorize,2,9100
HybridEdMldsa44,authorize,2,8573
HybridEdMldsa44,authorize,2,8611
HybridEdMldsa44,authorize,2,8619
HybridEdMldsa44,authorize,2,8625
HybridEdMldsa44,authorize,2,8469
HybridEdMldsa44,authorize,2,8439
HybridEdMldsa44,authorize,2,8765
HybridEdMldsa44,authorize,2,8404
HybridEdMldsa44,authorize,2,8468
HybridEdMldsa44,authorize,2,9554
HybridEdMldsa44,authorize,2,8464
HybridEdMldsa44,authorize,2,8355
HybridEdMldsa44,authorize,2,8309
HybridEdMldsa44,authorize,2,8192
HybridEdMldsa44,authorize,2,8342
HybridEdMldsa44,authorize,2,8172
HybridEdMldsa44,authorize,2,8458
HybridEdMldsa44,authorize,2,8243
HybridEdMldsa44,authorize,2,8449
HybridEdMldsa44,authorize,2,8376
HybridEdMldsa44,authorize,2,8429
HybridEdMldsa44,authorize,2,8254
HybridEdMldsa44,authorize,2,8217
HybridEdMldsa44,authorize,2,8129
HybridEdMldsa44,authorize,2,8398
HybridEdMldsa44,authorize,2,8338
HybridEdMldsa44,authorize,2,8503
HybridEdMldsa44,authorize,2,8274
HybridEdMldsa44,authorize,2,8558
HybridEdMldsa44,authorize,2,8431
HybridEdMldsa44,authorize,2,8241
HybridEdMldsa44,authorize,2,8516
HybridEdMldsa44,authorize,2,8416
HybridEdMldsa44,authorize,2,8416
HybridEdMldsa44,authorize,2,8233
HybridEdMldsa44,authorize,2,8425
HybridEdMldsa44,authorize,2,8488
HybridEdMldsa44,authorize,2,8213
HybridEdMldsa44,authorize,2,8373
HybridEdMldsa44,authorize,2,8194
HybridEdMldsa44,authorize,2,8282
HybridEdMldsa44,authorize,2,8492
HybridEdMldsa44,authorize,2,8085
HybridEdMldsa44,authorize,2,8179
HybridEdMldsa44,authorize,2,8269
HybridEdMldsa44,authorize,2,8049
HybridEdMldsa44,authorize,2,8322
HybridEdMldsa44,authorize,2,8290
HybridEdMldsa44,authorize,2,8411
HybridEdMldsa44,authorize,2,8287
HybridEdMldsa44,authorize,2,8323
HybridEdMldsa44,authorize,2,8372
HybridEdMldsa44,authorize,2,8413
HybridEdMldsa44,authorize,2,8431
HybridEdMldsa44,authorize,2,8422
HybridEdMldsa44,authorize,2,8350
HybridEdMldsa44,authorize,2,8378
HybridEdMldsa44,authorize,2,8302
HybridEdMldsa44,authorize,2,8353
HybridEdMldsa44,authorize,2,8380
HybridEdMldsa44,authorize,2,8446
HybridEdMldsa44,authorize,2,8386
HybridEdMldsa44,authorize,2,8338
HybridEdMldsa44,authorize,2,8267
HybridEdMldsa44,authorize,2,8414
HybridEdMldsa44,authorize,2,8196
HybridEdMldsa44,authorize,2,8338
HybridEdMldsa44,authorize,2,8428
HybridEdMldsa44,authorize,2,8046
HybridEdMldsa44,authorize,2,8508
HybridEdMldsa44,authorize,2,8592
HybridEdMldsa44,authorize,2,8285
HybridEdMldsa44,authorize,2,8244
HybridEdMldsa44,authorize,2,8391
HybridEdMldsa44,authorize,2,8525
HybridEdMldsa44,authorize,2,8360
HybridEdMldsa44,authorize,2,8481
HybridEdMldsa44,authorize,2,8391
HybridEdMldsa44,authorize,2,8500
HybridEdMldsa44,authorize,2,8400
HybridEdMldsa44,authorize,2,8262
HybridEdMldsa44,authorize,2,8310
HybridEdMldsa44,authorize,2,8393
HybridEdMldsa44,authorize,2,8371
HybridEdMldsa44,authorize,2,8452
HybridEdMldsa44,authorize,2,8241
HybridEdMldsa44,authorize,2,8315
HybridEdMldsa44,authorize,2,8443
HybridEdMldsa44,authorize,2,8413
HybridEdMldsa44,authorize,2,8127
HybridEdMldsa44,authorize,2,8262
HybridEdMldsa44,authorize,2,8348
HybridEdMldsa44,authorize,2,8349
HybridEdMldsa44,authorize,2,8125
HybridEdMldsa44,authorize,2,8296
HybridEdMldsa44,authorize,2,8401
HybridEdMldsa44,authorize,2,8225
HybridEdMldsa44,authorize,2,8472
HybridEdMldsa44,authorize,2,8247
HybridEdMldsa44,authorize,2,8218
HybridEdFndsa512,verify_chain,0,134602
HybridEdFndsa512,verify_chain,0,137191
HybridEdFndsa512,verify_chain,0,140399
HybridEdFndsa512,verify_chain,0,143024
HybridEdFndsa512,verify_chain,0,144349
HybridEdFndsa512,verify_chain,0,142352
HybridEdFndsa512,verify_chain,0,145366
HybridEdFndsa512,verify_chain,0,158913
HybridEdFndsa512,verify_chain,0,162956
HybridEdFndsa512,verify_chain,0,145795
HybridEdFndsa512,verify_chain,0,144553
HybridEdFndsa512,verify_chain,0,138365
HybridEdFndsa512,verify_chain,0,138537
HybridEdFndsa512,verify_chain,0,140345
HybridEdFndsa512,verify_chain,0,139760
HybridEdFndsa512,verify_chain,0,137303
HybridEdFndsa512,verify_chain,0,138001
HybridEdFndsa512,verify_chain,0,138455
HybridEdFndsa512,verify_chain,0,150467
HybridEdFndsa512,verify_chain,0,141446
HybridEdFndsa512,verify_chain,0,149902
HybridEdFndsa512,verify_chain,0,144912
HybridEdFndsa512,verify_chain,0,142103
HybridEdFndsa512,verify_chain,0,137743
HybridEdFndsa512,verify_chain,0,136951
HybridEdFndsa512,verify_chain,0,136412
HybridEdFndsa512,verify_chain,0,137117
HybridEdFndsa512,verify_chain,0,135755
HybridEdFndsa512,verify_chain,0,135793
HybridEdFndsa512,verify_chain,0,137299
HybridEdFndsa512,verify_chain,0,136389
HybridEdFndsa512,verify_chain,0,136175
HybridEdFndsa512,verify_chain,0,136375
HybridEdFndsa512,verify_chain,0,135507
HybridEdFndsa512,verify_chain,0,143208
HybridEdFndsa512,verify_chain,0,141050
HybridEdFndsa512,verify_chain,0,137136
HybridEdFndsa512,verify_chain,0,137043
HybridEdFndsa512,verify_chain,0,136236
HybridEdFndsa512,verify_chain,0,136774
HybridEdFndsa512,verify_chain,0,137002
HybridEdFndsa512,verify_chain,0,138665
HybridEdFndsa512,verify_chain,0,138020
HybridEdFndsa512,verify_chain,0,136614
HybridEdFndsa512,verify_chain,0,136326
HybridEdFndsa512,verify_chain,0,136616
HybridEdFndsa512,verify_chain,0,139432
HybridEdFndsa512,verify_chain,0,146710
HybridEdFndsa512,verify_chain,0,137696
HybridEdFndsa512,verify_chain,0,145270
HybridEdFndsa512,verify_chain,0,137654
HybridEdFndsa512,verify_chain,0,136460
HybridEdFndsa512,verify_chain,0,136516
HybridEdFndsa512,verify_chain,0,135872
HybridEdFndsa512,verify_chain,0,136103
HybridEdFndsa512,verify_chain,0,148289
HybridEdFndsa512,verify_chain,0,139935
HybridEdFndsa512,verify_chain,0,136844
HybridEdFndsa512,verify_chain,0,136384
HybridEdFndsa512,verify_chain,0,136158
HybridEdFndsa512,verify_chain,0,137914
HybridEdFndsa512,verify_chain,0,141194
HybridEdFndsa512,verify_chain,0,139075
HybridEdFndsa512,verify_chain,0,145982
HybridEdFndsa512,verify_chain,0,137793
HybridEdFndsa512,verify_chain,0,137170
HybridEdFndsa512,verify_chain,0,136792
HybridEdFndsa512,verify_chain,0,135782
HybridEdFndsa512,verify_chain,0,136385
HybridEdFndsa512,verify_chain,0,136013
HybridEdFndsa512,verify_chain,0,136851
HybridEdFndsa512,verify_chain,0,137709
HybridEdFndsa512,verify_chain,0,138242
HybridEdFndsa512,verify_chain,0,137017
HybridEdFndsa512,verify_chain,0,135857
HybridEdFndsa512,verify_chain,0,136139
HybridEdFndsa512,verify_chain,0,152422
HybridEdFndsa512,verify_chain,0,137829
HybridEdFndsa512,verify_chain,0,136699
HybridEdFndsa512,verify_chain,0,136784
HybridEdFndsa512,verify_chain,0,136702
HybridEdFndsa512,verify_chain,0,138047
HybridEdFndsa512,verify_chain,0,137861
HybridEdFndsa512,verify_chain,0,137152
HybridEdFndsa512,verify_chain,0,136276
HybridEdFndsa512,verify_chain,0,136545
HybridEdFndsa512,verify_chain,0,144022
HybridEdFndsa512,verify_chain,0,137413
HybridEdFndsa512,verify_chain,0,136285
HybridEdFndsa512,verify_chain,0,136317
HybridEdFndsa512,verify_chain,0,144817
HybridEdFndsa512,verify_chain,0,137739
HybridEdFndsa512,verify_chain,0,136829
HybridEdFndsa512,verify_chain,0,136229
HybridEdFndsa512,verify_chain,0,136054
HybridEdFndsa512,verify_chain,0,135903
HybridEdFndsa512,verify_chain,0,136202
HybridEdFndsa512,verify_chain,0,135978
HybridEdFndsa512,verify_chain,0,137309
HybridEdFndsa512,verify_chain,0,136946
HybridEdFndsa512,verify_chain,0,136704
HybridEdFndsa512,verify_chain,1,200041
HybridEdFndsa512,verify_chain,1,198635
HybridEdFndsa512,verify_chain,1,198832
HybridEdFndsa512,verify_chain,1,203403
HybridEdFndsa512,verify_chain,1,223554
HybridEdFndsa512,verify_chain,1,203455
HybridEdFndsa512,verify_chain,1,199347
HybridEdFndsa512,verify_chain,1,210267
HybridEdFndsa512,verify_chain,1,200331
HybridEdFndsa512,verify_chain,1,198676
HybridEdFndsa512,verify_chain,1,206813
HybridEdFndsa512,verify_chain,1,198898
HybridEdFndsa512,verify_chain,1,198560
HybridEdFndsa512,verify_chain,1,198457
HybridEdFndsa512,verify_chain,1,198460
HybridEdFndsa512,verify_chain,1,198742
HybridEdFndsa512,verify_chain,1,199615
HybridEdFndsa512,verify_chain,1,209313
HybridEdFndsa512,verify_chain,1,208450
HybridEdFndsa512,verify_chain,1,201320
HybridEdFndsa512,verify_chain,1,202751
HybridEdFndsa512,verify_chain,1,200987
HybridEdFndsa512,verify_chain,1,197927
HybridEdFndsa512,verify_chain,1,198396
HybridEdFndsa512,verify_chain,1,207846
HybridEdFndsa512,verify_chain,1,199268
HybridEdFndsa512,verify_chain,1,205545
HybridEdFndsa512,verify_chain,1,202376
HybridEdFndsa512,verify_chain,1,198771
HybridEdFndsa512,verify_chain,1,199127
HybridEdFndsa512,verify_chain,1,198407
HybridEdFndsa512,verify_chain,1,198037
HybridEdFndsa512,verify_chain,1,198413
HybridEdFndsa512,verify_chain,1,199177
HybridEdFndsa512,verify_chain,1,198111
HybridEdFndsa512,verify_chain,1,208642
HybridEdFndsa512,verify_chain,1,203940
HybridEdFndsa512,verify_chain,1,204556
HybridEdFndsa512,verify_chain,1,209923
HybridEdFndsa512,verify_chain,1,206650
HybridEdFndsa512,verify_chain,1,217495
HybridEdFndsa512,verify_chain,1,222766
HybridEdFndsa512,verify_chain,1,210296
HybridEdFndsa512,verify_chain,1,208887
HybridEdFndsa512,verify_chain,1,266100
HybridEdFndsa512,verify_chain,1,283963
HybridEdFndsa512,verify_chain,1,214724
HybridEdFndsa512,verify_chain,1,207131
HybridEdFndsa512,verify_chain,1,204728
HybridEdFndsa512,verify_chain,1,203917
HybridEdFndsa512,verify_chain,1,204571
HybridEdFndsa512,verify_chain,1,203448
HybridEdFndsa512,verify_chain,1,278276
HybridEdFndsa512,verify_chain,1,218245
HybridEdFndsa512,verify_chain,1,209313
HybridEdFndsa512,verify_chain,1,207906
HybridEdFndsa512,verify_chain,1,205280
HybridEdFndsa512,verify_chain,1,205404
HybridEdFndsa512,verify_chain,1,204717
HybridEdFndsa512,verify_chain,1,204226
HybridEdFndsa512,verify_chain,1,221296
HybridEdFndsa512,verify_chain,1,214506
HybridEdFndsa512,verify_chain,1,225042
HybridEdFndsa512,verify_chain,1,204724
HybridEdFndsa512,verify_chain,1,203150
HybridEdFndsa512,verify_chain,1,223306
HybridEdFndsa512,verify_chain,1,210139
HybridEdFndsa512,verify_chain,1,209156
HybridEdFndsa512,verify_chain,1,219977
HybridEdFndsa512,verify_chain,1,220479
HybridEdFndsa512,verify_chain,1,213202
HybridEdFndsa512,verify_chain,1,209650
HybridEdFndsa512,verify_chain,1,223868
HybridEdFndsa512,verify_chain,1,216835
HybridEdFndsa512,verify_chain,1,212133
HybridEdFndsa512,verify_chain,1,212812
HybridEdFndsa512,verify_chain,1,216725
HybridEdFndsa512,verify_chain,1,217657
HybridEdFndsa512,verify_chain,1,215018
HybridEdFndsa512,verify_chain,1,229431
HybridEdFndsa512,verify_chain,1,227404
HybridEdFndsa512,verify_chain,1,215960
HybridEdFndsa512,verify_chain,1,236143
HybridEdFndsa512,verify_chain,1,212300
HybridEdFndsa512,verify_chain,1,208374
HybridEdFndsa512,verify_chain,1,208533
HybridEdFndsa512,verify_chain,1,207660
HybridEdFndsa512,verify_chain,1,207780
HybridEdFndsa512,verify_chain,1,221117
HybridEdFndsa512,verify_chain,1,210342
HybridEdFndsa512,verify_chain,1,207451
HybridEdFndsa512,verify_chain,1,206435
HybridEdFndsa512,verify_chain,1,222598
HybridEdFndsa512,verify_chain,1,209524
HybridEdFndsa512,verify_chain,1,207417
HybridEdFndsa512,verify_chain,1,206225
HybridEdFndsa512,verify_chain,1,206493
HybridEdFndsa512,verify_chain,1,217879
HybridEdFndsa512,verify_chain,1,209679
HybridEdFndsa512,verify_chain,1,216667
HybridEdFndsa512,verify_chain,1,208521
HybridEdFndsa512,verify_chain,2,276637
HybridEdFndsa512,verify_chain,2,277233
HybridEdFndsa512,verify_chain,2,288474
HybridEdFndsa512,verify_chain,2,404187
HybridEdFndsa512,verify_chain,2,330986
HybridEdFndsa512,verify_chain,2,287020
HybridEdFndsa512,verify_chain,2,293510
HybridEdFndsa512,verify_chain,2,283850
HybridEdFndsa512,verify_chain,2,284907
HybridEdFndsa512,verify_chain,2,279572
HybridEdFndsa512,verify_chain,2,290395
HybridEdFndsa512,verify_chain,2,277455
HybridEdFndsa512,verify_chain,2,285014
HybridEdFndsa512,verify_chain,2,278542
HybridEdFndsa512,verify_chain,2,275681
HybridEdFndsa512,verify_chain,2,275496
HybridEdFndsa512,verify_chain,2,332608
HybridEdFndsa512,verify_chain,2,294136
HybridEdFndsa512,verify_chain,2,277512
HybridEdFndsa512,verify_chain,2,277937
HybridEdFndsa512,verify_chain,2,276326
HybridEdFndsa512,verify_chain,2,276317
HybridEdFndsa512,verify_chain,2,276717
HybridEdFndsa512,verify_chain,2,289161
HybridEdFndsa512,verify_chain,2,278547
HybridEdFndsa512,verify_chain,2,275689
HybridEdFndsa512,verify_chain,2,276379
HybridEdFndsa512,verify_chain,2,277311
HybridEdFndsa512,verify_chain,2,277304
HybridEdFndsa512,verify_chain,2,285520
HybridEdFndsa512,verify_chain,2,305937
HybridEdFndsa512,verify_chain,2,285403
HybridEdFndsa512,verify_chain,2,276640
HybridEdFndsa512,verify_chain,2,275134
HybridEdFndsa512,verify_chain,2,276117
HybridEdFndsa512,verify_chain,2,276316
HybridEdFndsa512,verify_chain,2,285604
HybridEdFndsa512,verify_chain,2,276788
HybridEdFndsa512,verify_chain,2,276267
HybridEdFndsa512,verify_chain,2,275379
HybridEdFndsa512,verify_chain,2,273959
HybridEdFndsa512,verify_chain,2,276762
HybridEdFndsa512,verify_chain,2,284092
HybridEdFndsa512,verify_chain,2,280366
HybridEdFndsa512,verify_chain,2,284737
HybridEdFndsa512,verify_chain,2,283913
HybridEdFndsa512,verify_chain,2,275527
HybridEdFndsa512,verify_chain,2,275722
HybridEdFndsa512,verify_chain,2,283659
HybridEdFndsa512,verify_chain,2,280439
HybridEdFndsa512,verify_chain,2,276898
HybridEdFndsa512,verify_chain,2,275986
HybridEdFndsa512,verify_chain,2,274876
HybridEdFndsa512,verify_chain,2,275462
HybridEdFndsa512,verify_chain,2,274868
HybridEdFndsa512,verify_chain,2,274704
HybridEdFndsa512,verify_chain,2,287587
HybridEdFndsa512,verify_chain,2,278404
HybridEdFndsa512,verify_chain,2,275654
HybridEdFndsa512,verify_chain,2,297791
HybridEdFndsa512,verify_chain,2,283039
HybridEdFndsa512,verify_chain,2,384984
HybridEdFndsa512,verify_chain,2,330631
HybridEdFndsa512,verify_chain,2,292313
HybridEdFndsa512,verify_chain,2,285529
HybridEdFndsa512,verify_chain,2,280663
HybridEdFndsa512,verify_chain,2,329026
HybridEdFndsa512,verify_chain,2,289312
HybridEdFndsa512,verify_chain,2,283349
HybridEdFndsa512,verify_chain,2,284189
HybridEdFndsa512,verify_chain,2,284962
HybridEdFndsa512,verify_chain,2,280134
HybridEdFndsa512,verify_chain,2,350661
HybridEdFndsa512,verify_chain,2,304380
HybridEdFndsa512,verify_chain,2,278547
HybridEdFndsa512,verify_chain,2,277421
HybridEdFndsa512,verify_chain,2,275975
HybridEdFndsa512,verify_chain,2,276625
HybridEdFndsa512,verify_chain,2,287002
HybridEdFndsa512,verify_chain,2,280755
HybridEdFndsa512,verify_chain,2,274499
HybridEdFndsa512,verify_chain,2,274700
HybridEdFndsa512,verify_chain,2,276680
HybridEdFndsa512,verify_chain,2,276373
HybridEdFndsa512,verify_chain,2,275472
HybridEdFndsa512,verify_chain,2,282810
HybridEdFndsa512,verify_chain,2,281757
HybridEdFndsa512,verify_chain,2,295779
HybridEdFndsa512,verify_chain,2,278902
HybridEdFndsa512,verify_chain,2,275399
HybridEdFndsa512,verify_chain,2,275316
HybridEdFndsa512,verify_chain,2,277108
HybridEdFndsa512,verify_chain,2,276153
HybridEdFndsa512,verify_chain,2,286908
HybridEdFndsa512,verify_chain,2,276279
HybridEdFndsa512,verify_chain,2,275389
HybridEdFndsa512,verify_chain,2,275849
HybridEdFndsa512,verify_chain,2,275099
HybridEdFndsa512,verify_chain,2,274546
HybridEdFndsa512,verify_chain,2,286296
HybridEdFndsa512,verify_chain,2,277726
HybridEdFndsa512,verify_chain,5,481448
HybridEdFndsa512,verify_chain,5,491505
HybridEdFndsa512,verify_chain,5,482424
HybridEdFndsa512,verify_chain,5,479836
HybridEdFndsa512,verify_chain,5,485375
HybridEdFndsa512,verify_chain,5,495671
HybridEdFndsa512,verify_chain,5,481701
HybridEdFndsa512,verify_chain,5,486746
HybridEdFndsa512,verify_chain,5,480949
HybridEdFndsa512,verify_chain,5,512821
HybridEdFndsa512,verify_chain,5,481513
HybridEdFndsa512,verify_chain,5,479280
HybridEdFndsa512,verify_chain,5,490363
HybridEdFndsa512,verify_chain,5,479987
HybridEdFndsa512,verify_chain,5,479141
HybridEdFndsa512,verify_chain,5,487409
HybridEdFndsa512,verify_chain,5,501958
HybridEdFndsa512,verify_chain,5,483508
HybridEdFndsa512,verify_chain,5,478594
HybridEdFndsa512,verify_chain,5,482402
HybridEdFndsa512,verify_chain,5,493102
HybridEdFndsa512,verify_chain,5,482903
HybridEdFndsa512,verify_chain,5,478258
HybridEdFndsa512,verify_chain,5,487160
HybridEdFndsa512,verify_chain,5,488246
HybridEdFndsa512,verify_chain,5,488208
HybridEdFndsa512,verify_chain,5,510515
HybridEdFndsa512,verify_chain,5,497834
HybridEdFndsa512,verify_chain,5,507670
HybridEdFndsa512,verify_chain,5,507445
HybridEdFndsa512,verify_chain,5,491263
HybridEdFndsa512,verify_chain,5,529801
HybridEdFndsa512,verify_chain,5,489843
HybridEdFndsa512,verify_chain,5,507435
HybridEdFndsa512,verify_chain,5,491166
HybridEdFndsa512,verify_chain,5,516846
HybridEdFndsa512,verify_chain,5,493853
HybridEdFndsa512,verify_chain,5,488717
HybridEdFndsa512,verify_chain,5,516148
HybridEdFndsa512,verify_chain,5,515788
HybridEdFndsa512,verify_chain,5,496220
HybridEdFndsa512,verify_chain,5,505636
HybridEdFndsa512,verify_chain,5,490414
HybridEdFndsa512,verify_chain,5,501856
HybridEdFndsa512,verify_chain,5,506116
HybridEdFndsa512,verify_chain,5,488023
HybridEdFndsa512,verify_chain,5,487245
HybridEdFndsa512,verify_chain,5,545387
HybridEdFndsa512,verify_chain,5,515019
HybridEdFndsa512,verify_chain,5,496554
HybridEdFndsa512,verify_chain,5,509266
HybridEdFndsa512,verify_chain,5,505780
HybridEdFndsa512,verify_chain,5,489101
HybridEdFndsa512,verify_chain,5,508937
HybridEdFndsa512,verify_chain,5,489537
HybridEdFndsa512,verify_chain,5,509572
HybridEdFndsa512,verify_chain,5,488605
HybridEdFndsa512,verify_chain,5,505003
HybridEdFndsa512,verify_chain,5,525432
HybridEdFndsa512,verify_chain,5,516312
HybridEdFndsa512,verify_chain,5,498755
HybridEdFndsa512,verify_chain,5,518334
HybridEdFndsa512,verify_chain,5,622822
HybridEdFndsa512,verify_chain,5,697232
HybridEdFndsa512,verify_chain,5,610237
HybridEdFndsa512,verify_chain,5,582251
HybridEdFndsa512,verify_chain,5,510818
HybridEdFndsa512,verify_chain,5,532277
HybridEdFndsa512,verify_chain,5,520109
HybridEdFndsa512,verify_chain,5,523872
HybridEdFndsa512,verify_chain,5,531580
HybridEdFndsa512,verify_chain,5,515093
HybridEdFndsa512,verify_chain,5,504142
HybridEdFndsa512,verify_chain,5,517024
HybridEdFndsa512,verify_chain,5,496511
HybridEdFndsa512,verify_chain,5,516947
HybridEdFndsa512,verify_chain,5,505465
HybridEdFndsa512,verify_chain,5,507453
HybridEdFndsa512,verify_chain,5,515463
HybridEdFndsa512,verify_chain,5,508859
HybridEdFndsa512,verify_chain,5,503281
HybridEdFndsa512,verify_chain,5,495330
HybridEdFndsa512,verify_chain,5,527960
HybridEdFndsa512,verify_chain,5,502847
HybridEdFndsa512,verify_chain,5,495814
HybridEdFndsa512,verify_chain,5,515604
HybridEdFndsa512,verify_chain,5,511339
HybridEdFndsa512,verify_chain,5,509222
HybridEdFndsa512,verify_chain,5,495476
HybridEdFndsa512,verify_chain,5,491250
HybridEdFndsa512,verify_chain,5,503943
HybridEdFndsa512,verify_chain,5,490399
HybridEdFndsa512,verify_chain,5,525915
HybridEdFndsa512,verify_chain,5,528798
HybridEdFndsa512,verify_chain,5,520830
HybridEdFndsa512,verify_chain,5,494212
HybridEdFndsa512,verify_chain,5,499224
HybridEdFndsa512,verify_chain,5,488616
HybridEdFndsa512,verify_chain,5,501049
HybridEdFndsa512,verify_chain,5,506819
HybridEdFndsa512,verify_chain,5,490008
HybridEdFndsa512,verify_chain,10,888363
HybridEdFndsa512,verify_chain,10,888967
HybridEdFndsa512,verify_chain,10,880356
HybridEdFndsa512,verify_chain,10,892917
HybridEdFndsa512,verify_chain,10,870515
HybridEdFndsa512,verify_chain,10,889635
HybridEdFndsa512,verify_chain,10,916321
HybridEdFndsa512,verify_chain,10,896572
HybridEdFndsa512,verify_chain,10,882252
HybridEdFndsa512,verify_chain,10,867540
HybridEdFndsa512,verify_chain,10,881522
HybridEdFndsa512,verify_chain,10,889551
HybridEdFndsa512,verify_chain,10,883519
HybridEdFndsa512,verify_chain,10,874417
HybridEdFndsa512,verify_chain,10,884114
HybridEdFndsa512,verify_chain,10,871791
HybridEdFndsa512,verify_chain,10,883918
HybridEdFndsa512,verify_chain,10,901023
HybridEdFndsa512,verify_chain,10,868258
HybridEdFndsa512,verify_chain,10,877664
HybridEdFndsa512,verify_chain,10,876085
HybridEdFndsa512,verify_chain,10,895641
HybridEdFndsa512,verify_chain,10,872053
HybridEdFndsa512,verify_chain,10,878015
HybridEdFndsa512,verify_chain,10,869501
HybridEdFndsa512,verify_chain,10,873092
HybridEdFndsa512,verify_chain,10,879488
HybridEdFndsa512,verify_chain,10,870064
HybridEdFndsa512,verify_chain,10,883384
HybridEdFndsa512,verify_chain,10,900343
HybridEdFndsa512,verify_chain,10,885798
HybridEdFndsa512,verify_chain,10,883361
HybridEdFndsa512,verify_chain,10,882364
HybridEdFndsa512,verify_chain,10,869714
HybridEdFndsa512,verify_chain,10,1003224
HybridEdFndsa512,verify_chain,10,892211
HybridEdFndsa512,verify_chain,10,916983
HybridEdFndsa512,verify_chain,10,879933
HybridEdFndsa512,verify_chain,10,909016
HybridEdFndsa512,verify_chain,10,876663
HybridEdFndsa512,verify_chain,10,892593
HybridEdFndsa512,verify_chain,10,879193
HybridEdFndsa512,verify_chain,10,889728
HybridEdFndsa512,verify_chain,10,880560
HybridEdFndsa512,verify_chain,10,898076
HybridEdFndsa512,verify_chain,10,872269
HybridEdFndsa512,verify_chain,10,880015
HybridEdFndsa512,verify_chain,10,904248
HybridEdFndsa512,verify_chain,10,879651
HybridEdFndsa512,verify_chain,10,852539
HybridEdFndsa512,verify_chain,10,927545
HybridEdFndsa512,verify_chain,10,962371
HybridEdFndsa512,verify_chain,10,956609
HybridEdFndsa512,verify_chain,10,888966
HybridEdFndsa512,verify_chain,10,880692
HybridEdFndsa512,verify_chain,10,863323
HybridEdFndsa512,verify_chain,10,879909
HybridEdFndsa512,verify_chain,10,862803
HybridEdFndsa512,verify_chain,10,876556
HybridEdFndsa512,verify_chain,10,856480
HybridEdFndsa512,verify_chain,10,851051
HybridEdFndsa512,verify_chain,10,879723
HybridEdFndsa512,verify_chain,10,871957
HybridEdFndsa512,verify_chain,10,862436
HybridEdFndsa512,verify_chain,10,834328
HybridEdFndsa512,verify_chain,10,851812
HybridEdFndsa512,verify_chain,10,837151
HybridEdFndsa512,verify_chain,10,863800
HybridEdFndsa512,verify_chain,10,836190
HybridEdFndsa512,verify_chain,10,1128578
HybridEdFndsa512,verify_chain,10,1035881
HybridEdFndsa512,verify_chain,10,860793
HybridEdFndsa512,verify_chain,10,863126
HybridEdFndsa512,verify_chain,10,858857
HybridEdFndsa512,verify_chain,10,855586
HybridEdFndsa512,verify_chain,10,853248
HybridEdFndsa512,verify_chain,10,837268
HybridEdFndsa512,verify_chain,10,848522
HybridEdFndsa512,verify_chain,10,840733
HybridEdFndsa512,verify_chain,10,854838
HybridEdFndsa512,verify_chain,10,837587
HybridEdFndsa512,verify_chain,10,858029
HybridEdFndsa512,verify_chain,10,835496
HybridEdFndsa512,verify_chain,10,842913
HybridEdFndsa512,verify_chain,10,837797
HybridEdFndsa512,verify_chain,10,846750
HybridEdFndsa512,verify_chain,10,837503
HybridEdFndsa512,verify_chain,10,835304
HybridEdFndsa512,verify_chain,10,898516
HybridEdFndsa512,verify_chain,10,884601
HybridEdFndsa512,verify_chain,10,851721
HybridEdFndsa512,verify_chain,10,829552
HybridEdFndsa512,verify_chain,10,826722
HybridEdFndsa512,verify_chain,10,833960
HybridEdFndsa512,verify_chain,10,824627
HybridEdFndsa512,verify_chain,10,851079
HybridEdFndsa512,verify_chain,10,828068
HybridEdFndsa512,verify_chain,10,828950
HybridEdFndsa512,verify_chain,10,831947
HybridEdFndsa512,verify_chain,10,825421
HybridEdFndsa512,verify_chain,10,817027
HybridEdFndsa512,authority_build,2,3374763
HybridEdFndsa512,authority_build,2,4029774
HybridEdFndsa512,authority_build,2,4376124
HybridEdFndsa512,authority_build,2,3948076
HybridEdFndsa512,authority_build,2,3568099
HybridEdFndsa512,authority_build,2,4609948
HybridEdFndsa512,authority_build,2,4359673
HybridEdFndsa512,authority_build,2,4975801
HybridEdFndsa512,authority_build,2,3613473
HybridEdFndsa512,authority_build,2,6650284
HybridEdFndsa512,authority_build,2,4313348
HybridEdFndsa512,authority_build,2,3702028
HybridEdFndsa512,authority_build,2,3312059
HybridEdFndsa512,authority_build,2,9840070
HybridEdFndsa512,authority_build,2,4372419
HybridEdFndsa512,authority_build,2,7171135
HybridEdFndsa512,authority_build,2,3900549
HybridEdFndsa512,authority_build,2,4693165
HybridEdFndsa512,authority_build,2,3313517
HybridEdFndsa512,authority_build,2,8174528
HybridEdFndsa512,authority_build,2,5201787
HybridEdFndsa512,authority_build,2,8397392
HybridEdFndsa512,authority_build,2,3969547
HybridEdFndsa512,authority_build,2,4000894
HybridEdFndsa512,authority_build,2,6629768
HybridEdFndsa512,authority_build,2,3479175
HybridEdFndsa512,authority_build,2,3724204
HybridEdFndsa512,authority_build,2,3853847
HybridEdFndsa512,authority_build,2,9855252
HybridEdFndsa512,authority_build,2,3655212
HybridEdFndsa512,authority_build,2,3427287
HybridEdFndsa512,authority_build,2,6550864
HybridEdFndsa512,authority_build,2,4508439
HybridEdFndsa512,authority_build,2,3585623
HybridEdFndsa512,authority_build,2,3285852
HybridEdFndsa512,authority_build,2,5540897
HybridEdFndsa512,authority_build,2,8601185
HybridEdFndsa512,authority_build,2,4810771
HybridEdFndsa512,authority_build,2,4081770
HybridEdFndsa512,authority_build,2,3564619
HybridEdFndsa512,authority_build,2,4154755
HybridEdFndsa512,authority_build,2,4233667
HybridEdFndsa512,authority_build,2,11111040
HybridEdFndsa512,authority_build,2,3724146
HybridEdFndsa512,authority_build,2,3775246
HybridEdFndsa512,authority_build,2,5654353
HybridEdFndsa512,authority_build,2,5149710
HybridEdFndsa512,authority_build,2,4138937
HybridEdFndsa512,authority_build,2,4070338
HybridEdFndsa512,authority_build,2,4076336
HybridEdFndsa512,authority_build,2,3310874
HybridEdFndsa512,authority_build,2,3875567
HybridEdFndsa512,authority_build,2,4690981
HybridEdFndsa512,authority_build,2,4686089
HybridEdFndsa512,authority_build,2,4833846
HybridEdFndsa512,authority_build,2,4928181
HybridEdFndsa512,authority_build,2,5165493
HybridEdFndsa512,authority_build,2,4819454
HybridEdFndsa512,authority_build,2,3336172
HybridEdFndsa512,authority_build,2,3873501
HybridEdFndsa512,authority_build,2,3848678
HybridEdFndsa512,authority_build,2,4613600
HybridEdFndsa512,authority_build,2,3844272
HybridEdFndsa512,authority_build,2,3803718
HybridEdFndsa512,authority_build,2,5306637
HybridEdFndsa512,authority_build,2,3517950
HybridEdFndsa512,authority_build,2,4227504
HybridEdFndsa512,authority_build,2,6166332
HybridEdFndsa512,authority_build,2,8596137
HybridEdFndsa512,authority_build,2,6404858
HybridEdFndsa512,authority_build,2,3840945
HybridEdFndsa512,authority_build,2,5482092
HybridEdFndsa512,authority_build,2,4615125
HybridEdFndsa512,authority_build,2,5147486
HybridEdFndsa512,authority_build,2,4144537
HybridEdFndsa512,authority_build,2,6690963
HybridEdFndsa512,authority_build,2,5216880
HybridEdFndsa512,authority_build,2,5353634
HybridEdFndsa512,authority_build,2,3387275
HybridEdFndsa512,authority_build,2,4081318
HybridEdFndsa512,authority_build,2,3400473
HybridEdFndsa512,authority_build,2,3904754
HybridEdFndsa512,authority_build,2,4859138
HybridEdFndsa512,authority_build,2,5681967
HybridEdFndsa512,authority_build,2,7745379
HybridEdFndsa512,authority_build,2,5112100
HybridEdFndsa512,authority_build,2,3574007
HybridEdFndsa512,authority_build,2,4163349
HybridEdFndsa512,authority_build,2,5840395
HybridEdFndsa512,authority_build,2,4322430
HybridEdFndsa512,authority_build,2,5702201
HybridEdFndsa512,authority_build,2,5559414
HybridEdFndsa512,authority_build,2,4013658
HybridEdFndsa512,authority_build,2,4092560
HybridEdFndsa512,authority_build,2,3939716
HybridEdFndsa512,authority_build,2,4803259
HybridEdFndsa512,authority_build,2,4711484
HybridEdFndsa512,authority_build,2,4021337
HybridEdFndsa512,authority_build,2,3916601
HybridEdFndsa512,authority_build,2,3393096
HybridEdFndsa512,authority_build,2,3922403
HybridEdFndsa512,append_hop,2,3696547
HybridEdFndsa512,append_hop,2,4454695
HybridEdFndsa512,append_hop,2,3634094
HybridEdFndsa512,append_hop,2,4142914
HybridEdFndsa512,append_hop,2,3457873
HybridEdFndsa512,append_hop,2,3597386
HybridEdFndsa512,append_hop,2,4952855
HybridEdFndsa512,append_hop,2,3580258
HybridEdFndsa512,append_hop,2,8364891
HybridEdFndsa512,append_hop,2,3960680
HybridEdFndsa512,append_hop,2,4840245
HybridEdFndsa512,append_hop,2,4124634
HybridEdFndsa512,append_hop,2,3609902
HybridEdFndsa512,append_hop,2,3552285
HybridEdFndsa512,append_hop,2,4293798
HybridEdFndsa512,append_hop,2,3599967
HybridEdFndsa512,append_hop,2,4475307
HybridEdFndsa512,append_hop,2,3770379
HybridEdFndsa512,append_hop,2,4697286
HybridEdFndsa512,append_hop,2,8096359
HybridEdFndsa512,append_hop,2,3448003
HybridEdFndsa512,append_hop,2,4122556
HybridEdFndsa512,append_hop,2,3439320
HybridEdFndsa512,append_hop,2,6013014
HybridEdFndsa512,append_hop,2,3366810
HybridEdFndsa512,append_hop,2,4796768
HybridEdFndsa512,append_hop,2,4339371
HybridEdFndsa512,append_hop,2,3507531
HybridEdFndsa512,append_hop,2,6054868
HybridEdFndsa512,append_hop,2,3904884
HybridEdFndsa512,append_hop,2,3806431
HybridEdFndsa512,append_hop,2,4700495
HybridEdFndsa512,append_hop,2,5371704
HybridEdFndsa512,append_hop,2,4378711
HybridEdFndsa512,append_hop,2,4868829
HybridEdFndsa512,append_hop,2,4405441
HybridEdFndsa512,append_hop,2,4602195
HybridEdFndsa512,append_hop,2,5349019
HybridEdFndsa512,append_hop,2,3909686
HybridEdFndsa512,append_hop,2,5632670
HybridEdFndsa512,append_hop,2,3710460
HybridEdFndsa512,append_hop,2,3471529
HybridEdFndsa512,append_hop,2,3764635
HybridEdFndsa512,append_hop,2,3403355
HybridEdFndsa512,append_hop,2,5320088
HybridEdFndsa512,append_hop,2,5965798
HybridEdFndsa512,append_hop,2,3632071
HybridEdFndsa512,append_hop,2,3927053
HybridEdFndsa512,append_hop,2,12057864
HybridEdFndsa512,append_hop,2,5797922
HybridEdFndsa512,append_hop,2,3677896
HybridEdFndsa512,append_hop,2,4565438
HybridEdFndsa512,append_hop,2,4178804
HybridEdFndsa512,append_hop,2,4936108
HybridEdFndsa512,append_hop,2,3562475
HybridEdFndsa512,append_hop,2,3908851
HybridEdFndsa512,append_hop,2,4430291
HybridEdFndsa512,append_hop,2,4282633
HybridEdFndsa512,append_hop,2,3832625
HybridEdFndsa512,append_hop,2,5006814
HybridEdFndsa512,append_hop,2,4954036
HybridEdFndsa512,append_hop,2,6677644
HybridEdFndsa512,append_hop,2,4085913
HybridEdFndsa512,append_hop,2,3487115
HybridEdFndsa512,append_hop,2,4334337
HybridEdFndsa512,append_hop,2,4734455
HybridEdFndsa512,append_hop,2,3976336
HybridEdFndsa512,append_hop,2,3634285
HybridEdFndsa512,append_hop,2,3878439
HybridEdFndsa512,append_hop,2,3906990
HybridEdFndsa512,append_hop,2,3898677
HybridEdFndsa512,append_hop,2,4947304
HybridEdFndsa512,append_hop,2,3478673
HybridEdFndsa512,append_hop,2,5157435
HybridEdFndsa512,append_hop,2,3715818
HybridEdFndsa512,append_hop,2,4686191
HybridEdFndsa512,append_hop,2,4004929
HybridEdFndsa512,append_hop,2,4866494
HybridEdFndsa512,append_hop,2,10075601
HybridEdFndsa512,append_hop,2,4493184
HybridEdFndsa512,append_hop,2,3989934
HybridEdFndsa512,append_hop,2,3599956
HybridEdFndsa512,append_hop,2,3594048
HybridEdFndsa512,append_hop,2,3467623
HybridEdFndsa512,append_hop,2,4041655
HybridEdFndsa512,append_hop,2,4255059
HybridEdFndsa512,append_hop,2,8786963
HybridEdFndsa512,append_hop,2,5091036
HybridEdFndsa512,append_hop,2,5294670
HybridEdFndsa512,append_hop,2,4269207
HybridEdFndsa512,append_hop,2,4568009
HybridEdFndsa512,append_hop,2,4242754
HybridEdFndsa512,append_hop,2,3673964
HybridEdFndsa512,append_hop,2,7416914
HybridEdFndsa512,append_hop,2,5233015
HybridEdFndsa512,append_hop,2,3439203
HybridEdFndsa512,append_hop,2,4286520
HybridEdFndsa512,append_hop,2,3662693
HybridEdFndsa512,append_hop,2,4180421
HybridEdFndsa512,append_hop,2,4461846
HybridEdFndsa512,append_hop,2,4248489
HybridEdFndsa512,seal,2,171615
HybridEdFndsa512,seal,2,179864
HybridEdFndsa512,seal,2,172627
HybridEdFndsa512,seal,2,171116
HybridEdFndsa512,seal,2,170939
HybridEdFndsa512,seal,2,172370
HybridEdFndsa512,seal,2,170523
HybridEdFndsa512,seal,2,171701
HybridEdFndsa512,seal,2,177807
HybridEdFndsa512,seal,2,177260
HybridEdFndsa512,seal,2,174225
HybridEdFndsa512,seal,2,179008
HybridEdFndsa512,seal,2,172083
HybridEdFndsa512,seal,2,171806
HybridEdFndsa512,seal,2,169394
HybridEdFndsa512,seal,2,169084
HybridEdFndsa512,seal,2,170646
HybridEdFndsa512,seal,2,181497
HybridEdFndsa512,seal,2,171908
HybridEdFndsa512,seal,2,177831
HybridEdFndsa512,seal,2,173070
HybridEdFndsa512,seal,2,178062
HybridEdFndsa512,seal,2,172164
HybridEdFndsa512,seal,2,172484
HybridEdFndsa512,seal,2,171533
HybridEdFndsa512,seal,2,176537
HybridEdFndsa512,seal,2,183001
HybridEdFndsa512,seal,2,183872
HybridEdFndsa512,seal,2,183806
HybridEdFndsa512,seal,2,179783
HybridEdFndsa512,seal,2,183453
HybridEdFndsa512,seal,2,186683
HybridEdFndsa512,seal,2,178323
HybridEdFndsa512,seal,2,184101
HybridEdFndsa512,seal,2,179314
HybridEdFndsa512,seal,2,175980
HybridEdFndsa512,seal,2,175644
HybridEdFndsa512,seal,2,181914
HybridEdFndsa512,seal,2,173401
HybridEdFndsa512,seal,2,175930
HybridEdFndsa512,seal,2,184372
HybridEdFndsa512,seal,2,176633
HybridEdFndsa512,seal,2,175834
HybridEdFndsa512,seal,2,174632
HybridEdFndsa512,seal,2,174417
HybridEdFndsa512,seal,2,176910
HybridEdFndsa512,seal,2,174083
HybridEdFndsa512,seal,2,174090
HybridEdFndsa512,seal,2,174759
HybridEdFndsa512,seal,2,174192
HybridEdFndsa512,seal,2,171954
HybridEdFndsa512,seal,2,180172
HybridEdFndsa512,seal,2,190416
HybridEdFndsa512,seal,2,177670
HybridEdFndsa512,seal,2,175912
HybridEdFndsa512,seal,2,198940
HybridEdFndsa512,seal,2,175578
HybridEdFndsa512,seal,2,176009
HybridEdFndsa512,seal,2,174347
HybridEdFndsa512,seal,2,172304
HybridEdFndsa512,seal,2,176383
HybridEdFndsa512,seal,2,172118
HybridEdFndsa512,seal,2,173359
HybridEdFndsa512,seal,2,186669
HybridEdFndsa512,seal,2,176173
HybridEdFndsa512,seal,2,175898
HybridEdFndsa512,seal,2,172004
HybridEdFndsa512,seal,2,176216
HybridEdFndsa512,seal,2,175411
HybridEdFndsa512,seal,2,175187
HybridEdFndsa512,seal,2,175023
HybridEdFndsa512,seal,2,174228
HybridEdFndsa512,seal,2,185566
HybridEdFndsa512,seal,2,177189
HybridEdFndsa512,seal,2,175858
HybridEdFndsa512,seal,2,189059
HybridEdFndsa512,seal,2,188067
HybridEdFndsa512,seal,2,180433
HybridEdFndsa512,seal,2,185239
HybridEdFndsa512,seal,2,188207
HybridEdFndsa512,seal,2,177091
HybridEdFndsa512,seal,2,175250
HybridEdFndsa512,seal,2,175980
HybridEdFndsa512,seal,2,190649
HybridEdFndsa512,seal,2,184936
HybridEdFndsa512,seal,2,172442
HybridEdFndsa512,seal,2,176249
HybridEdFndsa512,seal,2,171820
HybridEdFndsa512,seal,2,186291
HybridEdFndsa512,seal,2,176431
HybridEdFndsa512,seal,2,175762
HybridEdFndsa512,seal,2,174629
HybridEdFndsa512,seal,2,175655
HybridEdFndsa512,seal,2,177276
HybridEdFndsa512,seal,2,184674
HybridEdFndsa512,seal,2,177486
HybridEdFndsa512,seal,2,175464
HybridEdFndsa512,seal,2,172789
HybridEdFndsa512,seal,2,172631
HybridEdFndsa512,seal,2,176295
HybridEdFndsa512,seal,2,182127
HybridEdFndsa512,verify_n2,2,271173
HybridEdFndsa512,verify_n2,2,269851
HybridEdFndsa512,verify_n2,2,270149
HybridEdFndsa512,verify_n2,2,271519
HybridEdFndsa512,verify_n2,2,269660
HybridEdFndsa512,verify_n2,2,287921
HybridEdFndsa512,verify_n2,2,274909
HybridEdFndsa512,verify_n2,2,270075
HybridEdFndsa512,verify_n2,2,269492
HybridEdFndsa512,verify_n2,2,268762
HybridEdFndsa512,verify_n2,2,268682
HybridEdFndsa512,verify_n2,2,269430
HybridEdFndsa512,verify_n2,2,285353
HybridEdFndsa512,verify_n2,2,287231
HybridEdFndsa512,verify_n2,2,276504
HybridEdFndsa512,verify_n2,2,274848
HybridEdFndsa512,verify_n2,2,274044
HybridEdFndsa512,verify_n2,2,272354
HybridEdFndsa512,verify_n2,2,286311
HybridEdFndsa512,verify_n2,2,279208
HybridEdFndsa512,verify_n2,2,276892
HybridEdFndsa512,verify_n2,2,277283
HybridEdFndsa512,verify_n2,2,283779
HybridEdFndsa512,verify_n2,2,269684
HybridEdFndsa512,verify_n2,2,270549
HybridEdFndsa512,verify_n2,2,279511
HybridEdFndsa512,verify_n2,2,270932
HybridEdFndsa512,verify_n2,2,268863
HybridEdFndsa512,verify_n2,2,278884
HybridEdFndsa512,verify_n2,2,269728
HybridEdFndsa512,verify_n2,2,268649
HybridEdFndsa512,verify_n2,2,269673
HybridEdFndsa512,verify_n2,2,280833
HybridEdFndsa512,verify_n2,2,277006
HybridEdFndsa512,verify_n2,2,269133
HybridEdFndsa512,verify_n2,2,270144
HybridEdFndsa512,verify_n2,2,271653
HybridEdFndsa512,verify_n2,2,271964
HybridEdFndsa512,verify_n2,2,281609
HybridEdFndsa512,verify_n2,2,285708
HybridEdFndsa512,verify_n2,2,275871
HybridEdFndsa512,verify_n2,2,271203
HybridEdFndsa512,verify_n2,2,274203
HybridEdFndsa512,verify_n2,2,277819
HybridEdFndsa512,verify_n2,2,274702
HybridEdFndsa512,verify_n2,2,286198
HybridEdFndsa512,verify_n2,2,276726
HybridEdFndsa512,verify_n2,2,276610
HybridEdFndsa512,verify_n2,2,275412
HybridEdFndsa512,verify_n2,2,274725
HybridEdFndsa512,verify_n2,2,274039
HybridEdFndsa512,verify_n2,2,274792
HybridEdFndsa512,verify_n2,2,284680
HybridEdFndsa512,verify_n2,2,278461
HybridEdFndsa512,verify_n2,2,274562
HybridEdFndsa512,verify_n2,2,280459
HybridEdFndsa512,verify_n2,2,279286
HybridEdFndsa512,verify_n2,2,283140
HybridEdFndsa512,verify_n2,2,285138
HybridEdFndsa512,verify_n2,2,278948
HybridEdFndsa512,verify_n2,2,276528
HybridEdFndsa512,verify_n2,2,274921
HybridEdFndsa512,verify_n2,2,274761
HybridEdFndsa512,verify_n2,2,274755
HybridEdFndsa512,verify_n2,2,275744
HybridEdFndsa512,verify_n2,2,282579
HybridEdFndsa512,verify_n2,2,282912
HybridEdFndsa512,verify_n2,2,275054
HybridEdFndsa512,verify_n2,2,289162
HybridEdFndsa512,verify_n2,2,276655
HybridEdFndsa512,verify_n2,2,274979
HybridEdFndsa512,verify_n2,2,289364
HybridEdFndsa512,verify_n2,2,410924
HybridEdFndsa512,verify_n2,2,312013
HybridEdFndsa512,verify_n2,2,305307
HybridEdFndsa512,verify_n2,2,286160
HybridEdFndsa512,verify_n2,2,283166
HybridEdFndsa512,verify_n2,2,277134
HybridEdFndsa512,verify_n2,2,482350
HybridEdFndsa512,verify_n2,2,294648
HybridEdFndsa512,verify_n2,2,278525
HybridEdFndsa512,verify_n2,2,276723
HybridEdFndsa512,verify_n2,2,275553
HybridEdFndsa512,verify_n2,2,285668
HybridEdFndsa512,verify_n2,2,297151
HybridEdFndsa512,verify_n2,2,283552
HybridEdFndsa512,verify_n2,2,271399
HybridEdFndsa512,verify_n2,2,271799
HybridEdFndsa512,verify_n2,2,271535
HybridEdFndsa512,verify_n2,2,270718
HybridEdFndsa512,verify_n2,2,270767
HybridEdFndsa512,verify_n2,2,281672
HybridEdFndsa512,verify_n2,2,278795
HybridEdFndsa512,verify_n2,2,273878
HybridEdFndsa512,verify_n2,2,271738
HybridEdFndsa512,verify_n2,2,271045
HybridEdFndsa512,verify_n2,2,269229
HybridEdFndsa512,verify_n2,2,270733
HybridEdFndsa512,verify_n2,2,284052
HybridEdFndsa512,verify_n2,2,277498
HybridEdFndsa512,verify_n2,2,270920
HybridEdFndsa512,authorize,2,8870
HybridEdFndsa512,authorize,2,8981
HybridEdFndsa512,authorize,2,8801
HybridEdFndsa512,authorize,2,8831
HybridEdFndsa512,authorize,2,9144
HybridEdFndsa512,authorize,2,9174
HybridEdFndsa512,authorize,2,9045
HybridEdFndsa512,authorize,2,8638
HybridEdFndsa512,authorize,2,9165
HybridEdFndsa512,authorize,2,8792
HybridEdFndsa512,authorize,2,8940
HybridEdFndsa512,authorize,2,8760
HybridEdFndsa512,authorize,2,8829
HybridEdFndsa512,authorize,2,9030
HybridEdFndsa512,authorize,2,8731
HybridEdFndsa512,authorize,2,8728
HybridEdFndsa512,authorize,2,8653
HybridEdFndsa512,authorize,2,8969
HybridEdFndsa512,authorize,2,8842
HybridEdFndsa512,authorize,2,8891
HybridEdFndsa512,authorize,2,9224
HybridEdFndsa512,authorize,2,8779
HybridEdFndsa512,authorize,2,8569
HybridEdFndsa512,authorize,2,8507
HybridEdFndsa512,authorize,2,8833
HybridEdFndsa512,authorize,2,8858
HybridEdFndsa512,authorize,2,8770
HybridEdFndsa512,authorize,2,8817
HybridEdFndsa512,authorize,2,8954
HybridEdFndsa512,authorize,2,9030
HybridEdFndsa512,authorize,2,8858
HybridEdFndsa512,authorize,2,8839
HybridEdFndsa512,authorize,2,8951
HybridEdFndsa512,authorize,2,9048
HybridEdFndsa512,authorize,2,8995
HybridEdFndsa512,authorize,2,9163
HybridEdFndsa512,authorize,2,8735
HybridEdFndsa512,authorize,2,8872
HybridEdFndsa512,authorize,2,9120
HybridEdFndsa512,authorize,2,8900
HybridEdFndsa512,authorize,2,8866
HybridEdFndsa512,authorize,2,8725
HybridEdFndsa512,authorize,2,8881
HybridEdFndsa512,authorize,2,8791
HybridEdFndsa512,authorize,2,8834
HybridEdFndsa512,authorize,2,8722
HybridEdFndsa512,authorize,2,8929
HybridEdFndsa512,authorize,2,8876
HybridEdFndsa512,authorize,2,8778
HybridEdFndsa512,authorize,2,8759
HybridEdFndsa512,authorize,2,8595
HybridEdFndsa512,authorize,2,8906
HybridEdFndsa512,authorize,2,8916
HybridEdFndsa512,authorize,2,8848
HybridEdFndsa512,authorize,2,8666
HybridEdFndsa512,authorize,2,8509
HybridEdFndsa512,authorize,2,8574
HybridEdFndsa512,authorize,2,8891
HybridEdFndsa512,authorize,2,8625
HybridEdFndsa512,authorize,2,8697
HybridEdFndsa512,authorize,2,8814
HybridEdFndsa512,authorize,2,8767
HybridEdFndsa512,authorize,2,8850
HybridEdFndsa512,authorize,2,8632
HybridEdFndsa512,authorize,2,8797
HybridEdFndsa512,authorize,2,8829
HybridEdFndsa512,authorize,2,8811
HybridEdFndsa512,authorize,2,8901
HybridEdFndsa512,authorize,2,8500
HybridEdFndsa512,authorize,2,8865
HybridEdFndsa512,authorize,2,8769
HybridEdFndsa512,authorize,2,8773
HybridEdFndsa512,authorize,2,8655
HybridEdFndsa512,authorize,2,8698
HybridEdFndsa512,authorize,2,8604
HybridEdFndsa512,authorize,2,8727
HybridEdFndsa512,authorize,2,8578
HybridEdFndsa512,authorize,2,8649
HybridEdFndsa512,authorize,2,8639
HybridEdFndsa512,authorize,2,8632
HybridEdFndsa512,authorize,2,8707
HybridEdFndsa512,authorize,2,8655
HybridEdFndsa512,authorize,2,8542
HybridEdFndsa512,authorize,2,8609
HybridEdFndsa512,authorize,2,8745
HybridEdFndsa512,authorize,2,8907
HybridEdFndsa512,authorize,2,8835
HybridEdFndsa512,authorize,2,8755
HybridEdFndsa512,authorize,2,8724
HybridEdFndsa512,authorize,2,18746
HybridEdFndsa512,authorize,2,11792
HybridEdFndsa512,authorize,2,9486
HybridEdFndsa512,authorize,2,8830
HybridEdFndsa512,authorize,2,8826
HybridEdFndsa512,authorize,2,8754
HybridEdFndsa512,authorize,2,8899
HybridEdFndsa512,authorize,2,8733
HybridEdFndsa512,authorize,2,8813
HybridEdFndsa512,authorize,2,8684
HybridEdFndsa512,authorize,2,8693
HybridEdFndsa512,authorize,2,8896
Slhdsa128s,verify_chain,0,387927
Slhdsa128s,verify_chain,0,379283
Slhdsa128s,verify_chain,0,380388
Slhdsa128s,verify_chain,0,377034
Slhdsa128s,verify_chain,0,382441
Slhdsa128s,verify_chain,1,585961
Slhdsa128s,verify_chain,1,569111
Slhdsa128s,verify_chain,1,565553
Slhdsa128s,verify_chain,1,577473
Slhdsa128s,verify_chain,1,568644
Slhdsa128s,verify_chain,2,784589
Slhdsa128s,verify_chain,2,779743
Slhdsa128s,verify_chain,2,787821
Slhdsa128s,verify_chain,2,756412
Slhdsa128s,verify_chain,2,748127
Slhdsa128s,authority_build,2,130513480
Slhdsa128s,authority_build,2,130155742
Slhdsa128s,authority_build,2,128181143
Slhdsa128s,authority_build,2,131093714
Slhdsa128s,authority_build,2,135522357
Slhdsa128s,append_hop,2,137354718
Slhdsa128s,append_hop,2,136356704
Slhdsa128s,append_hop,2,137696663
Slhdsa128s,append_hop,2,137634851
Slhdsa128s,append_hop,2,138056605
Slhdsa128s,seal,2,119795002
Slhdsa128s,seal,2,116311343
Slhdsa128s,seal,2,114582132
Slhdsa128s,seal,2,114833116
Slhdsa128s,seal,2,115594333
Slhdsa128s,verify_n2,2,749906
Slhdsa128s,verify_n2,2,740476
Slhdsa128s,verify_n2,2,768166
Slhdsa128s,verify_n2,2,742858
Slhdsa128s,verify_n2,2,752429
Slhdsa128s,authorize,2,13615
Slhdsa128s,authorize,2,10861
Slhdsa128s,authorize,2,10484
Slhdsa128s,authorize,2,9857
Slhdsa128s,authorize,2,9811
Slhdsa128f,verify_chain,0,1003477
Slhdsa128f,verify_chain,0,965665
Slhdsa128f,verify_chain,0,975216
Slhdsa128f,verify_chain,0,974438
Slhdsa128f,verify_chain,0,980956
Slhdsa128f,verify_chain,1,1520577
Slhdsa128f,verify_chain,1,1508830
Slhdsa128f,verify_chain,1,1490844
Slhdsa128f,verify_chain,1,1512963
Slhdsa128f,verify_chain,1,1516782
Slhdsa128f,verify_chain,2,1967227
Slhdsa128f,verify_chain,2,1959038
Slhdsa128f,verify_chain,2,1983037
Slhdsa128f,verify_chain,2,2027980
Slhdsa128f,verify_chain,2,1989033
Slhdsa128f,authority_build,2,5743505
Slhdsa128f,authority_build,2,5851612
Slhdsa128f,authority_build,2,5685392
Slhdsa128f,authority_build,2,5609448
Slhdsa128f,authority_build,2,5769361
Slhdsa128f,append_hop,2,5860600
Slhdsa128f,append_hop,2,5862227
Slhdsa128f,append_hop,2,5841474
Slhdsa128f,append_hop,2,5868264
Slhdsa128f,append_hop,2,5919563
Slhdsa128f,seal,2,5707048
Slhdsa128f,seal,2,5694198
Slhdsa128f,seal,2,5783322
Slhdsa128f,seal,2,5957451
Slhdsa128f,seal,2,5600243
Slhdsa128f,verify_n2,2,2084738
Slhdsa128f,verify_n2,2,1962071
Slhdsa128f,verify_n2,2,1964255
Slhdsa128f,verify_n2,2,1974852
Slhdsa128f,verify_n2,2,1974086
Slhdsa128f,authorize,2,12777
Slhdsa128f,authorize,2,9865
Slhdsa128f,authorize,2,9190
Slhdsa128f,authorize,2,9290
Slhdsa128f,authorize,2,9058
Slhdsa256s,verify_chain,0,845788
Slhdsa256s,verify_chain,0,796980
Slhdsa256s,verify_chain,0,801209
Slhdsa256s,verify_chain,0,803930
Slhdsa256s,verify_chain,0,786028
Slhdsa256s,verify_chain,1,1252344
Slhdsa256s,verify_chain,1,1220365
Slhdsa256s,verify_chain,1,1258002
Slhdsa256s,verify_chain,1,1206013
Slhdsa256s,verify_chain,1,1207885
Slhdsa256s,verify_chain,2,1674803
Slhdsa256s,verify_chain,2,1622549
Slhdsa256s,verify_chain,2,1635018
Slhdsa256s,verify_chain,2,1619386
Slhdsa256s,verify_chain,2,1631755
Slhdsa256s,authority_build,2,209767963
Slhdsa256s,authority_build,2,211259846
Slhdsa256s,authority_build,2,214400582
Slhdsa256s,authority_build,2,209143213
Slhdsa256s,authority_build,2,210687858
Slhdsa256s,append_hop,2,210946038
Slhdsa256s,append_hop,2,210980274
Slhdsa256s,append_hop,2,208946807
Slhdsa256s,append_hop,2,215829708
Slhdsa256s,append_hop,2,221355287
Slhdsa256s,seal,2,204357731
Slhdsa256s,seal,2,201732707
Slhdsa256s,seal,2,200450133
Slhdsa256s,seal,2,200847381
Slhdsa256s,seal,2,203384530
Slhdsa256s,verify_n2,2,1613590
Slhdsa256s,verify_n2,2,1620332
Slhdsa256s,verify_n2,2,1629641
Slhdsa256s,verify_n2,2,1628079
Slhdsa256s,verify_n2,2,1604978
Slhdsa256s,authorize,2,13408
Slhdsa256s,authorize,2,10154
Slhdsa256s,authorize,2,9555
Slhdsa256s,authorize,2,9375
Slhdsa256s,authorize,2,9231
Slhdsa256f,verify_chain,0,1416962
Slhdsa256f,verify_chain,0,1452262
Slhdsa256f,verify_chain,0,1425189
Slhdsa256f,verify_chain,0,1424478
Slhdsa256f,verify_chain,0,1487915
Slhdsa256f,verify_chain,1,2305475
Slhdsa256f,verify_chain,1,2317495
Slhdsa256f,verify_chain,1,2316448
Slhdsa256f,verify_chain,1,2290027
Slhdsa256f,verify_chain,1,2314842
Slhdsa256f,verify_chain,2,2982278
Slhdsa256f,verify_chain,2,3116867
Slhdsa256f,verify_chain,2,2982907
Slhdsa256f,verify_chain,2,3134337
Slhdsa256f,verify_chain,2,3346002
Slhdsa256f,authority_build,2,21260701
Slhdsa256f,authority_build,2,21430995
Slhdsa256f,authority_build,2,21356416
Slhdsa256f,authority_build,2,21954845
Slhdsa256f,authority_build,2,21719253
Slhdsa256f,append_hop,2,20954300
Slhdsa256f,append_hop,2,21182355
Slhdsa256f,append_hop,2,21389776
Slhdsa256f,append_hop,2,21032913
Slhdsa256f,append_hop,2,21119193
Slhdsa256f,seal,2,20633288
Slhdsa256f,seal,2,20157307
Slhdsa256f,seal,2,20050833
Slhdsa256f,seal,2,19916178
Slhdsa256f,seal,2,19896239
Slhdsa256f,verify_n2,2,3005158
Slhdsa256f,verify_n2,2,3011899
Slhdsa256f,verify_n2,2,2982840
Slhdsa256f,verify_n2,2,2994421
Slhdsa256f,verify_n2,2,3060456
Slhdsa256f,authorize,2,12777
Slhdsa256f,authorize,2,10044
Slhdsa256f,authorize,2,9245
Slhdsa256f,authorize,2,9525
Slhdsa256f,authorize,2,9414
