profile,n,mode,rtt_ms,samples,total_p50_us,total_p95_us,total_p99_us,tsrv_us,rho,p50_ci_lo_us,p50_ci_hi_us,fail,fail_rate
ed25519,1,ka,0,1000,203.43,323.39894999999996,423.9284499999999,142.954,0.7027183797866589,199.9235,207.873,0,0.0
ed25519,1,ka,1,1000,1400.457,1534.6297,2106.46946,167.601,0.11967593435571389,1392.6624875,1406.6451499999998,0,0.0
ed25519,1,ka,5,1000,5489.02,5690.86875,6118.666679999999,199.5855,0.03636086223041636,5481.281150000001,5495.720275000001,0,0.0
ed25519,1,ka,20,1000,20557.918,20979.915,21429.64971,229.151,0.011146605410139294,20547.916787500002,20567.9044,0,0.0
ed25519,1,ka,50,1000,50893.5435,52519.10785,53240.89789,388.8205,0.007639878720568946,50857.242,50943.8295,0,0.0
ed25519,1,ka,100,400,102183.075,103510.4775,104347.37333,1221.246,0.011951548727614628,102030.766,102303.205,0,0.0
ed25519,1,ka,200,400,202357.421,204284.88675,205476.67575999998,1209.394,0.005976524083097501,202264.9145,202505.0355,0,0.0
ed25519,1,new,0,400,319.065,513.13635,657.2836499999997,176.0255,0.5516916615736606,307.9448,330.85482499999995,0,0.0
ed25519,1,new,1,400,2549.853,2846.8728499999997,3146.1816999999987,209.5255,0.08217159969613935,2537.746,2561.0068250000004,0,0.0
ed25519,1,new,5,400,10760.1305,11242.7732,11696.580989999999,267.516,0.024861780254430928,10742.7261625,10779.272,0,0.0
ed25519,1,new,20,400,40893.0025,41721.8117,42800.69616,288.922,0.007065316370447486,40858.382,40912.552,0,0.0
ed25519,1,new,50,400,103025.2525,105280.99775,106551.08703,1268.9515,0.012316897743104294,102802.4715,103276.6,0,0.0
ed25519,1,new,100,200,202735.4535,205508.6184,206383.295,934.0215,0.004607095028891925,202514.146,203073.072,0,0.0
ed25519,1,new,200,200,402883.3475,405502.7669,407272.97302,1076.0825,0.002670953035605424,402737.92152499995,403123.18319999997,0,0.0
ed25519,5,ka,0,1000,343.152,486.9087999999999,828.83176,276.5805,0.8059999650300741,341.8475,344.377,0,0.0
ed25519,5,ka,1,1000,1571.158,1687.21975,1982.7506199999998,307.931,0.19598983679553553,1563.3625,1578.7825,0,0.0
ed25519,5,ka,5,1000,5721.086,6327.89405,6792.013289999999,486.6045,0.08505456831098152,5706.628,5744.7215,0,0.0
ed25519,5,ka,20,1000,21004.086,22720.2153,23524.88817,632.1625,0.030097120150812562,20912.78095,21083.446737500002,0,0.0
ed25519,5,ka,50,1000,52439.785,54592.59575,55102.954549999995,1562.488,0.029795850612278445,52250.866700000006,52557.7955,0,0.0
ed25519,5,ka,100,400,102171.0455,104914.5637,105354.42102,1342.5345,0.013140068141908169,101963.691,102323.794,0,0.0
ed25519,5,ka,200,400,203853.4555,206361.43135,207417.48797999998,2525.7615,0.012390084307400911,203586.6705,204066.50848750002,0,0.0
ed25519,5,new,0,400,464.967,649.2639999999993,1323.0055499999994,315.3715,0.6782664146057678,462.269,467.73065,0,0.0
ed25519,5,new,1,400,2762.8635,3076.3430499999995,3425.575749999999,368.76,0.1334702202986141,2749.656,2777.3815,0,0.0
ed25519,5,new,5,400,11417.1095,12669.944049999998,13535.11761,766.8245,0.06716450429068758,11306.854,11531.36,0,0.0
ed25519,5,new,20,400,43011.436,45610.0299,46462.187399999995,1811.4075,0.04211455530105993,42775.6725,43282.010612499995,0,0.0
ed25519,5,new,50,400,103576.0085,106844.0391,108073.67706,1858.1885,0.017940337023124423,103204.8185,103831.31322499999,0,0.0
ed25519,5,new,100,200,202841.4955,206139.82325,207129.17119,1225.293,0.006040642704687612,202529.923,203026.489,0,0.0
ed25519,5,new,200,200,404253.543,407331.66044999997,408115.04919,1929.985,0.004774194397103899,403892.352,404672.584,0,0.0
ed25519,10,ka,0,1000,532.951,678.9623999999999,1299.2596099999996,461.8105,0.8665158710650698,530.4809250000001,536.948,0,0.0
ed25519,10,ka,1,1000,1763.555,2056.86725,2622.8041099999996,505.4725,0.28662134155158187,1756.6785,1772.3002375,0,0.0
ed25519,10,ka,5,1000,5996.955,6829.7285,7472.05276,754.924,0.1258845530773534,5978.648,6025.325,0,0.0
ed25519,10,ka,20,1000,22351.018,24325.21685,25107.91544,1870.4165,0.08368372751522996,22234.315,22421.950837499997,0,0.0
ed25519,10,ka,50,1000,53581.0525,55899.3665,56519.07667,2817.0325,0.05257516171411526,53416.4095,53703.335887500005,0,0.0
ed25519,10,ka,100,400,104798.049,106880.77334999999,107301.58103,3869.126,0.036919828536120934,104243.312,105267.400125,0,0.0
ed25519,10,ka,200,400,204437.012,207385.31185,208770.58929,3302.9365,0.016156255013157792,204066.8119375,204792.041,0,0.0
ed25519,10,new,0,400,640.685,1099.957,2289.85229,492.618,0.7688926695646067,637.959,646.3805125,0,0.0
ed25519,10,new,1,400,3020.833,3560.9703999999974,4175.72713,560.283,0.185473013569436,3005.802,3037.6399874999997,0,0.0
ed25519,10,new,5,400,11978.475,13504.53385,14194.92826,1337.233,0.1116363310020683,11912.018375,12055.634,0,0.0
ed25519,10,new,20,400,43758.639,46649.55815,47909.44449999999,2520.752,0.0576058135628944,43522.566,44048.10915,0,0.0
ed25519,10,new,50,400,105910.658,109025.2417,110459.59059,3750.6515,0.03541335282800339,105603.321,106144.7343,0,0.0
ed25519,10,new,100,200,205019.547,208247.02985,209681.74574,2954.2415,0.014409560177205932,204568.569175,205454.631,0,0.0
ed25519,10,new,200,200,405610.289,409520.07395,412081.39765,3109.1915,0.0076654650641764166,404955.471,405941.123,0,0.0
ed25519,20,ka,0,1000,902.0485,1056.9903,1676.7955,819.254,0.9082150239150112,898.6955,904.9769375,0,0.0
ed25519,20,ka,1,1000,2108.9125,2643.2005499999996,3271.039089999999,842.6515,0.3995668383586327,2102.5205,2117.4461875,0,0.0
ed25519,20,ka,5,1000,6295.6435,7246.7188,7915.4266,1074.0285,0.1705986846300938,6270.1591875,6315.28895,0,0.0
ed25519,20,ka,20,1000,23274.6095,25126.394399999997,26028.14932,2803.5285,0.12045437325167582,23164.798,23404.615837499998,0,0.0
ed25519,20,ka,50,1000,55284.685,58200.753450000004,59087.20026,4411.2975,0.07979239639332303,55016.2915,55502.9765875,0,0.0
ed25519,20,ka,100,400,106572.0055,109362.5595,109993.35773999999,5548.4665,0.052063076733598675,106367.3705,106720.522,0,0.0
ed25519,20,ka,200,400,205648.1115,209241.25385,210258.55716,4532.627,0.022040693527107833,204909.492,206046.748,0,0.0
ed25519,20,new,0,400,1034.077,1493.5876499999981,2372.832759999999,875.6995,0.8468416762001282,1023.671,1041.0885,0,0.0
ed25519,20,new,1,400,3389.938,4184.3226,4937.733119999995,909.0335,0.2681563792612136,3378.055,3411.307,0,0.0
ed25519,20,new,5,400,12054.921,13908.25745,14737.069859999996,1461.859,0.12126657652920331,11887.599,12237.484,0,0.0
ed25519,20,new,20,400,46006.631,49096.70465,49477.73543,4838.5645,0.10517102415084469,45711.698,46277.808,0,0.0
ed25519,20,new,50,400,107044.6315,110082.5643,111139.55617,4980.557,0.04652785413157315,106750.731,107202.647,0,0.0
ed25519,20,new,100,200,206068.4875,209894.70705000003,211762.07267999998,3999.213,0.01940720315133094,205167.158,206533.32605,0,0.0
ed25519,20,new,200,200,406809.7345,410082.57645,410898.05896999995,4525.547,0.011124480601631228,406448.125225,407276.8581625,0,0.0
fndsa1024,1,ka,0,1000,1115.43,2338.3410999999996,2701.3673599999993,873.644,0.7832351649139794,1019.27,1211.836875,0,0.0
fndsa1024,1,ka,1,1000,2314.5355,3332.5369,3813.5760399999995,902.862,0.3900834530297764,2243.0751124999997,2380.246,0,0.0
fndsa1024,1,ka,5,1000,6655.9755,7947.11935,8695.151039999999,1107.5865,0.1664048342726021,6593.44995,6732.54,0,0.0
fndsa1024,1,ka,20,1000,21762.003,23323.6026,24169.452289999997,1138.0115,0.05229350901201511,21700.7307625,21821.725,0,0.0
fndsa1024,1,ka,50,1000,52979.833,54753.26425,55746.22139,1719.7215,0.03245992678006365,52860.140237499996,53050.25765,0,0.0
fndsa1024,1,ka,100,400,105029.922,108767.8605,109455.09561,1850.811,0.01762174973337598,104844.3925,105255.618,0,0.0
fndsa1024,1,ka,200,400,211837.5165,218714.1911,219181.0423,1689.7635,0.00797669613918458,211059.808,212614.8185,0,0.0
fndsa1024,1,new,0,400,1288.2675,2423.52855,3090.206189999999,829.055,0.6435425872344059,1195.497,1447.3514499999997,0,0.0
fndsa1024,1,new,1,400,3710.88,4995.42665,5443.650529999998,923.378,0.24882992713318675,3634.887025,3839.6559624999995,0,0.0
fndsa1024,1,new,5,400,12580.53,14385.591849999999,15286.420739999998,1355.436,0.10774077085782555,12441.442,12691.9415,0,0.0
fndsa1024,1,new,20,400,43436.4465,46171.99005,47283.43527,1683.0225,0.03874678146150837,43284.1905,43634.7855,0,0.0
fndsa1024,1,new,50,400,105718.4955,109298.18245000001,110260.28532,1540.436,0.014571111636752341,105496.723,105919.19,0,0.0
fndsa1024,1,new,100,200,208663.3985,214923.4775,216788.99735,1652.4405,0.0079191679608343,208234.607,209154.297,0,0.0
fndsa1024,1,new,200,200,414326.5675,421952.57045,423031.18132999993,1725.9615,0.00416570318049904,413674.742,414762.4035,0,0.0
fndsa1024,5,ka,0,1000,2019.3195,3759.5217499999994,4442.79314,1755.5725,0.8693881775518931,1906.835,2147.0810749999996,0,0.0
fndsa1024,5,ka,1,1000,3403.993,5225.4648,6489.097360000001,1940.747,0.570138363974309,3272.285,3520.6525,0,0.0
fndsa1024,5,ka,5,1000,7835.6765,9999.474699999999,10662.64252,2202.3565,0.28106781845830414,7639.344,7944.139099999999,0,0.0
fndsa1024,5,ka,20,1000,23572.7745,26179.795999999995,27338.453149999998,2761.7955,0.11716039195980091,23429.855,23700.935575,0,0.0
fndsa1024,5,ka,50,1000,54083.518,57283.9793,58701.0585,2934.931,0.054266643675065666,53949.1064,54204.5775,0,0.0
fndsa1024,5,ka,100,400,107296.99,109858.40624999999,111207.80032,3535.5975,0.032951506840965435,107098.968,107479.782,0,0.0
fndsa1024,5,ka,200,400,213011.1425,219141.9932,219497.63744,3700.4415,0.017372056018149378,212051.1948375,213949.189,0,0.0
fndsa1024,5,new,0,400,2526.21,4192.771199999999,4997.7455199999995,1961.249,0.7763602392516853,2351.3907000000004,2709.06765,0,0.0
fndsa1024,5,new,1,400,6100.642,7716.9401,8507.610149999999,2227.9325,0.36519640064111286,5923.048,6240.866,0,0.0
fndsa1024,5,new,5,400,19601.6905,21499.749499999998,22559.60759,3059.491,0.15608301743158326,19412.303649999998,19740.669,0,0.0
fndsa1024,5,new,20,400,66889.2935,70564.5172,72140.67956,3413.8955,0.05103799608826785,66562.8655,67265.3605625,0,0.0
fndsa1024,5,new,50,400,161099.6405,166510.75095,168459.44911,3089.159,0.01917545557775469,160733.1005,161526.5025,0,0.0
fndsa1024,5,new,100,200,318696.2345,325721.2582,327676.27688,3823.0145,0.01199579438394651,317037.4455,319672.8375,0,0.0
fndsa1024,5,new,200,200,629418.4525,641737.69075,643848.9737000001,3759.453,0.005972899245434817,627522.192,630871.691,0,0.0
fndsa1024,10,ka,0,1000,3000.251,5175.8643,6283.60002,2712.856,0.904209681123346,2892.233,3112.0292999999997,0,0.0
fndsa1024,10,ka,1,1000,4383.0015,6199.7020999999995,7064.8429,2938.452,0.6704200306570737,4291.407,4493.07,0,0.0
fndsa1024,10,ka,5,1000,9118.6455,11375.0894,12493.776589999998,3472.591,0.38082311676662944,9036.4395,9280.554,0,0.0
fndsa1024,10,ka,20,1000,24831.7935,28043.44145,29079.67828,3997.136,0.16096847777024242,24660.4855,25027.72,0,0.0
fndsa1024,10,ka,50,1000,56200.4065,59936.46079999999,60952.26184,4837.5305,0.08607643256103495,55970.9140625,56434.847924999995,0,0.0
fndsa1024,10,ka,100,400,108015.801,112052.20505,113101.65072,5097.7345,0.0471943405761533,107797.56142499999,108253.943,0,0.0
fndsa1024,10,ka,200,400,210937.354,218955.1738,221339.41441,4429.6345,0.020999763275688005,210290.603,211748.2015,0,0.0
fndsa1024,10,new,0,400,3540.2735,5658.416799999999,6277.52016,3001.8805,0.8479233313471403,3357.097,3645.757,0,0.0
fndsa1024,10,new,1,400,8347.8045,10419.388699999998,11379.345569999996,3285.6935,0.393599718345105,8127.5195,8518.257,0,0.0
fndsa1024,10,new,5,400,26467.7065,29440.3445,30624.065199999997,4585.767,0.1732589485983608,26224.5915,26684.467,0,0.0
fndsa1024,10,new,20,400,90292.794,95628.847,97576.84486,5320.5785,0.05892583742618486,89876.424,90985.320725,0,0.0
fndsa1024,10,new,50,400,218711.9105,224453.96439999997,227462.80341999998,5040.448,0.02304606085913186,218105.08025,219277.7655,0,0.0
fndsa1024,10,new,100,200,427466.651,435764.53260000004,437974.85512,4679.761,0.010947663376902821,426281.481,428510.0797875,0,0.0
fndsa1024,10,new,200,200,808390.3905,818698.225,821292.15202,4527.4015,0.00560051375326189,807771.618,808867.562,0,0.0
fndsa1024,20,ka,0,1000,3601.9015,5495.730299999999,6091.898139999999,3281.4405,0.9110300489894019,3440.69885,3713.8265,0,0.0
fndsa1024,20,ka,1,1000,4663.858,6603.79075,8104.491349999998,3269.96,0.7011276929957988,4595.095,4721.536,0,0.0
fndsa1024,20,ka,5,1000,9473.9755,11633.1073,12748.53859,4050.088,0.4274961445699327,9402.962,9609.84335,0,0.0
fndsa1024,20,ka,20,1000,25812.273,28510.57425,29722.5085,5172.0045,0.20036997516646443,25595.689475000003,25959.908325,0,0.0
fndsa1024,20,ka,50,1000,56620.127,60344.25435,61512.95258999999,5902.167,0.10424150055332797,56434.855675,56799.833,0,0.0
fndsa1024,20,ka,100,400,106635.275,110199.20525,111348.228,5756.834,0.05398620672193137,106333.1395,107111.268,0,0.0
fndsa1024,20,ka,200,400,206946.828,211662.2206,213529.80071,5681.3,0.0274529455459931,206506.8995,207267.38153749998,0,0.0
fndsa1024,20,new,0,400,3739.6655,5618.544149999999,6624.06966,3231.0365,0.8639907767151902,3510.4735,3938.8848499999995,0,0.0
fndsa1024,20,new,1,400,8386.26,10344.41835,11250.08367,3705.044,0.4417993241325692,8215.0515,8486.997,0,0.0
fndsa1024,20,new,5,400,26111.006,28954.900849999998,29572.242459999998,4810.403,0.18422894161948414,25930.108,26416.1705,0,0.0
fndsa1024,20,new,20,400,88206.578,92601.72415,94660.89045,6514.8975,0.07385954253887958,87865.144,88506.051,0,0.0
fndsa1024,20,new,50,400,208431.3515,212748.7759,214301.81454,6332.3635,0.03038105090442692,208160.43015,208792.176,0,0.0
fndsa1024,20,new,100,200,407681.3735,412055.4466,413765.99906,5719.5405,0.014029437869326644,407361.365,408347.96705000004,0,0.0
fndsa1024,20,new,200,200,808410.0625,812355.2622,813541.28918,6087.331,0.007530003994723903,808122.9195,808864.6135,0,0.0
fndsa512,1,ka,0,1000,914.9915,1647.7590500000001,2389.24716,648.1075,0.7083207876794484,875.1867625,958.5105,0,0.0
fndsa512,1,ka,1,1000,1899.6655,2901.4214499999994,3647.0774899999997,515.708,0.27147305670393024,1863.1224125,1938.7765,0,0.0
fndsa512,1,ka,5,1000,6185.9835,7059.94875,7648.331899999999,645.462,0.10434266434755282,6156.539825,6224.5295,0,0.0
fndsa512,1,ka,20,1000,21630.292,22895.08005,23512.641929999998,1020.169,0.04716390328896161,21577.245,21668.3224375,0,0.0
fndsa512,1,ka,50,1000,52470.8725,53578.56,54050.390810000004,1118.3205,0.021313167605512943,52420.804,52536.128,0,0.0
fndsa512,1,ka,100,400,105295.2135,107718.797,107984.1673,1238.857,0.01176555855504296,105095.786,105499.5565,0,0.0
fndsa512,1,ka,200,400,211287.5995,215887.6904,216632.93008000002,1229.6975,0.005820017373996433,210857.193,211604.907925,0,0.0
fndsa512,1,new,0,400,874.001,1928.9155499999947,2842.908189999999,445.258,0.5094479296934443,755.534,956.127,0,0.0
fndsa512,1,new,1,400,3566.1525,4575.74415,5092.094119999998,741.9515,0.20805377784601192,3488.3356875,3637.8175,0,0.0
fndsa512,1,new,5,400,12030.6565,13470.8187,14696.06943,761.642,0.0633084320876421,11940.5785,12092.354,0,0.0
fndsa512,1,new,20,400,43192.154,45410.2405,46475.622339999994,1162.131,0.026906067245453885,43077.0306625,43284.1215625,0,0.0
fndsa512,1,new,50,400,106075.284,108275.80475,109095.19187000001,1288.8065,0.012149922690756123,105808.305,106239.5505,0,0.0
fndsa512,1,new,100,200,210120.596,212874.81019999998,213520.82981999998,1260.28,0.005997888945641483,209465.602,210385.869,0,0.0
fndsa512,1,new,200,200,416149.778,419731.627,421090.49818,1382.515,0.0033221572450292166,414751.257,416685.3565,0,0.0
fndsa512,5,ka,0,1000,1605.953,2818.8527999999997,3260.5227999999997,1310.0455,0.8157433623524474,1525.405,1684.4013125,0,0.0
fndsa512,5,ka,1,1000,2679.445,4163.1356,4807.910569999999,1263.213,0.4714457658209069,2603.661,2767.41,0,0.0
fndsa512,5,ka,5,1000,7090.464,8800.87695,9616.747379999999,1495.026,0.21085023490705262,7011.549675,7165.427925,0,0.0
fndsa512,5,ka,20,1000,22333.361,24020.882899999997,24970.35085,1625.322,0.07277552178554764,22271.679,22396.0861875,0,0.0
fndsa512,5,ka,50,1000,53200.133,55330.1719,56334.252759999996,1946.754,0.036593028818179836,53121.6675,53255.672137500005,0,0.0
fndsa512,5,ka,100,400,106568.8185,108060.9388,109102.28452,2643.9965,0.024810226267076425,106373.835,106748.8206375,0,0.0
fndsa512,5,ka,200,400,211563.9695,216055.7404,216763.69378,2173.7495,0.010274667776074223,211349.868,211951.854,0,0.0
fndsa512,5,new,0,400,1571.6095,3360.693949999998,3862.378029999998,1100.473,0.7002203791717981,1409.725,1727.9831499999993,0,0.0
fndsa512,5,new,1,400,4347.6765,5667.902349999999,6193.54871,1441.3825,0.3315293812683625,4216.482,4462.203,0,0.0
fndsa512,5,new,5,400,13291.134,15141.680999999999,15923.80393,1898.6915,0.1428539882300487,13145.586,13526.928,0,0.0
fndsa512,5,new,20,400,43882.1105,46891.71625,48718.31974,1965.3465,0.04478696392690593,43650.187625,44134.8762375,0,0.0
fndsa512,5,new,50,400,106562.49,110492.65525,111736.84467,2200.032,0.020645463520981913,106270.906,106830.6132,0,0.0
fndsa512,5,new,100,200,210614.4295,214708.39355,215375.33591,2413.6675,0.011460124103225321,209858.3695,211090.994,0,0.0
fndsa512,5,new,200,200,416229.706,421268.94080000004,423977.89268,2136.896,0.005133934385740359,414741.1340625,416975.972,0,0.0
fndsa512,10,ka,0,1000,1692.1935,3605.57935,4262.3845,1412.8495,0.8349219518926175,1567.234,1809.986,0,0.0
fndsa512,10,ka,1,1000,3014.6445,4302.562599999999,4990.08939,1605.335,0.5325122083217441,2944.737,3082.665,0,0.0
fndsa512,10,ka,5,1000,7621.164,9240.51475,10230.636779999999,2053.9205,0.2695022046501033,7522.349475,7702.3925,0,0.0
fndsa512,10,ka,20,1000,23318.2865,25940.477199999998,27063.340600000003,2648.425,0.11357717043231286,23206.0947125,23481.085,0,0.0
fndsa512,10,ka,50,1000,53724.0205,56755.10855,58014.84721,2659.781,0.049508226957809306,53607.779,53841.8425625,0,0.0
fndsa512,10,ka,100,400,106371.4005,110036.50625,110954.42341,3194.3085,0.03002976819883085,106027.383875,106627.767,0,0.0
fndsa512,10,ka,200,400,211309.486,215930.59345,216279.20841,3042.6815,0.014399171365170042,210548.537,211749.473,0,0.0
fndsa512,10,new,0,400,2372.154,3991.417099999999,4832.8787999999995,1855.1745,0.7820632640208014,2253.227,2561.554,0,0.0
fndsa512,10,new,1,400,5439.006,6809.84315,7529.71123,1597.3735,0.29368849749384357,5328.161,5594.597,0,0.0
fndsa512,10,new,5,400,18858.136,21274.90295,22453.357050000002,2548.7685,0.13515484775377587,18619.8925,18989.107,0,0.0
fndsa512,10,new,20,400,66453.218,70350.86355,71719.68762000001,3213.563,0.04835827514026484,65998.1854,66960.649,0,0.0
fndsa512,10,new,50,400,161514.3715,165794.12325,168292.76866,3248.4085,0.020112194783855505,161175.052,161786.10292499998,0,0.0
fndsa512,10,new,100,200,317616.3855,324608.98715,326207.74828,3605.7195,0.0113524354051312,315773.8095,318898.746,0,0.0
fndsa512,10,new,200,200,618285.796,634514.0247000001,636707.35323,3278.715,0.00530291172983699,616526.23,620601.878,0,0.0
fndsa512,20,ka,0,1000,2665.156,4699.762199999998,5524.587409999998,2390.638,0.8969973990265485,2531.2706000000003,2806.469,0,0.0
fndsa512,20,ka,1,1000,4137.8535,6167.388349999999,7082.30348,2707.4815,0.6543202894930911,4020.9573125,4251.79,0,0.0
fndsa512,20,ka,5,1000,8470.6285,10385.297149999999,11328.95567,2896.141,0.3419039094914858,8326.627425,8543.612,0,0.0
fndsa512,20,ka,20,1000,24434.3585,27027.73995,28521.4299,3681.558,0.1506713589390939,24240.2945,24596.0761,0,0.0
fndsa512,20,ka,50,1000,55317.6005,58243.0405,59714.02382,4208.8515,0.0760852145060052,55141.35385,55451.124,0,0.0
fndsa512,20,ka,100,400,107672.456,111442.90559999998,113492.84412000001,4770.8595,0.04430900600985641,107232.728,107998.8005,0,0.0
fndsa512,20,ka,200,400,210312.7195,217956.1348,218969.38587,4513.7195,0.021461942533627883,209846.128,210672.48,0,0.0
fndsa512,20,new,0,400,2584.444,4623.123399999998,5484.2813099999985,2160.881,0.8361105909046588,2365.04,2760.045,0,0.0
fndsa512,20,new,1,400,7480.9155,8995.306649999999,9707.43165,2649.902,0.3542216189983699,7321.267,7644.789574999999,0,0.0
fndsa512,20,new,5,400,25431.7285,28432.6,30717.48488,3498.235,0.1375539613833169,25228.445,25626.146225,0,0.0
fndsa512,20,new,20,400,88885.0735,93796.38220000001,95831.75306999999,5030.2995,0.05659329853622723,88640.404,89238.559,0,0.0
fndsa512,20,new,50,400,215144.4995,221617.1832,224802.82749,4783.0735,0.022231911627375815,214625.10916249998,215831.887,0,0.0
fndsa512,20,new,100,200,421130.264,436194.84195,438454.85323,4317.917,0.010253162427671074,419241.7015,422706.4475,0,0.0
fndsa512,20,new,200,200,829533.5085,854932.4789499999,860733.21825,4808.8505,0.005797053947459677,827218.223,831663.4215,0,0.0
hyb-ed-fndsa512,1,ka,0,1000,516.5955,1087.9692,1566.3528099999994,375.729,0.7273176014889793,497.621,528.775,0,0.0
hyb-ed-fndsa512,1,ka,1,1000,1605.5185,2276.72945,2602.90075,401.3085,0.2499556996696083,1594.0605,1620.7935375,0,0.0
hyb-ed-fndsa512,1,ka,5,1000,5780.8965,6524.7455,6980.784529999999,512.4055,0.08863772254009392,5754.5501375,5799.902125,0,0.0
hyb-ed-fndsa512,1,ka,20,1000,20921.4665,21590.8332,22820.98261,616.501,0.02946738939165665,20890.909262499998,20951.055712499998,0,0.0
hyb-ed-fndsa512,1,ka,50,1000,50979.3895,51792.51605,53072.8226,638.4285,0.012523266878274406,50949.382,51015.9985,0,0.0
hyb-ed-fndsa512,1,ka,100,400,101107.0555,102354.48845,103268.93261,638.6705,0.006316774797185148,101035.923,101170.394,0,0.0
hyb-ed-fndsa512,1,ka,200,400,201391.526,202573.6276,203673.69168000002,708.585,0.0035184449617805666,201322.94,201509.387,0,0.0
hyb-ed-fndsa512,1,new,0,400,700.362,1273.348449999999,2230.6134499999944,415.803,0.5936972594172728,647.306,729.401,0,0.0
hyb-ed-fndsa512,1,new,1,400,2960.0655,3774.4448999999995,4368.961469999998,463.4885,0.15658048783042133,2920.456,2997.4286749999997,0,0.0
hyb-ed-fndsa512,1,new,5,400,11160.8225,11823.214649999996,12861.30057,623.5195,0.05586680551545372,11123.082,11213.2245,0,0.0
hyb-ed-fndsa512,1,new,20,400,41427.5415,42426.9442,43210.80382,729.4635,0.017608177400534376,41355.644,41460.1125,0,0.0
hyb-ed-fndsa512,1,new,50,400,101708.1865,103107.84255,104346.79458,791.3,0.007780101358900938,101627.089075,101781.4965,0,0.0
hyb-ed-fndsa512,1,new,100,200,202032.55,203608.42145,205202.05665,690.7605,0.0034190554937805814,201887.3183125,202123.0119875,0,0.0
hyb-ed-fndsa512,1,new,200,200,402188.114,403846.877,404834.59209,818.1575,0.0020342657366547636,402008.4925,402330.41,0,0.0
hyb-ed-fndsa512,5,ka,0,1000,923.89,1778.7642999999996,2193.6916800000004,759.571,0.8221444111311953,911.97,938.9678125,0,0.0
hyb-ed-fndsa512,5,ka,1,1000,2046.285,3150.1431,3873.31546,786.383,0.38429788616932636,2026.549,2065.2916375,0,0.0
hyb-ed-fndsa512,5,ka,5,1000,6328.2365,7440.1923,8378.26738,1040.1415,0.16436514343292954,6279.37505,6384.4027750000005,0,0.0
hyb-ed-fndsa512,5,ka,20,1000,21564.648,22969.43105,23768.94285,1237.279,0.057375339490818494,21507.6069625,21632.393,0,0.0
hyb-ed-fndsa512,5,ka,50,1000,51660.5295,53105.65545,54876.457,1279.132,0.024760334676786462,51595.717,51723.388075,0,0.0
hyb-ed-fndsa512,5,ka,100,400,101992.9735,104040.70125,105439.0291,1453.634,0.014252295527005103,101895.893,102115.0448875,0,0.0
hyb-ed-fndsa512,5,ka,200,400,202076.7705,203714.70880000002,204837.01457,1324.457,0.006554226874879713,201948.554,202159.53319999998,0,0.0
hyb-ed-fndsa512,5,new,0,400,1003.1045,1925.9811999999986,3102.799799999999,765.12,0.7627520363032965,973.306,1042.4915,0,0.0
hyb-ed-fndsa512,5,new,1,400,4369.0985,5500.539149999999,6156.211209999996,907.006,0.20759568592925978,4322.629,4432.437,0,0.0
hyb-ed-fndsa512,5,new,5,400,16924.271,18239.33675,18883.28437,1274.1215,0.07528368577884388,16814.675362500002,17004.352,0,0.0
hyb-ed-fndsa512,5,new,20,400,62244.1105,64259.90735,66223.29392,1313.992,0.02111030247592662,62163.296,62349.392575000005,0,0.0
hyb-ed-fndsa512,5,new,50,400,152710.583,154886.55275,156075.03074000002,1379.9865,0.009036613395680638,152615.61044999998,152828.706,0,0.0
hyb-ed-fndsa512,5,new,100,200,303334.4585,305970.24345,308200.43954000005,1493.8755,0.004924846017782711,303183.2475,303502.1852,0,0.0
hyb-ed-fndsa512,5,new,200,200,603976.3125,606448.23345,607455.35932,1500.7,0.0024847000932673165,603606.643,604381.3415,0,0.0
hyb-ed-fndsa512,10,ka,0,1000,1458.1575,2641.6061999999997,3027.96254,1270.21,0.8711061733729039,1438.2185,1509.434,0,0.0
hyb-ed-fndsa512,10,ka,1,1000,2615.7945,3939.72545,4648.07666,1340.49,0.5124599810879639,2596.8661375,2652.894,0,0.0
hyb-ed-fndsa512,10,ka,5,1000,6983.6605,8353.273749999998,9089.969749999998,1688.264,0.24174485572430104,6918.672712500001,7064.5725,0,0.0
hyb-ed-fndsa512,10,ka,20,1000,22387.4245,24091.283600000002,25696.24543,2035.485,0.09092090963835522,22332.4161875,22459.111425,0,0.0
hyb-ed-fndsa512,10,ka,50,1000,52271.261,54238.974700000006,56154.34119,1879.4435,0.035955579873996155,52142.593325,52380.0445625,0,0.0
hyb-ed-fndsa512,10,ka,100,400,102565.676,104810.9427,106572.72379999999,2079.7715,0.020277461048470054,102402.4985625,102754.093,0,0.0
hyb-ed-fndsa512,10,ka,200,400,202772.246,204993.1961,206042.17367,2063.27,0.010175307719380886,202577.8305,202869.9015,0,0.0
hyb-ed-fndsa512,10,new,0,400,1669.9045,2739.598099999998,3230.674399999999,1316.935,0.7886289305765689,1604.908,1725.4096375,0,0.0
hyb-ed-fndsa512,10,new,1,400,4911.877,5985.069199999999,6550.256959999998,1422.2145,0.28954603301344883,4851.245,4987.847,0,0.0
hyb-ed-fndsa512,10,new,5,400,17559.358,19117.154699999996,20770.613159999994,1903.5855,0.10840860468816685,17437.968,17726.425850000003,0,0.0
hyb-ed-fndsa512,10,new,20,400,63145.607,65616.56225,67035.89796,2067.493,0.032741675917376166,62936.810075,63301.026,0,0.0
hyb-ed-fndsa512,10,new,50,400,153434.792,155554.505,157126.04661,2152.0085,0.01402555751501263,153305.55,153538.526,0,0.0
hyb-ed-fndsa512,10,new,100,200,303940.222,306629.88710000005,307496.94354,2000.851,0.006583041187618794,303725.491,304181.227,0,0.0
hyb-ed-fndsa512,10,new,200,200,604677.885,607376.1986,608099.4761699999,2129.758,0.003522136418136079,604371.7785,604856.429,0,0.0
hyb-ed-fndsa512,20,ka,0,1000,2405.541,4109.7738,5120.272549999999,2192.4285,0.9114076625590668,2381.966,2442.221525,0,0.0
hyb-ed-fndsa512,20,ka,1,1000,3685.838,5304.65805,6617.559,2393.247,0.6493087867670798,3637.0225,3762.471,0,0.0
hyb-ed-fndsa512,20,ka,5,1000,8094.882,9878.47425,11060.592259999998,2787.2495,0.34432243731286016,8031.836,8181.884,0,0.0
hyb-ed-fndsa512,20,ka,20,1000,23478.8695,25724.69805,27286.26546,3077.099,0.13105822663224906,23358.08885,23598.4720375,0,0.0
hyb-ed-fndsa512,20,ka,50,1000,53839.874,56014.52355,57675.23646,3311.3085,0.061502902105603,53702.797925,53954.9192375,0,0.0
hyb-ed-fndsa512,20,ka,100,400,104374.3785,107314.2132,108920.46091,3778.321,0.036199698185508236,104171.501,104557.9007125,0,0.0
hyb-ed-fndsa512,20,ka,200,400,204257.18,207339.69605,209332.43311,3606.27,0.017655536025710333,204063.2145,204448.674,0,0.0
hyb-ed-fndsa512,20,new,0,400,2636.603,4093.4988,4599.145209999998,2262.387,0.8580688863662826,2580.401,2684.4815,0,0.0
hyb-ed-fndsa512,20,new,1,400,7158.3955,8691.0682,9424.252249999998,2477.2525,0.34606253594118963,7047.9266375,7273.7955,0,0.0
hyb-ed-fndsa512,20,new,5,400,23764.7555,26133.424449999995,27722.905419999996,3051.198,0.12839172698410467,23624.867,23892.5095,0,0.0
hyb-ed-fndsa512,20,new,20,400,84643.159,87344.9112,89159.06273,3502.6805,0.041381731747511925,84387.131,84862.286,0,0.0
hyb-ed-fndsa512,20,new,50,400,205258.8155,208739.7838,210049.86041999998,3631.4175,0.017691895430430368,205082.52553749998,205443.049,0,0.0
hyb-ed-fndsa512,20,new,100,200,405884.5515,408889.5744,411698.3866,3390.329,0.008352939247060749,405645.909,406168.1635,0,0.0
hyb-ed-fndsa512,20,new,200,200,806953.8365,811118.094,812381.28052,3651.274,0.004524761931657289,806464.112,807630.9422125,0,0.0
hyb-ed-mldsa44,1,ka,0,1000,540.1795,1302.0273999999997,1846.7799099999993,401.8545,0.7439277129176505,521.8686625,554.845075,0,0.0
hyb-ed-mldsa44,1,ka,1,1000,1680.445,2411.60975,3038.6596799999998,446.394,0.26564035121649326,1661.718,1703.5627,0,0.0
hyb-ed-mldsa44,1,ka,5,1000,5855.3145,6507.537649999999,7029.778649999999,600.386,0.1025369346087217,5823.507,5879.947,0,0.0
hyb-ed-mldsa44,1,ka,20,1000,20975.361,21697.76435,22899.051190000002,682.0555,0.032516985047361044,20946.5228125,21024.494,0,0.0
hyb-ed-mldsa44,1,ka,50,1000,51126.117,52022.52894999999,53546.03801,739.2485,0.01445931244886053,51079.9275,51165.2681875,0,0.0
hyb-ed-mldsa44,1,ka,100,400,101297.738,102635.8272,103462.55941,773.371,0.007634632473234496,101205.221,101358.8003875,0,0.0
hyb-ed-mldsa44,1,ka,200,400,201312.804,203288.98275,204976.06681,762.1125,0.0037857130041266526,201241.7775,201412.5000375,0,0.0
hyb-ed-mldsa44,1,new,0,400,712.625,1694.70645,2841.51864,451.9865,0.6342557446062095,679.7055,741.656,0,0.0
hyb-ed-mldsa44,1,new,1,400,2996.3555,3656.3473,4279.0197899999985,503.3265,0.16797956717752616,2959.7890625,3037.632,0,0.0
hyb-ed-mldsa44,1,new,5,400,11306.1615,12127.708550000001,12747.64231,703.8855,0.0622568057249138,11263.5165,11355.719,0,0.0
hyb-ed-mldsa44,1,new,20,400,41688.354,42821.0623,43872.65524,853.5085,0.020473547600368198,41642.933137500004,41755.495924999996,0,0.0
hyb-ed-mldsa44,1,new,50,400,101804.033,103351.46685,104377.76211,814.3675,0.007999363836597712,101718.281,101915.636,0,0.0
hyb-ed-mldsa44,1,new,100,200,202145.1555,203610.78625,205221.43793000001,855.3825,0.004231526092644847,202018.157,202259.1175,0,0.0
hyb-ed-mldsa44,1,new,200,200,402181.706,405055.79925,408251.37233,807.783,0.0020085025945958865,402034.332,402254.68957499997,0,0.0
hyb-ed-mldsa44,5,ka,0,1000,1111.3515,2361.1668999999997,3049.23382,912.9565,0.821483122126528,1078.728,1159.8887999999995,0,0.0
hyb-ed-mldsa44,5,ka,1,1000,2239.343,3510.996,4620.8392699999995,942.3995,0.4208374956404624,2197.2313,2287.30735,0,0.0
hyb-ed-mldsa44,5,ka,5,1000,6451.5745,7680.2616499999995,8855.850799999998,1154.776,0.17899134544598377,6398.8705,6490.482,0,0.0
hyb-ed-mldsa44,5,ka,20,1000,21651.9005,22981.73535,24542.26387,1283.7425,0.05929006093483572,21592.0245,21708.162,0,0.0
hyb-ed-mldsa44,5,ka,50,1000,51596.525,54134.061200000004,56220.32163,1220.269,0.023650216753938372,51536.653,51665.677,0,0.0
hyb-ed-mldsa44,5,ka,100,400,102680.904,106041.33785,107492.75533,2138.6315,0.020827937977639932,102549.5426,102816.5165125,0,0.0
hyb-ed-mldsa44,5,ka,200,400,203752.794,207664.11555000002,213232.05219999998,2664.2705,0.013075994923534643,203415.81357499998,203922.8035,0,0.0
hyb-ed-mldsa44,5,new,0,400,1211.623,2157.8367499999986,2898.8677999999995,907.8075,0.749249147630905,1195.378925,1242.3749249999998,0,0.0
hyb-ed-mldsa44,5,new,1,400,4595.8355,5918.735199999999,6656.614679999999,1046.9105,0.22779546831038666,4506.367,4657.985,0,0.0
hyb-ed-mldsa44,5,new,5,400,17022.87,18481.570399999997,19646.558169999997,1382.272,0.08120087858275367,16952.981,17167.432,0,0.0
hyb-ed-mldsa44,5,new,20,400,62013.2635,63277.820850000004,64032.850869999995,1099.739,0.017733932032136964,61962.40095,62083.131,0,0.0
hyb-ed-mldsa44,5,new,50,400,154363.61,157828.9687,158778.08516,2671.609,0.017307246183216368,154157.83,154626.8945,0,0.0
hyb-ed-mldsa44,5,new,100,200,304751.759,308168.32125,310492.21373,2723.5515,0.008936950877451704,304414.313,305109.156,0,0.0
hyb-ed-mldsa44,5,new,200,200,604424.676,608800.3298,610932.62286,2588.3525,0.0042823408817941775,604109.292,604822.7767,0,0.0
hyb-ed-mldsa44,10,ka,0,1000,2072.59,3402.6623499999996,4797.810709999999,1846.804,0.8910609430712297,2020.928,2129.649,0,0.0
hyb-ed-mldsa44,10,ka,1,1000,3120.334,4173.73045,5652.583079999997,1818.25,0.5827100560388727,3084.825,3158.746625,0,0.0
hyb-ed-mldsa44,10,ka,5,1000,7676.1405,9687.551449999999,11676.589989999999,2326.4175,0.30307125045457417,7611.1134,7726.7723875,0,0.0
hyb-ed-mldsa44,10,ka,20,1000,23585.778,27046.92505,28606.290399999998,3086.45,0.13086063983134244,23482.3305,23695.5884875,0,0.0
hyb-ed-mldsa44,10,ka,50,1000,53982.0635,57070.42155,58669.2765,3431.631,0.06356983741460717,53874.339025,54080.9626625,0,0.0
hyb-ed-mldsa44,10,ka,100,400,105089.198,109411.57545,110643.29786,4282.907,0.04075496893600806,104828.635,105335.238,0,0.0
hyb-ed-mldsa44,10,ka,200,400,204897.3735,208965.68555,210181.36309,3937.709,0.01921795742296326,204635.763,205137.6975,0,0.0
hyb-ed-mldsa44,10,new,0,400,2117.317,3278.290099999999,4041.6486299999983,1750.7435,0.826868862810812,2024.322,2181.5903624999996,0,0.0
hyb-ed-mldsa44,10,new,1,400,6825.232,8049.46865,9098.10489,2224.1805,0.3258761753446623,6711.818,6897.534,0,0.0
hyb-ed-mldsa44,10,new,5,400,24034.914,26957.918100000003,29227.54635,3068.195,0.12765575112937788,23927.679,24195.29395,0,0.0
hyb-ed-mldsa44,10,new,20,400,85035.1985,88653.02935,90372.61115,3723.002,0.04378189344733522,84873.3197375,85213.700325,0,0.0
hyb-ed-mldsa44,10,new,50,400,206206.347,210411.78315,212485.50082,4007.432,0.019434086575424375,205965.273,206450.4085,0,0.0
hyb-ed-mldsa44,10,new,100,200,406804.4515,410863.14825,412412.43857,4163.677,0.010235082198946881,406461.1285,407239.94,0,0.0
hyb-ed-mldsa44,10,new,200,200,807598.763,813111.1855,814788.85491,4084.108,0.005057100366063835,807097.1225,808314.197,0,0.0
hyb-ed-mldsa44,20,ka,0,1000,3207.3375,4716.622249999999,6818.12634,2916.519,0.9093271288101112,3140.87615,3262.0365,0,0.0
hyb-ed-mldsa44,20,ka,1,1000,4000.4605,5408.9395,7087.380839999998,2644.853,0.6611371365871505,3953.073,4055.1755625,0,0.0
hyb-ed-mldsa44,20,ka,5,1000,8372.0025,10329.61205,11438.45482,2958.9425,0.353433064550566,8322.3325,8427.16145,0,0.0
hyb-ed-mldsa44,20,ka,20,1000,25090.998,28813.4322,30803.55018,4570.738,0.18216644870004772,24999.148,25244.89385,0,0.0
hyb-ed-mldsa44,20,ka,50,1000,55179.006,59165.6533,60798.66557,4605.12,0.08345782814572629,55013.030137500005,55312.256024999995,0,0.0
hyb-ed-mldsa44,20,ka,100,400,106246.005,110874.30715000001,112067.23947999999,5327.4185,0.05014229476204776,105968.2493,106538.56,0,0.0
hyb-ed-mldsa44,20,ka,200,400,206271.2815,211056.56735,212901.12406,5222.6005,0.025319086893829182,205827.439,206636.678,0,0.0
hyb-ed-mldsa44,20,new,0,400,3152.7125,4469.313199999999,5803.5765499999925,2749.377,0.8720671485268637,3102.734,3207.1924499999996,0,0.0
hyb-ed-mldsa44,20,new,1,400,8226.367,9382.469,10784.997049999998,2529.9965,0.30754724412368184,8211.2895,8243.91195,0,0.0
hyb-ed-mldsa44,20,new,5,400,30494.8115,33344.7863,35326.265380000004,4498.885,0.1475295231780659,30361.346,30623.367,0,0.0
hyb-ed-mldsa44,20,new,20,400,107399.931,111171.7942,113024.55826,5471.3055,0.05094328691887148,107059.299,107582.0735,0,0.0
hyb-ed-mldsa44,20,new,50,400,258199.2855,262766.8516,264988.31464,5566.4255,0.021558640215524533,257968.35366249998,258564.457,0,0.0
hyb-ed-mldsa44,20,new,100,200,509057.6895,514337.9638,516880.27844,5904.646,0.011599168663574426,508442.76166250004,509513.138,0,0.0
hyb-ed-mldsa44,20,new,200,200,1009043.598,1014248.1134,1016266.5976,4025.0805,0.003989005537499085,1008602.094,1009891.975,0,0.0
mix-mldsa87-fndsa512,1,ka,0,1000,574.7955,1305.7070499999998,1710.046309999999,409.578,0.7125629897937614,559.3338625,587.176,0,0.0
mix-mldsa87-fndsa512,1,ka,1,1000,1680.7085,2430.0088999999994,2972.8928799999994,426.1525,0.253555271482235,1662.0217125,1700.451,0,0.0
mix-mldsa87-fndsa512,1,ka,5,1000,5861.4215,6556.09135,7337.840609999999,568.7895,0.09703951507326337,5831.7018,5886.678,0,0.0
mix-mldsa87-fndsa512,1,ka,20,1000,21013.0465,21616.939100000003,22862.00993,638.851,0.030402588220608564,20974.3480625,21051.634,0,0.0
mix-mldsa87-fndsa512,1,ka,50,1000,51081.3355,51924.77695,53304.12364,709.773,0.013894957777679873,51036.542,51114.58115,0,0.0
mix-mldsa87-fndsa512,1,ka,100,400,101218.4195,102370.24239999999,103470.06262000001,775.098,0.007657677365728873,101138.428,101271.9855,0,0.0
mix-mldsa87-fndsa512,1,ka,200,400,201503.7465,202761.4139,204293.36353,646.368,0.003207721996374891,201376.35475,201605.942,0,0.0
mix-mldsa87-fndsa512,1,new,0,400,745.8505,1591.8393499999993,2141.5180199999995,449.091,0.6021193255216696,713.753875,774.8695,0,0.0
mix-mldsa87-fndsa512,1,new,1,400,4057.759,4868.28385,5958.617819999998,492.9305,0.12147850574664489,4022.919775,4090.979,0,0.0
mix-mldsa87-fndsa512,1,new,5,400,16258.4175,17042.67715,17866.811439999998,700.9205,0.043111237609687415,16211.0651625,16301.102,0,0.0
mix-mldsa87-fndsa512,1,new,20,400,61746.937,62803.846,64528.507509999996,856.0005,0.01386304392718298,61653.968,61819.5015,0,0.0
mix-mldsa87-fndsa512,1,new,50,400,152224.969,153814.98835,154712.64495,848.992,0.005577219069757209,152160.0986875,152310.105,0,0.0
mix-mldsa87-fndsa512,1,new,100,200,302770.8465,304447.98155,304926.71017000003,737.165,0.0024347291310294634,302457.6745,302968.3265,0,0.0
mix-mldsa87-fndsa512,1,new,200,200,603473.4645,605599.61,606045.71307,864.231,0.001432094451271436,603005.876,603949.927525,0,0.0
mix-mldsa87-fndsa512,5,ka,0,1000,800.6675,1569.60655,2233.647829999999,621.043,0.7756565615564514,788.5181,812.1185,0,0.0
mix-mldsa87-fndsa512,5,ka,1,1000,1956.246,2880.0503999999996,3541.8380899999993,677.773,0.34646613973907164,1927.937,1996.689,0,0.0
mix-mldsa87-fndsa512,5,ka,5,1000,6128.173,7150.2126499999995,8399.851059999999,807.1665,0.13171405245902817,6089.0815,6176.6235,0,0.0
mix-mldsa87-fndsa512,5,ka,20,1000,21328.867,22474.3737,23640.09702,993.934,0.04660041248323223,21286.296,21391.599075,0,0.0
mix-mldsa87-fndsa512,5,ka,50,1000,51435.6585,52779.71225,53860.5073,1055.6265,0.020523242644983345,51363.469,51500.949,0,0.0
mix-mldsa87-fndsa512,5,ka,100,400,101599.568,103364.35035,105098.15426,1062.588,0.010458587776672437,101515.4866125,101683.463,0,0.0
mix-mldsa87-fndsa512,5,ka,200,400,202016.4775,203680.0779,205349.07575999998,1146.262,0.005674101509863224,201928.7662375,202097.978,0,0.0
mix-mldsa87-fndsa512,5,new,0,400,1155.3895,1916.79055,2526.7462799999985,781.44,0.6763433456855892,1081.7815,1211.735,0,0.0
mix-mldsa87-fndsa512,5,new,1,400,4326.5635,5143.70875,5477.453729999997,771.7875,0.17838349073115417,4299.972,4385.1990125,0,0.0
mix-mldsa87-fndsa512,5,new,5,400,16541.9615,17677.00175,18922.77797,1036.5865,0.06266406193727389,16473.133449999998,16601.438,0,0.0
mix-mldsa87-fndsa512,5,new,20,400,62189.451,63694.12135,64575.62237,1261.8695,0.020290732265830745,62090.95415,62322.395,0,0.0
mix-mldsa87-fndsa512,5,new,50,400,152612.3615,154452.2575,155389.79564,1216.0455,0.007968197910363899,152517.7815,152704.0421875,0,0.0
mix-mldsa87-fndsa512,5,new,100,200,303031.998,304992.1407,306003.37821999996,1068.731,0.0035267925732384207,302729.4045,303198.589,0,0.0
mix-mldsa87-fndsa512,5,new,200,200,605389.936,612193.7251,618637.2025799999,1157.5605,0.0019120907553375648,605183.157,605646.2875,0,0.0
mix-mldsa87-fndsa512,10,ka,0,1000,1082.2045,2259.93005,2797.5675599999995,897.885,0.8296814511490204,1072.5066000000002,1099.705,0,0.0
mix-mldsa87-fndsa512,10,ka,1,1000,2277.7595,3817.2255999999998,4628.60704,982.7945,0.4314742184150697,2245.18,2320.990075,0,0.0
mix-mldsa87-fndsa512,10,ka,5,1000,6502.061,7801.4252,8412.376329999997,1162.4615,0.17878354263363572,6451.2969875,6583.0517125,0,0.0
mix-mldsa87-fndsa512,10,ka,20,1000,21729.687,22909.912949999998,23945.183629999996,1338.9455,0.06161825984884182,21646.856,21784.5875,0,0.0
mix-mldsa87-fndsa512,10,ka,50,1000,52022.4235,53600.02475,55394.36524,1544.792,0.029694733464310827,51961.077,52095.922,0,0.0
mix-mldsa87-fndsa512,10,ka,100,400,102495.553,104447.02875,105911.23707999999,1666.2865,0.016257158981326732,102345.19705,102626.76,0,0.0
mix-mldsa87-fndsa512,10,ka,200,400,203158.318,205025.2374,206274.47168000002,1566.1515,0.007709019819705339,203086.055,203269.406,0,0.0
mix-mldsa87-fndsa512,10,new,0,400,1186.083,2535.6563499999997,3225.1794499999996,916.525,0.7727325996578654,1155.9765,1222.3135,0,0.0
mix-mldsa87-fndsa512,10,new,1,400,4648.3105,5851.732099999999,7235.3856399999995,1062.299,0.22853443202643198,4584.7826125,4747.53,0,0.0
mix-mldsa87-fndsa512,10,new,5,400,17260.3995,18553.44625,19250.35647,1523.409,0.08826035573510335,17140.675987500003,17362.0541375,0,0.0
mix-mldsa87-fndsa512,10,new,20,400,62972.646,64706.14635,66499.95203,1718.206,0.027284957980009288,62850.6371875,63165.122,0,0.0
mix-mldsa87-fndsa512,10,new,50,400,153853.0535,156126.33175,156946.15099000002,1606.8915,0.010444326345463141,153728.9390125,154076.19,0,0.0
mix-mldsa87-fndsa512,10,new,100,200,304959.7325,307168.343,309051.05003,1468.6925,0.00481602107911083,304747.858,305225.067,0,0.0
mix-mldsa87-fndsa512,10,new,200,200,607332.643,609893.2436,611503.19009,1792.711,0.0029517777788868166,607209.626,607627.344,0,0.0
mix-mldsa87-fndsa512,20,ka,0,1000,1644.38,3115.1157499999995,4083.2900499999982,1434.847,0.8725762901519114,1626.1769875,1669.768,0,0.0
mix-mldsa87-fndsa512,20,ka,1,1000,2949.8845,4382.488949999999,5436.274549999999,1607.359,0.5448887914086128,2886.7268624999997,3024.7366749999997,0,0.0
mix-mldsa87-fndsa512,20,ka,5,1000,7272.0145,8809.0846,10635.274349999998,1887.6025,0.2595707833090817,7200.515,7383.1835,0,0.0
mix-mldsa87-fndsa512,20,ka,20,1000,22680.937,24667.84525,26036.60231,2220.208,0.09788872479122004,22621.41425,22761.490100000003,0,0.0
mix-mldsa87-fndsa512,20,ka,50,1000,52913.229,54932.23935,56511.976299999995,2384.1855,0.04505840117978814,52820.228525,53024.328,0,0.0
mix-mldsa87-fndsa512,20,ka,100,400,103396.952,105696.17559999999,106577.69237,2374.803,0.022967824041853768,103199.7819875,103535.874,0,0.0
mix-mldsa87-fndsa512,20,ka,200,400,203963.3705,206151.7161,208094.74997,2482.265,0.012170150914426078,203786.077,204176.71815,0,0.0
mix-mldsa87-fndsa512,20,new,0,400,1911.967,3387.7348999999995,4493.016079999996,1529.204,0.7998066912242732,1841.411,2023.9867,0,0.0
mix-mldsa87-fndsa512,20,new,1,400,6398.0755,8098.743699999998,9601.435519999995,1613.946,0.25225491634164054,6319.3493875,6493.411,0,0.0
mix-mldsa87-fndsa512,20,new,5,400,23298.815,25228.99875,26539.268079999994,2324.3875,0.09976419401587591,23176.935550000002,23462.9932,0,0.0
mix-mldsa87-fndsa512,20,new,20,400,83632.8905,86357.655,88045.07896,2053.1635,0.024549713488618452,83447.421,83853.7475,0,0.0
mix-mldsa87-fndsa512,20,new,50,400,205984.766,209494.9117,210608.99565,2437.3475,0.0118326590229493,205762.443,206234.601,0,0.0
mix-mldsa87-fndsa512,20,new,100,200,407935.119,414256.87345,416676.1627,2634.7525,0.006458753800012987,407574.515,408272.0015,0,0.0
mix-mldsa87-fndsa512,20,new,200,200,811304.3415,813670.00075,814503.25179,2619.2805,0.003228480812955196,811070.7475,811500.184,0,0.0
mix-mldsa87-mldsa44,1,ka,0,1000,979.988,1884.4781499999995,2309.09614,746.9945,0.7622486193708494,906.501,1046.0304,0,0.0
mix-mldsa87-mldsa44,1,ka,1,1000,2079.631,3305.8134499999996,4000.5597299999995,689.096,0.331354937486506,2008.9235125,2143.7732875,0,0.0
mix-mldsa87-mldsa44,1,ka,5,1000,6324.2895,7478.848099999999,8226.7876,884.5435,0.13986448596320583,6258.7795,6408.879,0,0.0
mix-mldsa87-mldsa44,1,ka,20,1000,21525.038,22741.0375,23321.2277,1064.402,0.04944948296955388,21451.1657375,21604.207,0,0.0
mix-mldsa87-mldsa44,1,ka,50,1000,51837.987,53493.3034,54233.49667,1229.0975,0.023710363212985103,51734.535475000004,51929.1372125,0,0.0
mix-mldsa87-mldsa44,1,ka,100,400,102187.296,104180.89495,104891.39706,918.8465,0.008991787981159615,102099.252,102373.4015,0,0.0
mix-mldsa87-mldsa44,1,ka,200,400,203832.819,205594.1242,205985.0527,1161.942,0.00570046573314575,203690.14,203904.392,0,0.0
mix-mldsa87-mldsa44,1,new,0,400,1208.4165,2257.6862499999997,2584.598639999999,782.7995,0.6477894831790199,1105.5065,1319.164,0,0.0
mix-mldsa87-mldsa44,1,new,1,400,4737.1595,5834.425349999999,6189.121939999997,1039.205,0.21937302301094147,4622.772,4809.3575,0,0.0
mix-mldsa87-mldsa44,1,new,5,400,17017.5065,18500.0185,19216.398489999996,1081.5445,0.06355481632987771,16927.697,17126.5442625,0,0.0
mix-mldsa87-mldsa44,1,new,20,400,62946.8,64958.566399999996,65421.492269999995,1413.971,0.022462952842717977,62832.414,63196.247,0,0.0
mix-mldsa87-mldsa44,1,new,50,400,154939.536,157259.13115,158275.13248,1645.4505,0.010619952418083917,154741.3095,155189.965,0,0.0
mix-mldsa87-mldsa44,1,new,100,200,306208.422,308852.72175,309492.70758999995,1375.7235,0.004492768327580487,305981.346,306493.7275875,0,0.0
mix-mldsa87-mldsa44,1,new,200,200,609493.536,611532.6006,612321.8431,1398.1755,0.002293995616714793,609341.1155,609747.713,0,0.0
mix-mldsa87-mldsa44,5,ka,0,1000,1277.5265,2684.9267999999997,3151.73979,1062.1835,0.8314375474794456,1182.8945,1413.4938875,0,0.0
mix-mldsa87-mldsa44,5,ka,1,1000,2605.9075,3935.1604999999995,4523.662979999999,1242.7195,0.47688549958123994,2504.4569125000003,2700.739,0,0.0
mix-mldsa87-mldsa44,5,ka,5,1000,6961.9275,8507.14365,9064.21417,1551.369,0.22283613266584576,6874.917,7083.6891625,0,0.0
mix-mldsa87-mldsa44,5,ka,20,1000,22261.511,24323.01915,24934.11475,1774.152,0.07969593798013082,22108.968,22373.8045,0,0.0
mix-mldsa87-mldsa44,5,ka,50,1000,52518.8165,54707.098399999995,55663.370969999996,1860.918,0.035433357490072155,52381.8735,52665.657075,0,0.0
mix-mldsa87-mldsa44,5,ka,100,400,102813.202,105860.85835,107121.1762,1608.542,0.01564528648762442,102557.541,103124.7645,0,0.0
mix-mldsa87-mldsa44,5,ka,200,400,204017.8565,206462.76565000002,207285.53375,1158.25,0.005677199142615244,203927.3895,204135.169825,0,0.0
mix-mldsa87-mldsa44,5,new,0,400,1606.696,2904.6611499999995,3952.6378999999974,1181.408,0.735302757957946,1456.7816625,1704.493,0,0.0
mix-mldsa87-mldsa44,5,new,1,400,5000.8615,6104.9778,6579.0207900000005,1363.8185,0.2727167109107101,4893.883325,5120.152,0,0.0
mix-mldsa87-mldsa44,5,new,5,400,17754.466,19877.59015,20670.56228,1819.865,0.10250181559952296,17569.547,17959.394737500003,0,0.0
mix-mldsa87-mldsa44,5,new,20,400,63702.7895,66717.94765,67942.40469,2020.7525,0.031721570057775886,63392.4095,64039.5225,0,0.0
mix-mldsa87-mldsa44,5,new,50,400,155447.1765,158219.374,159256.42746,1914.2075,0.012314199222524958,155206.46663749998,155592.857,0,0.0
mix-mldsa87-mldsa44,5,new,100,200,306944.9735,309325.38739999995,310068.23932,1889.715,0.00615652694504867,306675.43639999995,307208.9796875,0,0.0
mix-mldsa87-mldsa44,5,new,200,200,609800.209,613237.2271499999,614091.0488199999,1717.4395,0.0028163970340653,609417.586,610083.3580875,0,0.0
mix-mldsa87-mldsa44,10,ka,0,1000,1554.2485,3113.4665,3638.6548199999993,1297.42,0.8347571189549161,1436.8788125,1674.2521499999998,0,0.0
mix-mldsa87-mldsa44,10,ka,1,1000,3059.5535,4637.30635,5088.83007,1665.253,0.5442797453942217,2922.603,3197.1875,0,0.0
mix-mldsa87-mldsa44,10,ka,5,1000,7672.891,9191.25725,10030.241709999998,2193.0725,0.2858208855045641,7562.431,7758.7619,0,0.0
mix-mldsa87-mldsa44,10,ka,20,1000,22859.1355,25334.58205,25957.79418,2300.2825,0.10062858676348456,22680.994,23042.760975,0,0.0
mix-mldsa87-mldsa44,10,ka,50,1000,52950.1635,55439.67645,56448.04571,2226.9265,0.042057027831462694,52813.555,53108.52970000001,0,0.0
mix-mldsa87-mldsa44,10,ka,100,400,104055.253,107631.2344,109151.32425,2571.444,0.02471229395790331,103644.1,104370.9985,0,0.0
mix-mldsa87-mldsa44,10,ka,200,400,204849.47,208289.5928,209530.54682999998,2346.115,0.011452873175605482,204581.928,205117.398,0,0.0
mix-mldsa87-mldsa44,10,new,0,400,1898.9835,3308.356449999999,3927.7093999999997,1508.93,0.7945987945656189,1740.96,2066.09,0,0.0
mix-mldsa87-mldsa44,10,new,1,400,6556.41,8284.412849999999,8772.29662,1824.4765,0.2782737046645954,6410.2875,6764.923824999999,0,0.0
mix-mldsa87-mldsa44,10,new,5,400,23779.7065,26225.731399999997,27511.56364,2552.402,0.10733530289787219,23540.2165,24021.522,0,0.0
mix-mldsa87-mldsa44,10,new,20,400,85104.7495,88499.8709,90053.70945000001,2708.667,0.03182744812614718,84830.7806875,85409.519,0,0.0
mix-mldsa87-mldsa44,10,new,50,400,207255.528,210128.8028,211027.7899,2659.084,0.012829978653211123,207004.282725,207575.066,0,0.0
mix-mldsa87-mldsa44,10,new,100,200,410381.039,413819.26165,415667.43435,2872.728,0.0070001479771096345,409896.166,411028.978,0,0.0
mix-mldsa87-mldsa44,10,new,200,200,814341.5805,819101.7728500001,820943.8457000001,2371.65,0.002912352821949511,813900.5625,814836.25815,0,0.0
mix-mldsa87-mldsa44,20,ka,0,1000,2635.602,4678.5858,5401.20468,2308.8895,0.8760387569898642,2531.249,2785.071,0,0.0
mix-mldsa87-mldsa44,20,ka,1,1000,3822.311,5657.40205,6185.58515,2371.612,0.6204654723281282,3700.0518125,3956.481,0,0.0
mix-mldsa87-mldsa44,20,ka,5,1000,8457.037,10376.47155,11092.905859999999,2846.6115,0.3365967891591346,8325.4869125,8599.3718,0,0.0
mix-mldsa87-mldsa44,20,ka,20,1000,24191.686,26846.19755,28020.0328,3571.5135,0.14763392266252134,23987.041862500002,24398.0701375,0,0.0
mix-mldsa87-mldsa44,20,ka,50,1000,54486.989,57420.3122,58900.354199999994,3601.5055,0.06609844966841534,54233.948,54691.935,0,0.0
mix-mldsa87-mldsa44,20,ka,100,400,105388.0915,108919.82114999999,109813.62249,3901.58,0.03702107082943048,105011.67616249999,105748.948,0,0.0
mix-mldsa87-mldsa44,20,ka,200,400,205532.601,211896.01714999997,214371.21430000002,3576.076,0.017399069454679846,205083.25230000002,205800.252,0,0.0
mix-mldsa87-mldsa44,20,new,0,400,2882.3965,4736.470699999999,5872.4991599999985,2410.497,0.836282239449014,2671.1925,3070.953737499998,0,0.0
mix-mldsa87-mldsa44,20,new,1,400,8771.6825,10868.482449999998,11747.989599999999,2392.809,0.27278791725532703,8637.4135,8873.653,0,0.0
mix-mldsa87-mldsa44,20,new,5,400,30129.415,32934.75949999999,34043.4316,3074.709,0.10205007299345174,29857.267,30360.784,0,0.0
mix-mldsa87-mldsa44,20,new,20,400,106946.4745,110533.96695,111853.32283,3820.8135,0.035726409101966235,106621.5841875,107462.09095,0,0.0
mix-mldsa87-mldsa44,20,new,50,400,259125.9,263764.65875,265316.83197,3097.6615,0.011954272035331089,258825.333,259629.5835,0,0.0
mix-mldsa87-mldsa44,20,new,100,200,512775.0905,516680.06075,517296.40115,3711.4365,0.007237942265060163,512264.1903125,513370.729,0,0.0
mix-mldsa87-mldsa44,20,new,200,200,1015843.917,1021912.7623,1056142.08678,3942.1175,0.0038806330717044593,1015123.029725,1016422.788,0,0.0
mix-slh256s-fndsa512,1,ka,0,1000,1914.518,3414.204549999999,4413.44756,1652.909,0.8633551630227556,1877.561,1973.9004499999999,0,0.0
mix-slh256s-fndsa512,1,ka,1,1000,3063.3655,4470.0922,5589.657599999999,1701.0335,0.5552825805474404,3024.291325,3122.5492749999994,0,0.0
mix-slh256s-fndsa512,1,ka,5,1000,7421.977,8864.5645,9940.8946,1985.2225,0.2674789345210852,7327.896900000001,7463.519,0,0.0
mix-slh256s-fndsa512,1,ka,20,1000,22903.108,24775.7573,25993.50959,2418.4295,0.10559394384377875,22813.8395,23006.421,0,0.0
mix-slh256s-fndsa512,1,ka,50,1000,53283.083,55523.02545,56951.03679,2618.9125,0.04915091906374862,53154.5025,53406.6095,0,0.0
mix-slh256s-fndsa512,1,ka,100,400,103582.273,106477.51755,107719.84715999999,2585.193,0.02495787092835856,103463.8905,103695.823,0,0.0
mix-slh256s-fndsa512,1,ka,200,400,204326.327,206925.60395,208822.55773,2593.5795,0.012693320229849774,204129.048,204537.795,0,0.0
mix-slh256s-fndsa512,1,new,0,400,2051.926,3522.2489499999997,4803.22243,1683.1055,0.8202564322495061,2013.4828,2110.349,0,0.0
mix-slh256s-fndsa512,1,new,1,400,6818.3865,8212.289699999998,9493.07805,2089.5765,0.3064620200101593,6737.017,6906.6762375,0,0.0
mix-slh256s-fndsa512,1,new,5,400,23622.6295,25624.043199999996,26904.02835,2527.194,0.10698190902075487,23416.171,23746.363,0,0.0
mix-slh256s-fndsa512,1,new,20,400,85025.3615,87803.0427,89786.01529,2907.8325,0.03419958996587154,84759.212,85217.1275,0,0.0
mix-slh256s-fndsa512,1,new,50,400,206273.3875,208886.30975,210439.73385999998,2628.784,0.012744174281813255,206107.734,206503.691,0,0.0
mix-slh256s-fndsa512,1,new,100,200,407816.09,414419.14005,416459.59653999994,2707.6765,0.006639454809151841,407571.298,408225.834,0,0.0
mix-slh256s-fndsa512,1,new,200,200,812197.7235,815602.9105,816852.69337,2493.354,0.0030698854821402367,811923.807,812465.925,0,0.0
mix-slh256s-fndsa512,5,ka,0,1000,2127.5665,3810.6396499999996,4830.927339999996,1867.342,0.8776891345111892,2104.0184624999997,2167.294,0,0.0
mix-slh256s-fndsa512,5,ka,1,1000,3400.118,4833.926249999999,5813.573609999999,2003.3505,0.5892002865782894,3342.3955874999997,3456.5935,0,0.0
mix-slh256s-fndsa512,5,ka,5,1000,7703.5335,9547.319949999997,10648.50667,2252.0445,0.2923391583875114,7620.4375,7818.743,0,0.0
mix-slh256s-fndsa512,5,ka,20,1000,23044.9705,24861.76915,26439.56348,2554.293,0.11083949966436277,22963.2112125,23125.2675,0,0.0
mix-slh256s-fndsa512,5,ka,50,1000,53561.6485,55795.51075,57316.19678,2937.313,0.054839854303588134,53435.35875,53685.4425,0,0.0
mix-slh256s-fndsa512,5,ka,100,400,104150.8475,106795.94184999999,109086.83505,3075.6165,0.02953040300512197,103927.336,104377.8318875,0,0.0
mix-slh256s-fndsa512,5,ka,200,400,204956.5575,208305.90955,209741.84333,3052.216,0.014892014372362787,204740.097,205171.3279,0,0.0
mix-slh256s-fndsa512,5,new,0,400,2410.7095,4153.64835,4963.561639999999,1997.472,0.828582622667725,2341.5564249999998,2523.562,0,0.0
mix-slh256s-fndsa512,5,new,1,400,6887.36,8415.448599999998,9635.275300000001,2197.813,0.31910819239882915,6786.714,7028.301,0,0.0
mix-slh256s-fndsa512,5,new,5,400,23739.088,25580.782649999997,27138.32922,2666.5015,0.11232535554862091,23565.1235,23843.455,0,0.0
mix-slh256s-fndsa512,5,new,20,400,85058.392,87796.84909999999,88725.30102,2911.731,0.03423214254979097,84841.5193875,85215.701,0,0.0
mix-slh256s-fndsa512,5,new,50,400,206368.151,209527.19005,210845.02078,2827.3275,0.013700406222082205,206189.8064625,206584.588,0,0.0
mix-slh256s-fndsa512,5,new,100,200,409060.205,413739.92505,415782.72937,3267.561,0.007987970866048922,408749.905,409364.227175,0,0.0
mix-slh256s-fndsa512,5,new,200,200,812767.8635,816225.5926,817702.2504199999,3125.4105,0.003845391335406804,812447.223,813139.0205,0,0.0
mix-slh256s-fndsa512,10,ka,0,1000,2567.89,4297.5668,5085.746929999999,2258.098,0.8793593183508639,2493.2113624999997,2639.3419875,0,0.0
mix-slh256s-fndsa512,10,ka,1,1000,3569.7355,5130.111199999999,6115.222359999999,2195.302,0.6149760955678649,3540.665,3610.4622,0,0.0
mix-slh256s-fndsa512,10,ka,5,1000,8030.761,9833.13155,10913.75009,2549.746,0.31749743268415037,7920.49375,8107.513,0,0.0
mix-slh256s-fndsa512,10,ka,20,1000,23754.003,26159.46195,27581.7022,3180.4575,0.13389143295132194,23648.334,23853.3221,0,0.0
mix-slh256s-fndsa512,10,ka,50,1000,53926.55,56498.1531,58067.12147,3275.079,0.06073221817453555,53810.4225,54065.006775,0,0.0
mix-slh256s-fndsa512,10,ka,100,400,104752.527,107706.4945,109120.338,3409.2865,0.03254610268256345,104497.228,104931.27,0,0.0
mix-slh256s-fndsa512,10,ka,200,400,206441.431,210336.76945,211957.03496000002,3986.626,0.019311172087351013,205988.9519125,206780.3613125,0,0.0
mix-slh256s-fndsa512,10,new,0,400,2682.873,4261.497199999999,5121.302879999999,2233.367,0.8324534929532632,2570.6662625000004,2771.9345,0,0.0
mix-slh256s-fndsa512,10,new,1,400,7095.0995,8430.262749999998,9241.76579,2371.4665,0.3342400624543743,6982.8545,7184.47,0,0.0
mix-slh256s-fndsa512,10,new,5,400,24292.543,26273.87845,27893.45926,3170.8495,0.13052768909372725,24112.898,24491.8845,0,0.0
mix-slh256s-fndsa512,10,new,20,400,85418.082,88226.9025,89598.12054999999,3314.419,0.03880231120150883,85123.7525,85661.6908,0,0.0
mix-slh256s-fndsa512,10,new,50,400,207675.852,212135.863,214311.97794,3695.115,0.017792704180166312,207393.8294125,207919.8935875,0,0.0
mix-slh256s-fndsa512,10,new,100,200,410367.3465,416156.3485,417700.26081,3753.613,0.009146958285093475,409688.3605,411127.2885,0,0.0
mix-slh256s-fndsa512,10,new,200,200,814337.863,818939.9171000001,821342.10074,4379.334,0.005377785068063328,813518.7795,814811.787,0,0.0
mix-slh256s-fndsa512,20,ka,0,1000,3717.426,5660.71365,6539.581639999999,3397.83,0.9140276094265225,3629.303,3845.769475,0,0.0
mix-slh256s-fndsa512,20,ka,1,1000,4953.7085,6775.786599999999,7473.44074,3481.1125,0.7027285719375695,4813.8755,5041.336,0,0.0
mix-slh256s-fndsa512,20,ka,5,1000,9614.1725,11439.055849999999,12405.97305,4082.1265,0.42459468040541193,9460.479,9765.621175,0,0.0
mix-slh256s-fndsa512,20,ka,20,1000,25383.986,28016.69885,28749.215509999998,4796.755,0.18896776101278973,25163.475,25621.3365,0,0.0
mix-slh256s-fndsa512,20,ka,50,1000,55885.225,59380.02155,60822.884229999996,5029.7195,0.09000088127049681,55714.9975375,55982.7198,0,0.0
mix-slh256s-fndsa512,20,ka,100,400,105402.755,109893.13415,111263.32556,4181.6375,0.03967294308388808,104945.874,105841.401,0,0.0
mix-slh256s-fndsa512,20,ka,200,400,207446.4,211095.14779999998,212736.43809,4994.496,0.02407607941135638,207237.221,207823.2505,0,0.0
mix-slh256s-fndsa512,20,new,0,400,3877.4515,5895.160099999997,6757.598599999999,3352.324,0.8645689056329912,3695.469,4072.5011875,0,0.0
mix-slh256s-fndsa512,20,new,1,400,9597.63,11277.411900000001,11963.20791,3685.621,0.38401365753837147,9366.598,9730.341,0,0.0
mix-slh256s-fndsa512,20,new,5,400,31207.07,34295.9808,35134.439130000006,4732.62,0.15165217369012854,30939.775899999997,31470.503,0,0.0
mix-slh256s-fndsa512,20,new,20,400,108091.874,111515.10334999999,112819.12388,4984.2505,0.046111241442626856,107748.637,108381.5179,0,0.0
mix-slh256s-fndsa512,20,new,50,400,260674.68,264547.58934999997,265950.13146,5052.301,0.019381633076139194,260164.8855,260948.778,0,0.0
mix-slh256s-fndsa512,20,new,100,200,513325.3695,517640.40965,518851.27593,4570.1025,0.008902935197711868,512716.5860875,514186.444,0,0.0
mix-slh256s-fndsa512,20,new,200,200,1017803.245,1023397.7762999999,1025309.74142,4687.8,0.0046058017824456825,1017415.327,1018366.557,0,0.0
mldsa44,1,ka,0,1000,248.4015,416.1309499999999,846.19259,191.223,0.7698141919432854,246.5905,250.82365,0,0.0
mldsa44,1,ka,1,1000,1390.019,1867.9978500000002,2266.4920499999994,226.9635,0.1632808616285101,1385.8255,1392.6397875,0,0.0
mldsa44,1,ka,5,1000,5649.2605,6325.4348,6956.513109999999,382.2835,0.06766965339976799,5628.9297750000005,5674.104,0,0.0
mldsa44,1,ka,20,1000,21122.2405,22479.547,23301.78403,725.5625,0.03435064097485302,21077.362,21165.037,0,0.0
mldsa44,1,ka,50,1000,50520.954,50688.0461,51084.58767,287.7795,0.005696240415412583,50518.0275,50523.611,0,0.0
mldsa44,1,ka,100,400,103234.039,107178.77545,107503.34801,354.5165,0.0034341047142406197,102968.2265,103473.2393875,0,0.0
mldsa44,1,ka,200,400,206125.7165,212199.2211,214945.89997,318.1635,0.0015435410263328303,205931.282,206646.962,0,0.0
mldsa44,1,new,0,400,372.995,599.1529999999996,1084.5493199999996,234.419,0.6284775935334254,365.1210375,380.88,0,0.0
mldsa44,1,new,1,400,2707.6995,3390.2646999999993,4206.32626,274.35,0.10132217404479338,2691.789,2729.131,0,0.0
mldsa44,1,new,5,400,11422.0675,12539.8005,13699.042999999996,759.7345,0.06651462180555315,11330.604,11501.969737500001,0,0.0
mldsa44,1,new,20,400,43352.2305,45274.819299999996,46008.80074,1960.461,0.045221687036379826,43095.808,43657.493,0,0.0
mldsa44,1,new,50,400,101460.4065,104640.48264999999,105773.30503,349.2435,0.0034421653928618946,101372.64475,101587.74802500001,0,0.0
mldsa44,1,new,100,200,207395.85,211548.8979,212692.84815,387.804,0.001869873481074959,206807.088,208303.414,0,0.0
mldsa44,1,new,200,200,409658.152,422507.667,427023.4808,387.3505,0.000945545690007409,408763.775,411323.791,0,0.0
mldsa44,5,ka,0,1000,659.241,833.3986499999999,1173.93866,534.5455,0.8108499016292979,646.8665,666.433,0,0.0
mldsa44,5,ka,1,1000,1894.6185,2280.0472999999997,2952.2687299999993,579.1625,0.30568818999708913,1883.24,1901.0793,0,0.0
mldsa44,5,ka,5,1000,5947.9885,6458.35985,7654.286719999997,581.929,0.09783626851329655,5938.219,5958.587,0,0.0
mldsa44,5,ka,20,1000,21064.2,21712.3757,23279.205959999996,608.6385,0.028894451249038652,21049.482024999998,21075.7257375,0,0.0
mldsa44,5,ka,50,1000,51605.0925,53070.3279,53746.31582,644.0025,0.012479436985797477,51557.43715,51663.685,0,0.0
mldsa44,5,ka,100,400,102786.703,106200.39665000001,107112.18765,625.7235,0.00608759189406046,102675.071,102907.0035,0,0.0
mldsa44,5,ka,200,400,207970.337,210945.97265,211487.14833,646.806,0.0031100877621792764,207645.351,208279.6523375,0,0.0
mldsa44,5,new,0,400,848.287,1106.6890999999996,1893.5237999999954,598.5825,0.705636771517187,822.1815,883.9978874999999,0,0.0
mldsa44,5,new,1,400,4215.367,4686.9100499999995,5720.150789999999,639.67,0.1517471669726503,4199.233,4235.3280125,0,0.0
mldsa44,5,new,5,400,16731.6055,17418.50655,18398.856289999996,683.4675,0.04084888924735884,16701.956462500002,16758.084475,0,0.0
mldsa44,5,new,20,400,62923.89,64553.791600000004,65102.076629999996,695.347,0.011050604150506271,62830.007,63015.22811249999,0,0.0
mldsa44,5,new,50,400,156214.8405,160540.10075,161965.02980000002,758.7605,0.004857160162065396,155888.061,156489.3185,0,0.0
mldsa44,5,new,100,200,310824.9845,320260.13560000004,322165.11744999996,732.3275,0.0023560766879085937,309702.7855,311863.067,0,0.0
mldsa44,5,new,200,200,621574.325,638003.7039,644866.51918,788.317,0.001268258626995251,621096.5035,622373.018,0,0.0
mldsa44,10,ka,0,1000,1036.824,1526.8238,2157.99738,897.9755,0.8660828645941838,1025.425,1045.502925,0,0.0
mldsa44,10,ka,1,1000,2236.444,3025.129099999999,3924.452729999999,928.2935,0.4150756737034328,2227.4196749999996,2245.804,0,0.0
mldsa44,10,ka,5,1000,6413.391,7186.9036,7897.565449999999,965.318,0.15051600627499556,6397.971,6422.534,0,0.0
mldsa44,10,ka,20,1000,21691.4065,22867.5806,24031.7948,1122.864,0.051765384600579036,21640.331,21743.236149999997,0,0.0
mldsa44,10,ka,50,1000,52256.2015,53477.237,54698.28653,1113.4255,0.021307050035008764,52217.6549625,52282.2051125,0,0.0
mldsa44,10,ka,100,400,104405.663,106404.1332,106965.97773,1072.652,0.010273887154952505,104279.19,104531.575,0,0.0
mldsa44,10,ka,200,400,210383.53,213740.67405,419242.10771999997,1131.369,0.005377650047035526,209992.1346625,210852.16425,0,0.0
mldsa44,10,new,0,400,1272.946,1618.9712999999995,2126.4896499999986,1007.6365,0.7915783544627973,1241.427,1296.311,0,0.0
mldsa44,10,new,1,400,6096.0135,6978.750249999999,7771.534539999996,1105.236,0.18130471659880673,6077.7670499999995,6123.5132875,0,0.0
mldsa44,10,new,5,400,22746.041,24218.50475,24942.93695999999,1179.1085,0.051837966000325066,22696.643,22826.974,0,0.0
mldsa44,10,new,20,400,85701.131,88821.5646,91972.86598,1314.0315,0.015332720638190878,85570.75240000001,85815.522,0,0.0
mldsa44,10,new,50,400,210671.202,214871.81454999998,216458.10919,1275.68,0.006055312676290706,210437.613,210838.874,0,0.0
mldsa44,10,new,100,200,418772.264,423945.7697,425162.30167,1373.94,0.0032808763094205303,418301.0375,419381.368,0,0.0
mldsa44,10,new,200,200,834534.9665,845555.43185,849984.34876,1453.5215,0.0017417143179704023,832998.9735,835218.005,0,0.0
mldsa44,20,ka,0,1000,1926.47,2800.3250999999996,3673.08573,1660.4195,0.861897408212949,1918.1595,1932.1915,0,0.0
mldsa44,20,ka,1,1000,3080.757,4017.1088499999996,4878.442259999999,1662.1435,0.5395243766385989,3067.24,3094.68635,0,0.0
mldsa44,20,ka,5,1000,7337.1435,8458.713149999998,9463.192969999998,1710.345,0.2331077482674286,7317.612087500001,7357.347575,0,0.0
mldsa44,20,ka,20,1000,22471.736,24149.52825,26952.096349999956,1731.568,0.0770553730250302,22449.602,22503.092800000002,0,0.0
mldsa44,20,ka,50,1000,54606.965,58932.33394999999,210190.45148,3281.1735,0.060087087791822896,54386.292,54795.598987499994,0,0.0
mldsa44,20,ka,100,400,107589.2465,111813.00504999999,113317.73942,4802.1335,0.04463395419355409,107103.925,108008.677,0,0.0
mldsa44,20,ka,200,400,212477.0825,215922.4468,217620.91835999998,5007.814,0.02356872534712067,212296.30876249998,212698.658,0,0.0
mldsa44,20,new,0,400,2282.931,3642.128749999999,4240.440129999999,1849.7865,0.8102682472663432,2262.8645,2317.265,0,0.0
mldsa44,20,new,1,400,8216.2355,9212.806449999998,10152.24509,1910.8045,0.23256447554357468,8167.648,8254.705,0,0.0
mldsa44,20,new,5,400,29332.862,30834.289699999998,31836.620659999997,2181.991,0.07438725208607329,29250.8165,29412.984,0,0.0
mldsa44,20,new,20,400,107951.6315,110430.6271,112653.70683,2057.9455,0.01906358867767552,107829.3205,108089.727225,0,0.0
mldsa44,20,new,50,400,267441.6865,273132.77555,275364.40627,3302.228,0.012347469249151628,267098.795,267839.91525,0,0.0
mldsa44,20,new,100,200,530444.165,538262.0207,540642.93993,5269.1145,0.00993340081325996,529853.245175,531215.196,0,0.0
mldsa44,20,new,200,200,1050121.9885,1066016.49265,1074261.96915,5360.989,0.0051051107001936664,1048843.759,1051843.544,0,0.0
mldsa65,1,ka,0,1000,626.352,2216.75265,2521.22625,451.771,0.7212733415076507,582.0075,759.062,0,0.0
mldsa65,1,ka,1,1000,2489.29,3630.0104,4264.16067,1042.4795,0.4187858787043695,2440.294,2535.711625,0,0.0
mldsa65,1,ka,5,1000,6815.314,8076.793549999999,8907.449929999999,1200.6975,0.17617640214376037,6761.23,6868.186,0,0.0
mldsa65,1,ka,20,1000,22191.6195,23911.92395,25196.940529999996,1459.229,0.0657558588727605,22111.187237500002,22255.5085,0,0.0
mldsa65,1,ka,50,1000,52789.0465,54397.2968,55672.1501,1462.116,0.02769733679504895,52727.046,52833.509,0,0.0
mldsa65,1,ka,100,400,105503.204,107096.86889999999,107906.56139,1874.0365,0.017762839695370767,105355.183,105616.0955,0,0.0
mldsa65,1,ka,200,400,211697.0015,215563.33969999998,217760.77838,1668.3865,0.007881011484236823,211402.69045,211853.757,0,0.0
mldsa65,1,new,0,400,1321.5335,2342.75375,2781.90996,863.7195,0.6535736702853162,1162.643,1427.158,0,0.0
mldsa65,1,new,1,400,4998.064,5980.12655,6404.86628,1106.5965,0.221405028026852,4913.6307625,5094.355,0,0.0
mldsa65,1,new,5,400,17923.219,19511.86945,20670.696529999997,1487.9855,0.08301999211190803,17782.305,18048.247,0,0.0
mldsa65,1,new,20,400,65346.841,67690.3816,69047.2062,1845.0525,0.028234761952762186,65165.392,65514.235,0,0.0
mldsa65,1,new,50,400,160003.503,163194.9496,164804.72771,2109.7205,0.013185464445737791,159823.687,160144.8343125,0,0.0
mldsa65,1,new,100,200,315827.0625,323303.68875,326634.36113,1741.781,0.005514983377968125,315358.2265,316299.186,0,0.0
mldsa65,1,new,200,200,625361.5585,633569.4535,636127.97485,2084.6015,0.0033334340297477686,624545.84425,626332.2663624999,0,0.0
mldsa65,5,ka,0,1000,1960.7795,3599.63315,4240.190799999999,1684.6805,0.8591891643093984,1857.0586125,2060.976,0,0.0
mldsa65,5,ka,1,1000,3326.407,4822.848650000001,5612.6077000000005,1857.4905,0.558407464871256,3256.9705249999997,3435.903225,0,0.0
mldsa65,5,ka,5,1000,8116.164,9919.0441,10496.22507,2390.959,0.294592248259153,8013.3200125,8225.244625,0,0.0
mldsa65,5,ka,20,1000,23747.3865,26190.88775,27147.931129999997,2946.0525,0.12405796738937988,23643.4086625,23869.5,0,0.0
mldsa65,5,ka,50,1000,53526.947,56378.587049999995,57399.33542,2688.9145,0.050234781744604266,53366.582,53644.1006375,0,0.0
mldsa65,5,ka,100,400,106222.403,109442.769,110726.86150999999,3487.823,0.03283509788420057,106025.3191875,106538.835,0,0.0
mldsa65,5,ka,200,400,208679.3465,215202.4798,216387.70289,3057.9935,0.014654030460077178,208058.531,209507.90245,0,0.0
mldsa65,5,new,0,400,1388.99,3742.1646499999983,4727.6291200000005,1003.3715,0.7223748911079273,1247.0535,1613.26,0,0.0
mldsa65,5,new,1,400,7255.082,8664.389,9327.338129999998,2224.569,0.30662217187896706,7175.353,7397.0597124999995,0,0.0
mldsa65,5,new,5,400,25067.0125,27606.30865,28322.781469999998,3014.121,0.12024252989860679,24886.275,25291.7470125,0,0.0
mldsa65,5,new,20,400,89195.3365,92777.75875,94034.4864,4030.4685,0.045186986877951855,88806.337,89503.11,0,0.0
mldsa65,5,new,50,400,209657.0,219669.11794999999,221497.50088,3254.924,0.01552499558803188,208212.255575,213515.9285,0,0.0
mldsa65,5,new,100,200,419181.098,430256.44395,432124.28393000003,3161.546,0.0075421959985419,416779.502,422261.6661875,0,0.0
mldsa65,5,new,200,200,834646.212,852077.6276,855590.55239,3144.8645,0.0037679012434073083,832746.3665,836230.1420375,0,0.0
mldsa65,10,ka,0,1000,1858.495,4630.613949999999,5491.296939999999,1544.0635,0.8308139112561508,1707.7365,2125.1165,0,0.0
mldsa65,10,ka,1,1000,4185.776,6064.884950000001,6861.88714,2703.5625,0.6458927806934723,4090.5432625000003,4289.4287125,0,0.0
mldsa65,10,ka,5,1000,8942.0515,11069.497949999999,12194.827509999997,3200.0045,0.3578602180942483,8815.7482625,9025.45,0,0.0
mldsa65,10,ka,20,1000,24312.1205,26936.264850000003,28330.26815,3435.458,0.14130639077739024,24134.402,24431.182,0,0.0
mldsa65,10,ka,50,1000,55665.1635,59270.172,60356.19257,4465.0355,0.0802123845374136,55459.344925,55893.177,0,0.0
mldsa65,10,ka,100,400,107396.302,111705.53955,113553.49578,4718.079,0.04393148471722984,107220.8055,107621.6785,0,0.0
mldsa65,10,ka,200,400,212457.387,216246.47819999998,216984.26932,4328.7105,0.02037448808499184,211794.813,213158.697,0,0.0
mldsa65,10,new,0,400,2639.634,5001.604899999998,5864.34896,2144.7515,0.8125185158245424,2409.1,2866.969,0,0.0
mldsa65,10,new,1,400,8188.5605,10157.846649999998,10725.212829999999,3166.4735,0.38669476765788074,8058.144,8380.235,0,0.0
mldsa65,10,new,5,400,26532.52,29380.117349999997,30486.184569999998,4641.0325,0.17491864700375237,26360.10175,26776.341,0,0.0
mldsa65,10,new,20,400,89105.264,94854.3145,96833.34253,4795.95,0.05382341945589208,88404.5305,89674.349,0,0.0
mldsa65,10,new,50,400,216142.886,222500.275,224562.28251,4902.283,0.022680751102768192,215386.8035,216629.991,0,0.0
mldsa65,10,new,100,200,424623.2805,432763.42445,434802.95231,4740.888,0.011164927166540507,423182.7015,425692.2335,0,0.0
mldsa65,10,new,200,200,836746.4245,848927.95825,853267.40435,5081.317,0.006072708351322032,834654.7010125001,839326.768,0,0.0
mldsa65,20,ka,0,1000,3577.423,5706.531249999999,6860.158240000001,3232.56,0.9036001613451917,3409.758,3716.4081375,0,0.0
mldsa65,20,ka,1,1000,4808.1105,7081.6175,8046.987119999999,3245.4035,0.6749852150860509,4653.326,4906.472,0,0.0
mldsa65,20,ka,5,1000,9711.3195,12085.8436,12751.59,4061.435,0.41821659765184327,9551.0845,9848.605175,0,0.0
mldsa65,20,ka,20,1000,25976.792,29418.7565,30707.30673,5117.215,0.19699179944929304,25795.9195,26135.544,0,0.0
mldsa65,20,ka,50,1000,57202.704,61312.881049999996,62595.230939999994,5834.229,0.10199218904057403,56941.9001875,57415.384,0,0.0
mldsa65,20,ka,100,400,108550.1005,114363.6048,115582.66646,6038.0115,0.0556241907855258,108074.076,108900.1305,0,0.0
mldsa65,20,ka,200,400,213722.7645,217506.9543,219240.94238999998,6338.4655,0.029657418641522392,212688.1805,214420.326,0,0.0
mldsa65,20,new,0,400,3806.4795,5953.356849999995,6727.971399999999,3243.8595,0.852194133713317,3650.221,3974.0145,0,0.0
mldsa65,20,new,1,400,9784.1185,12039.513599999998,13039.819499999998,3283.4465,0.335589404400611,9599.912,9909.9670375,0,0.0
mldsa65,20,new,5,400,32568.847,36325.55749999998,38629.68231,5288.3995,0.16237601226718282,32289.2608625,32944.485,0,0.0
mldsa65,20,new,20,400,112200.079,118941.40934999999,134461.80935999998,6082.36,0.05420994400547614,111695.04191249999,112701.4825,0,0.0
mldsa65,20,new,50,400,271818.2615,278548.10764999996,311055.7117499999,6502.0115,0.023920436633356953,270831.676,272437.4365,0,0.0
mldsa65,20,new,100,200,531902.233,542435.8764500001,544429.45652,6144.2835,0.011551527929005705,529141.8095,533923.728,0,0.0
mldsa65,20,new,200,200,1054223.159,1070982.9573,1077139.331689999,6290.0005,0.005966479152256984,1052062.622,1058092.0585375,0,0.0
mldsa87,1,ka,0,1000,1492.225,2822.0136499999994,3307.08405,1228.4455,0.8232307460336076,1380.726,1574.15075,0,0.0
mldsa87,1,ka,1,1000,2713.938,3918.0976499999997,4638.12082,1297.059,0.4779250668217181,2655.566,2769.8665,0,0.0
mldsa87,1,ka,5,1000,7112.63,8380.17815,8912.73522,1519.6115,0.21364973293985487,7044.1415375,7168.857,0,0.0
mldsa87,1,ka,20,1000,22219.534,24052.26415,24917.807960000002,1673.3585,0.0753102427800691,22122.6378625,22327.956,0,0.0
mldsa87,1,ka,50,1000,52702.79,54770.2705,55886.157479999994,1658.252,0.031464216600297634,52612.740025,52786.7,0,0.0
mldsa87,1,ka,100,400,103973.034,107760.1498,108941.79212,2105.4085,0.0202495629780314,103717.957,104255.688,0,0.0
mldsa87,1,ka,200,400,211171.847,215932.2254,216235.56486,2082.121,0.009859841780898,210603.8751125,211711.4615,0,0.0
mldsa87,1,new,0,400,824.252,2812.7559499999998,3257.5573599999993,547.7115,0.6644952029233778,803.1687625,849.014,0,0.0
mldsa87,1,new,1,400,5055.1965,6316.2948,6833.76517,1269.2165,0.2510716447916515,4959.518,5176.037437499999,0,0.0
mldsa87,1,new,5,400,18444.7985,20226.5431,21098.522370000002,1986.8885,0.10772080269676028,18261.6125,18610.794,0,0.0
mldsa87,1,new,20,400,64551.312,68373.3995,69896.09601000001,2408.2185,0.037307041877010956,64374.654,64784.463,0,0.0
mldsa87,1,new,50,400,155192.77,163110.56425,165227.12455,2159.9185,0.013917648998725907,154730.7392375,155560.1479,0,0.0
mldsa87,1,new,100,200,317133.8535,321627.60125,323055.56313,2436.5345,0.007682984560334868,315011.8536875,317957.94821249996,0,0.0
mldsa87,1,new,200,200,629451.469,638165.89235,638989.20187,2338.594,0.0037152888112490846,627997.845,630856.544,0,0.0
mldsa87,5,ka,0,1000,2210.559,4483.48805,5231.215579999999,1905.0695,0.8618044123680934,2046.11,2390.1727249999994,0,0.0
mldsa87,5,ka,1,1000,3746.1135,5404.5095,6087.1019,2265.607,0.6047886696438856,3643.6224125,3834.1438375,0,0.0
mldsa87,5,ka,5,1000,8322.673,10493.33845,11316.82332,2706.4555,0.3251906568959275,8156.869,8474.873,0,0.0
mldsa87,5,ka,20,1000,24201.4115,26744.8785,27791.08782,3399.681,0.14047449257246836,24064.285,24373.934,0,0.0
mldsa87,5,ka,50,1000,54705.377,58316.5805,59654.54633,3665.4615,0.0670036786329066,54509.962,54908.743,0,0.0
mldsa87,5,ka,100,400,107106.8275,111068.58184999999,112397.99728999998,3924.798,0.03664377044497934,106825.8205,107332.252,0,0.0
mldsa87,5,ka,200,400,212410.588,216098.9841,216925.84323,3903.0545,0.0183750468220539,211853.0959375,213015.812,0,0.0
mldsa87,5,new,0,400,2577.8005,4671.19005,5188.506869999999,2081.624,0.8075194337187847,2377.219,2764.015,0,0.0
mldsa87,5,new,1,400,7199.556,8912.747,9354.406959999997,2217.7575,0.30804087085370263,7049.7350875,7365.448,0,0.0
mldsa87,5,new,5,400,25401.144,28447.0461,29104.2719,3465.4655,0.13642950490733805,25044.473,25625.3072125,0,0.0
mldsa87,5,new,20,400,89173.744,93719.25504999999,95029.31405,4320.463,0.04844994508697538,88793.0065,89687.487,0,0.0
mldsa87,5,new,50,400,215457.5875,221798.2932,222724.76572999998,4012.619,0.018623707090380373,214780.573,215942.426725,0,0.0
mldsa87,5,new,100,200,426350.559,433611.4513,435401.11294,4001.4255,0.00938529436758637,425503.601,427188.728,0,0.0
mldsa87,5,new,200,200,840616.9205,853790.75275,856996.02689,3556.878,0.004231271002592196,838218.1335,842922.896,0,0.0
mldsa87,10,ka,0,1000,2569.824,4441.07165,5434.171469999999,2262.978,0.8805964922111398,2480.322375,2690.996,0,0.0
mldsa87,10,ka,1,1000,4145.0235,6272.477,7102.56324,2665.484,0.64305642657997,4016.67,4260.2775,0,0.0
mldsa87,10,ka,5,1000,9610.9475,11826.630749999998,12690.07889,3876.5995,0.40335247903497545,9475.864,9750.09745,0,0.0
mldsa87,10,ka,20,1000,25698.61,28569.7165,29581.592780000003,4697.199,0.18278027488646273,25518.8755,25884.3224375,0,0.0
mldsa87,10,ka,50,1000,56357.665,60378.45235,61766.92604,5036.63,0.08936903258855738,56180.684487499995,56486.783,0,0.0
mldsa87,10,ka,100,400,108376.016,113778.7053,115061.05026,5522.7615,0.05095925928851269,108004.111,108764.5,0,0.0
mldsa87,10,ka,200,400,213927.9245,217108.39029999997,219220.82618,5020.215,0.02346685226687178,212944.360475,214564.054,0,0.0
mldsa87,10,new,0,400,2931.1825,5103.888849999999,6040.02525,2391.071,0.8157359700393954,2699.5500875,3112.6265,0,0.0
mldsa87,10,new,1,400,9615.1035,11257.037799999998,11953.77849,3334.945,0.3468444203434732,9437.805125,9799.158,0,0.0
mldsa87,10,new,5,400,32909.75,36115.720799999996,37064.683699999994,5362.014,0.16293086395369152,32572.494,33137.815,0,0.0
mldsa87,10,new,20,400,111781.858,117834.46375,119561.82454,4952.693,0.044306769350711636,111265.756,112542.426525,0,0.0
mldsa87,10,new,50,400,271518.9815,278397.96989999997,280276.46201,5353.5135,0.01971690329134503,270702.578,272203.24511250004,0,0.0
mldsa87,10,new,100,200,533856.081,542330.1344,544425.49699,5210.494,0.009760109860020495,532889.596,534771.788775,0,0.0
mldsa87,10,new,200,200,1055240.9205,1068072.5827000001,1072958.11372,5562.0455,0.005270877381597902,1052445.4583,1057107.9105,0,0.0
mldsa87,20,ka,0,1000,4449.118,6915.140449999999,8095.705910000001,4060.948,0.9127534940633177,4305.851,4614.33295,0,0.0
mldsa87,20,ka,1,1000,5716.432,7668.021849999999,8491.89881,4209.2985,0.7363506641905301,5625.787,5798.7075,0,0.0
mldsa87,20,ka,5,1000,10590.524,12952.36825,14004.70826,4852.6405,0.4582058923618888,10439.2848875,10705.88265,0,0.0
mldsa87,20,ka,20,1000,27321.4605,30471.96575,32243.07054,6199.9,0.22692417925461927,27084.4165,27468.336,0,0.0
mldsa87,20,ka,50,1000,58890.603,63439.9025,65442.435880000005,7218.04,0.1225669229435467,58567.090525,59078.23,0,0.0
mldsa87,20,ka,100,400,109781.5795,115792.644,117420.91667,6922.306,0.06305525964854605,109297.7975,110348.131,0,0.0
mldsa87,20,ka,200,400,214724.669,218934.68195,220803.45412,6817.5905,0.03175038309175365,214294.9197,215111.8665,0,0.0
mldsa87,20,new,0,400,4486.92,6680.545599999998,7127.076099999999,3962.6265,0.8831506913428365,4321.54045,4622.289849999999,0,0.0
mldsa87,20,new,1,400,12371.8365,14695.078199999996,15635.074349999997,5110.1975,0.41305084334084113,12142.03,12516.637,0,0.0
mldsa87,20,new,5,400,40136.1865,44008.035899999995,45760.10725,6887.0825,0.1715928467693362,39882.2365,40552.8445,0,0.0
mldsa87,20,new,20,400,136028.2105,141253.4967,142705.7225,7497.7045,0.05511874685729252,135478.62125,136598.919,0,0.0
mldsa87,20,new,50,400,327615.3285,356701.47495,377734.46682,7121.885,0.021738558548550942,326950.0806375,328124.8325,0,0.0
mldsa87,20,new,100,200,639315.741,651585.6616,656917.39951,7311.991,0.011437214088554718,637247.9620125,640760.6932875001,0,0.0
mldsa87,20,new,200,200,1269098.071,1283903.44305,1293498.3162299986,7303.401,0.005754796391933055,1266236.3735,1271192.6129,0,0.0
slhdsa128f,1,ka,0,1000,3925.672,6073.710249999999,7185.524689999999,3605.2945,0.9183891318479995,3814.4175750000004,4032.753,0,0.0
slhdsa128f,1,ka,1,1000,5162.12,7422.8745499999995,8809.08033,3784.394,0.7331084903101827,5049.296,5309.331,0,0.0
slhdsa128f,1,ka,5,1000,9713.751,11761.24055,12675.771439999999,4256.4,0.43818294292287296,9607.998,9862.2145,0,0.0
slhdsa128f,1,ka,20,1000,26349.4925,29386.6795,30835.093109999998,5750.1065,0.21822456352812108,26186.556,26542.307,0,0.0
slhdsa128f,1,ka,50,1000,57270.732,61409.28025,62295.523740000004,6403.808,0.11181641610587412,57111.2515,57420.980475000004,0,0.0
slhdsa128f,1,ka,100,400,107250.989,111231.41489999999,112275.25823,6276.5975,0.05852251395089699,107105.161,107496.362,0,0.0
slhdsa128f,1,ka,200,400,207467.89,212088.37885,212883.30327,6270.3915,0.030223431201811517,207110.024,207833.585,0,0.0
slhdsa128f,1,new,0,400,3695.875,5899.44785,7185.186909999999,3247.676,0.8787299354009538,3613.8015,3872.174025,0,0.0
slhdsa128f,1,new,1,400,8832.9525,10675.003699999996,11329.278339999997,4092.165,0.46328393592063355,8601.926,9040.675362499998,0,0.0
slhdsa128f,1,new,5,400,27211.1095,30401.20995,31672.63815,6094.1585,0.2239584718146094,26915.3465,27481.3185,0,0.0
slhdsa128f,1,new,20,400,88399.9705,92893.80575,94055.3002,6539.697,0.07397849753807327,88084.1455,88604.935675,0,0.0
slhdsa128f,1,new,50,400,208726.0735,214117.90540000002,215382.45539,6247.4965,0.029931557640306014,208357.2345,208969.370625,0,0.0
slhdsa128f,1,new,100,200,408843.4435,413601.19295,415739.17174,6193.7595,0.015149465152178722,408518.262,409204.144,0,0.0
slhdsa128f,1,new,200,200,809255.651,813940.5473999999,816519.61325,6545.109,0.008087813772955662,808857.115,809658.4959375,0,0.0
slhdsa128f,5,ka,0,1000,5528.3395,7855.451649999999,8830.41225,5240.846,0.9479964101336396,5448.4586875,5655.008,0,0.0
slhdsa128f,5,ka,1,1000,6735.898,8627.7729,9464.60915,5378.492,0.7984818059893425,6672.492,6800.6922875,0,0.0
slhdsa128f,5,ka,5,1000,11588.242,13877.68895,14868.1781,6182.5485,0.5335191049686397,11472.14,11678.756,0,0.0
slhdsa128f,5,ka,20,1000,28489.3735,31668.4397,32832.21232,7828.451,0.27478494744715953,28292.499,28629.2480375,0,0.0
slhdsa128f,5,ka,50,1000,60179.345,64262.54695,65641.75445000001,9233.712,0.15343656531987843,60050.5425,60343.508,0,0.0
slhdsa128f,5,ka,100,400,110106.389,114743.74595,116438.34532,8936.815,0.08116527188989914,109849.15803749999,110408.704,0,0.0
slhdsa128f,5,ka,200,400,210829.5015,215259.44845,216547.85098,9161.0735,0.04345252175251195,210560.2088875,211205.53836250002,0,0.0
slhdsa128f,5,new,0,400,6088.0045,8351.449249999996,9122.92585,5610.1555,0.9215097492125703,5909.9445,6294.389,0,0.0
slhdsa128f,5,new,1,400,11727.2695,14006.8373,14829.88337,6001.835,0.5117845206848874,11592.2195,11868.12,0,0.0
slhdsa128f,5,new,5,400,40255.8405,44234.784850000004,45024.533,8893.613,0.22092727141046775,39962.7401,40538.56265,0,0.0
slhdsa128f,5,new,20,400,116936.298,137824.7114,141050.00775,9565.4455,0.08180048166053623,115548.0725,118540.182,0,0.0
slhdsa128f,5,new,50,400,265111.792,316781.35089999996,318699.65038999997,9293.767,0.03505603025006145,264315.9775,266070.681,0,0.0
slhdsa128f,5,new,100,200,513891.12,615561.0523999999,619068.8216,9193.837,0.01789063216348241,513285.674,515094.4379375,0,0.0
slhdsa128f,5,new,200,200,1012826.4555,1019328.24255,1215121.64101,8807.0655,0.008695532637575342,1012475.414,1013193.4743374999,0,0.0
slhdsa128f,10,ka,0,1000,8884.7295,10995.96325,11657.18965,8476.884,0.9540959012877094,8835.299025,8958.433,0,0.0
slhdsa128f,10,ka,1,1000,9505.2685,11039.343899999998,11982.15816,8109.456,0.8531538062286195,9478.0505,9541.22,0,0.0
slhdsa128f,10,ka,5,1000,14137.8435,16204.7881,16975.34338,8688.9795,0.61459016009054,14088.8530125,14196.272,0,0.0
slhdsa128f,10,ka,20,1000,31376.8145,33966.58025,34734.91168,10709.6765,0.3413245312075896,31219.6515,31524.43,0,0.0
slhdsa128f,10,ka,50,1000,63211.535,67236.25720000001,68454.83649,12062.147,0.19082192830786343,63051.439,63323.718,0,0.0
slhdsa128f,10,ka,100,400,113694.1105,118033.78995,118865.52622999999,12264.8005,0.10787542508633285,113392.6205,113910.10515,0,0.0
slhdsa128f,10,ka,200,400,213562.3425,218641.1559,219720.73209,11956.8545,0.05598765381588751,213369.594725,213874.33,0,0.0
slhdsa128f,10,new,0,400,8812.0785,10464.234199999999,11182.40887,8296.6825,0.9415125500754448,8750.1287,8880.907,0,0.0
slhdsa128f,10,new,1,400,17098.5855,19201.055399999997,19995.41682,9072.7095,0.5306116988449132,16962.884,17264.5176875,0,0.0
slhdsa128f,10,new,5,400,48170.0025,51922.170099999996,53130.571769999995,11581.3205,0.24042598918279068,47840.5153375,48415.669,0,0.0
slhdsa128f,10,new,20,400,155668.5225,179528.5951,181577.77025,12539.6315,0.08055341759924521,154897.719,156718.7025,0,0.0
slhdsa128f,10,new,50,400,366191.4315,418269.46205000003,421460.26639,11926.6385,0.03256940898684026,365432.646,366820.344,0,0.0
slhdsa128f,10,new,100,200,716740.729,721625.60775,722630.5034299999,12337.136,0.017212829550251496,716226.456,717299.2076625,0,0.0
slhdsa128f,10,new,200,200,1416556.2685,1421699.21975,1423474.63904,12189.5335,0.008605047163363,1416098.6935,1417064.83575,0,0.0
slhdsa128f,20,ka,0,1000,14967.029,16311.289949999998,17108.91205,14531.302,0.9708875422102811,14938.103,14998.5315375,0,0.0
slhdsa128f,20,ka,1,1000,15991.8315,17240.019600000003,18328.153079999996,14471.1225,0.9049071396231257,15965.076637499998,16009.756150000001,0,0.0
slhdsa128f,20,ka,5,1000,20414.8225,22385.44275,23477.47754,14814.7655,0.7256867161103164,20355.968,20484.872,0,0.0
slhdsa128f,20,ka,20,1000,37330.443,39715.81085,40667.143299999996,16497.3385,0.4419272093824335,37167.7099,37460.598425,0,0.0
slhdsa128f,20,ka,50,1000,65983.1005,67940.82609999999,69526.05885,15378.9035,0.23307336853623603,65915.3838,66070.5175,0,0.0
slhdsa128f,20,ka,100,400,116775.227,120678.71745,122952.2018,15899.5285,0.13615497831573473,116509.77058750001,116976.896,0,0.0
slhdsa128f,20,ka,200,400,217093.945,220688.509,224604.15954,16115.5895,0.07423325187627873,216882.6505,217304.337,0,0.0
slhdsa128f,20,new,0,400,15667.689,17008.73325,17522.337609999995,14916.953,0.9520838076374889,15635.0112875,15721.614,0,0.0
slhdsa128f,20,new,1,400,28386.979,30483.967049999996,31181.19889,15921.3685,0.5608687173087351,28247.039,28614.0575,0,0.0
slhdsa128f,20,new,5,400,76552.197,81084.18664999999,83004.04194,18504.3565,0.24172208277706256,76364.3815625,76748.647,0,0.0
slhdsa128f,20,new,20,400,181721.6805,263478.25445,268222.01213,16400.741,0.09025197739132729,179964.10491249998,183248.002,0,0.0
slhdsa128f,20,new,50,400,419685.84,620450.1081000001,622050.84007,16290.2185,0.03881526834453123,419295.4635,420028.7605,0,0.0
slhdsa128f,20,new,100,200,918784.2615,922364.1298999999,923263.31141,16192.6835,0.017624032298467925,918540.279,919073.4915,0,0.0
slhdsa128f,20,new,200,200,1818878.505,1822357.49225,2017898.9551,16293.5715,0.008958031806527947,1818558.7435,1819235.956675,0,0.0
slhdsa128s,1,ka,0,1000,2468.313,3976.5751999999998,4466.917669999999,2212.3695,0.8963083288059497,2383.5748875000004,2547.31,0,0.0
slhdsa128s,1,ka,1,1000,3426.0405,5188.12215,6095.591819999999,2075.012,0.6056589231796881,3320.122,3499.3286249999996,0,0.0
slhdsa128s,1,ka,5,1000,8197.61,10064.273549999998,10886.463810000001,2738.425,0.3340516321220453,8079.377,8329.483025,0,0.0
slhdsa128s,1,ka,20,1000,23602.2915,25973.8685,26722.982079999998,3147.9525,0.13337486743607077,23476.234125,23756.8305,0,0.0
slhdsa128s,1,ka,50,1000,53869.383,56639.640049999995,58053.55304,3263.8025,0.06058733770906565,53700.972,54041.3295,0,0.0
slhdsa128s,1,ka,100,400,104259.7655,107709.0836,109399.26746999999,3504.5745,0.03361387284148457,104017.686075,104512.52840000001,0,0.0
slhdsa128s,1,ka,200,400,204201.873,207350.70575,208291.45768000002,3404.731,0.01667335832908839,204000.051,204379.0575,0,0.0
slhdsa128s,1,new,0,400,2363.7385,4507.31985,5179.155789999999,1900.2745,0.8039275495153123,2174.288,2601.144,0,0.0
slhdsa128s,1,new,1,400,5991.1885,7677.531649999998,8592.12517,2374.78,0.39637878193951,5834.7855,6078.7705,0,0.0
slhdsa128s,1,new,5,400,18930.3175,20997.626599999992,21892.67704,3111.6765,0.16437529375827956,18632.2486875,19110.3965,0,0.0
slhdsa128s,1,new,20,400,65575.1175,68304.68135,69231.84167000001,4261.0275,0.06497933457763153,65232.204,65760.422725,0,0.0
slhdsa128s,1,new,50,400,155057.4525,158559.0649,159216.73853,3471.775,0.022390249188441944,154879.7755,155319.775,0,0.0
slhdsa128s,1,new,100,200,305411.3225,308565.72795,310754.17447,3678.585,0.012044690975725041,304957.426,305732.379,0,0.0
slhdsa128s,1,new,200,200,605657.235,608380.22845,609265.57453,3830.958,0.006325290574626752,605423.427,605954.34625,0,0.0
slhdsa128s,5,ka,0,1000,3119.334,5086.37095,5896.7418099999995,2843.7395,0.9116495700684826,3020.2606625000003,3193.8035,0,0.0
slhdsa128s,5,ka,1,1000,4583.3285,6531.96495,7132.6744,3223.6695,0.7033468144384588,4473.6834625,4675.354,0,0.0
slhdsa128s,5,ka,5,1000,9352.13,11559.740199999998,12881.116639999998,3893.0245,0.41627142693696517,9239.0535,9432.123,0,0.0
slhdsa128s,5,ka,20,1000,24139.993,27746.847550000002,29123.695359999998,3689.9525,0.152856403065237,23968.698,24258.176,0,0.0
slhdsa128s,5,ka,50,1000,52585.5515,54566.30635,56006.968649999995,2208.8985,0.04200580648089238,52549.455,52643.7825375,0,0.0
slhdsa128s,5,ka,100,400,106773.741,110218.68845,111908.7632,5912.101,0.05537036489149519,106312.538025,106960.6180375,0,0.0
slhdsa128s,5,ka,200,400,206492.6185,210271.4527,212254.47937000002,5554.5215,0.026899370739492074,206132.60205000002,206763.7783125,0,0.0
slhdsa128s,5,new,0,400,3646.927,5646.206649999996,6336.29103,3213.1895,0.8810676769784533,3510.6105,3805.2275,0,0.0
slhdsa128s,5,new,1,400,7707.837,9319.967849999999,9981.43142,3012.7165,0.3908640647175077,7614.1675,7841.0435,0,0.0
slhdsa128s,5,new,5,400,25371.4455,28074.754399999998,28673.936569999998,4463.943,0.17594358192953571,25178.022,25575.976,0,0.0
slhdsa128s,5,new,20,400,87065.3565,92044.69284999999,93418.0617,5701.9765,0.06549076152924269,86659.3786375,87410.76421250001,0,0.0
slhdsa128s,5,new,50,400,203780.0415,208529.5894,211129.79308,2535.1775,0.012440754655553448,203653.115,203983.988725,0,0.0
slhdsa128s,5,new,100,200,407838.0885,412235.3658,413530.67876,5047.7285,0.012376795209503832,407126.537,408248.364,0,0.0
slhdsa128s,5,new,200,200,807426.213,811617.7867,812904.69469,5180.331,0.0064158568505627645,807057.1975,808031.218,0,0.0
slhdsa128s,10,ka,0,1000,3566.838,4169.3257,4844.01711,3311.9865,0.9285497406946993,3557.5795125,3575.788,0,0.0
slhdsa128s,10,ka,1,1000,4672.2985,5331.359149999999,6228.815619999999,3368.6505,0.7209835801372708,4660.3685,4685.91395,0,0.0
slhdsa128s,10,ka,5,1000,8733.649,9751.81715,10558.70525,3376.3405,0.38658990073908395,8723.428824999999,8749.564,0,0.0
slhdsa128s,10,ka,20,1000,24332.48,26735.1041,28136.997299999995,3938.986,0.16188181393758466,24264.27665,24468.067987500002,0,0.0
slhdsa128s,10,ka,50,1000,54697.688,57348.33475,58873.62589,4209.5785,0.07696081231075068,54611.64,54789.2351875,0,0.0
slhdsa128s,10,ka,100,400,108762.617,112694.29955,114200.72602,7599.392,0.06987136030388089,108613.308,108976.226,0,0.0
slhdsa128s,10,ka,200,400,208811.1415,213166.29194999998,214923.62582999998,7381.836,0.0353517343326242,208605.0995,209006.273,0,0.0
slhdsa128s,10,new,0,400,3852.634,4305.277149999998,5996.760559999999,3475.0975,0.9020056148598595,3834.9,3868.6845,0,0.0
slhdsa128s,10,new,1,400,9243.626,10427.75255,11018.597880000001,3534.5075,0.3823724045087934,9202.0575,9273.058,0,0.0
slhdsa128s,10,new,5,400,29907.372,31926.613149999997,33269.462439999996,3948.6555,0.13202950429746887,29738.679625,30021.6695,0,0.0
slhdsa128s,10,new,20,400,105880.5285,108914.72929999999,110148.64723999999,4566.24,0.043126343102830283,105677.658,106074.4035,0,0.0
slhdsa128s,10,new,50,400,255470.0185,259855.59735,262360.76767,4046.8245,0.015840702262289147,255312.6845,255628.0015,0,0.0
slhdsa128s,10,new,100,200,510872.1065,515250.34145,517653.86037999997,7472.4885,0.014626926005403272,510566.93405000004,511282.694,0,0.0
slhdsa128s,10,new,200,200,1011158.5105,1015137.4685,1017525.47826,7286.6115,0.007206201030140072,1010774.614,1011384.0165,0,0.0
slhdsa128s,20,ka,0,1000,7005.0635,9463.305349999999,10098.528409999999,6682.9105,0.9540114090329088,6920.145,7096.0499500000005,0,0.0
slhdsa128s,20,ka,1,1000,7936.9515,9775.01175,10609.467709999999,6504.1765,0.8194804390577415,7842.5808625,8012.584,0,0.0
slhdsa128s,20,ka,5,1000,12381.3745,14087.00265,15050.979309999999,6900.314,0.5573140526522318,12294.175,12453.43,0,0.0
slhdsa128s,20,ka,20,1000,29904.4355,32601.3599,33688.11945,9176.808,0.30687113287926804,29764.955,30025.4795,0,0.0
slhdsa128s,20,ka,50,1000,61143.159,65558.43269999999,66882.33326,10105.173,0.16527070510046757,61006.87,61301.4680375,0,0.0
slhdsa128s,20,ka,100,400,111189.8705,115314.87285,116600.22853000001,10005.7775,0.08998821075162598,111023.5425,111373.99,0,0.0
slhdsa128s,20,ka,200,400,211982.9425,216943.28075,218567.39935,10253.4255,0.048369106396379036,211763.0475,212283.09,0,0.0
slhdsa128s,20,new,0,400,7248.155,9332.69895,10562.58458,6638.634,0.9159067376456491,7093.2145,7395.48,0,0.0
slhdsa128s,20,new,1,400,15778.1955,17889.127549999997,18557.45211,7757.4405,0.4916557473254784,15600.040949999999,15976.2985,0,0.0
slhdsa128s,20,new,5,400,47005.774,50709.619199999994,52370.183509999995,10505.8855,0.22350202126232407,46794.745,47225.568799999994,0,0.0
slhdsa128s,20,new,20,400,135444.4915,157102.6867,159685.47916,10421.9875,0.07694655858337361,134745.560425,136155.392,0,0.0
slhdsa128s,20,new,50,400,315592.928,366773.16545,370208.78576,10363.4985,0.03283818356031096,315100.735,316000.911,0,0.0
slhdsa128s,20,new,100,200,614449.465,620735.7679,716039.9753500001,9773.4785,0.015906073740335994,614136.807,614874.8650625,0,0.0
slhdsa128s,20,new,200,200,1214973.0625,1220905.8128,1417054.4733499999,10202.2725,0.008397118269443114,1214709.075,1215555.484,0,0.0
slhdsa256f,1,ka,0,1000,4019.1695,5790.938749999999,7214.815209999997,3740.1355,0.9305742143992684,3989.4525,4079.4233375,0,0.0
slhdsa256f,1,ka,1,1000,5076.6315,6577.708099999999,7524.786399999999,3714.1215,0.7316114041367785,5029.6335,5122.660900000001,0,0.0
slhdsa256f,1,ka,5,1000,9325.406,11416.2816,12821.193619999998,3945.051,0.423043350605861,9269.334,9371.0655,0,0.0
slhdsa256f,1,ka,20,1000,25679.1275,28874.915399999998,30675.58181,5211.8415,0.20296022518677864,25589.968,25766.095175000002,0,0.0
slhdsa256f,1,ka,50,1000,57557.457,62421.6825,64556.434420000005,6772.4845,0.11766476236085274,57382.041725,57780.7712375,0,0.0
slhdsa256f,1,ka,100,400,107587.4755,111847.3769,113266.99488,6795.2145,0.06315990284575457,107321.96225,107839.914,0,0.0
slhdsa256f,1,ka,200,400,207908.295,212646.4549,214091.89781,6868.4995,0.033036197521604416,207558.102,208144.74985,0,0.0
slhdsa256f,1,new,0,400,4109.68,5956.669449999994,7165.313829999995,3704.51,0.9014108154406183,4081.6265,4160.792,0,0.0
slhdsa256f,1,new,1,400,11169.3075,13246.980499999992,14466.392109999997,4351.743,0.38961618703755807,11109.4515,11251.883,0,0.0
slhdsa256f,1,new,5,400,36939.2255,39643.9526,41174.503169999996,5770.922,0.15622747694046807,36781.145,37073.904,0,0.0
slhdsa256f,1,new,20,400,128964.749,133646.40055,135133.9154,7001.553,0.05429044025045945,128748.0843125,129183.92934999999,0,0.0
slhdsa256f,1,new,50,400,309148.9975,313547.96444999997,315521.09398,6939.106,0.022445830509283796,308753.454,309456.4015875,0,0.0
slhdsa256f,1,new,100,200,610682.891,615070.6632999999,616889.43808,7987.92,0.013080307501197048,610199.8755,611030.7805,0,0.0
slhdsa256f,1,new,200,200,1209813.324,1214641.0366,1216114.5892,7296.071,0.006030741152591241,1209447.4541749998,1210312.0286875,0,0.0
slhdsa256f,5,ka,0,1000,8702.414,9727.230300000001,10460.35267,8266.105,0.9498634516813381,8681.5972125,8719.6445,0,0.0
slhdsa256f,5,ka,1,1000,9745.5035,10787.98445,11950.55605,8257.858,0.8473505755757001,9728.0345,9761.4415,0,0.0
slhdsa256f,5,ka,5,1000,13938.5105,15610.76745,16646.445659999998,8409.4165,0.6033224640466426,13898.281325,13989.116,0,0.0
slhdsa256f,5,ka,20,1000,29991.461,32843.2123,34327.69115,9384.3025,0.312899144859932,29918.801,30091.0785,0,0.0
slhdsa256f,5,ka,50,1000,61827.082,65957.5934,67553.90478999999,10912.211,0.17649564959251998,61694.068674999995,61962.682,0,0.0
slhdsa256f,5,ka,100,400,112468.4645,116794.71895000001,119058.41591,11306.28,0.10052844635395551,112181.425,112686.211,0,0.0
slhdsa256f,5,ka,200,400,212598.7605,217208.5947,219915.38956,11308.2905,0.05319076401670743,212363.134,212844.541875,0,0.0
slhdsa256f,5,new,0,400,8879.7405,9900.442349999998,11121.01326,8320.338,0.9370023819952846,8853.478,8911.776,0,0.0
slhdsa256f,5,new,1,400,19999.2695,22080.206649999996,22818.656509999997,8815.271,0.4407796494766971,19877.57,20104.467,0,0.0
slhdsa256f,5,new,5,400,68011.089,71686.90545,73589.02446,11233.1555,0.16516652894647812,67798.188,68284.45,0,0.0
slhdsa256f,5,new,20,400,176292.334,237183.6451,239941.53713999997,11741.305,0.06660133616473647,175791.4295,176983.2335,0,0.0
slhdsa256f,5,new,50,400,414983.4215,521674.9519499981,567365.8718,11620.875,0.028003227112049823,414657.223,415424.517,0,0.0
slhdsa256f,5,new,100,200,914874.4595,919460.2796,922539.2765800001,12105.805,0.013232203472612081,914269.449,915433.5674125,0,0.0
slhdsa256f,5,new,200,200,1813921.043,1820967.0854,2013954.57583,12116.5695,0.006679766766452358,1812329.604,1815305.583,0,0.0
slhdsa256f,10,ka,0,1000,14586.5295,15431.87815,16102.425449999999,13979.542,0.9583871201165431,14570.543025,14607.193,0,0.0
slhdsa256f,10,ka,1,1000,15755.1295,16458.8128,17097.09073,14066.479,0.8928190022176588,15727.087,15787.9173125,0,0.0
slhdsa256f,10,ka,5,1000,19800.6965,20928.401449999998,21777.98616,14102.365,0.7122156031228497,19770.896,19835.63005,0,0.0
slhdsa256f,10,ka,20,1000,35697.2105,38005.127850000004,39299.018200000006,14813.126,0.4149659256988722,35609.299,35770.711,0,0.0
slhdsa256f,10,ka,50,1000,67830.502,71164.5943,72957.03317,16488.8995,0.24308974596708718,67721.157675,67977.96678749999,0,0.0
slhdsa256f,10,ka,100,400,115751.843,118311.89895,119310.09297999999,14708.912,0.1270728104087293,115658.633,115873.11415000001,0,0.0
slhdsa256f,10,ka,200,400,216731.106,220354.64440000002,222629.00275,15256.7865,0.07039500135250544,216516.991,217067.6946,0,0.0
slhdsa256f,10,new,0,400,15810.56,16797.041350000003,17419.604869999996,14694.745,0.9294259659366905,15758.471,15845.4491625,0,0.0
slhdsa256f,10,new,1,400,32267.386,34222.86349999999,35325.21026,14939.654,0.4629954840469569,31868.129350000003,32571.873,0,0.0
slhdsa256f,10,new,5,400,100735.801,106002.73215,108289.60969,17053.9565,0.16929389879969287,100376.025,101069.3475,0,0.0
slhdsa256f,10,new,20,400,203437.7425,365486.36104999995,368614.29877,17593.5325,0.08648116265839904,202815.012,204145.0755,0,0.0
slhdsa256f,10,new,50,400,470911.867,530292.0149,778631.7765,16310.789,0.034636606428947773,470405.1265,471271.46,0,0.0
slhdsa256f,10,new,100,200,1322112.8745,1327361.01895,1329494.3261300002,15382.4725,0.011634764925662934,1319907.714,1323013.164,0,0.0
slhdsa256f,10,new,200,200,2624752.9825,2638718.0144499997,2827874.0311999996,15921.6415,0.006065958056302542,2620983.1895,2626909.923,0,0.0
slhdsa256f,20,ka,0,1000,27281.6635,28628.74595,30329.65866,26276.0895,0.963141030604677,27227.323,27334.072,0,0.0
slhdsa256f,20,ka,1,1000,29593.6705,30880.47295,31866.93646,27201.9655,0.9191818737050546,29545.784,29636.377087499997,0,0.0
slhdsa256f,20,ka,5,1000,33539.5895,34798.45965,35452.77304,27138.9685,0.8091622141052144,33493.238,33572.735,0,0.0
slhdsa256f,20,ka,20,1000,48894.3235,50440.22225,51904.99213,27280.4025,0.5579462102589475,48837.6825,48957.004,0,0.0
slhdsa256f,20,ka,50,1000,79569.6445,82316.62655,83957.14808,27593.7275,0.346787115531225,79482.7511875,79655.022,0,0.0
slhdsa256f,20,ka,100,400,128979.111,132071.98425,134430.41691,27010.186,0.20941519747333348,128817.808,129167.5695,0,0.0
slhdsa256f,20,ka,200,400,229251.7115,232173.46519999998,233684.09104,27079.9085,0.1181230374369528,228963.2165,229449.563,0,0.0
slhdsa256f,20,new,0,400,28708.249,30005.137799999997,32459.34335999999,27285.0115,0.9504240923923991,28642.4595,28768.207,0,0.0
slhdsa256f,20,new,1,400,46927.7845,58227.80615,59642.254709999994,27018.9805,0.5757565755101863,46034.64,47911.349,0,0.0
slhdsa256f,20,new,5,400,171242.634,176068.78425,177886.63695,27648.7285,0.1614593740715294,161847.778,172208.29969999997,0,0.0
slhdsa256f,20,new,20,400,233075.149,619135.1001,622701.9025399999,27780.9625,0.11919315559463613,232737.144,233673.276,0,0.0
slhdsa256f,20,new,50,400,633607.4145,1031148.3885499999,1289904.6538099982,28086.574,0.04432803871489417,632662.028,634223.6029500001,0,0.0
slhdsa256f,20,new,100,200,1435937.2485,1935716.9573499998,2147580.0490300003,28096.2205,0.01956646819305628,1336676.8075,1631129.54,0,0.0
slhdsa256f,20,new,200,200,3032821.4675,3872671.9206999997,4659985.485639999,28101.2775,0.009265720979996986,2643011.1368375,3240221.887,0,0.0
slhdsa256s,1,ka,0,1000,2562.1625,3999.6497499999996,5061.01947,2248.242,0.8774783020202661,2495.82,2619.6228125,0,0.0
slhdsa256s,1,ka,1,1000,3536.863,5107.306299999999,6392.434439999998,2175.378,0.6150585985377438,3499.073,3594.278,0,0.0
slhdsa256s,1,ka,5,1000,7784.2035,9671.76225,10572.345650000001,2395.2785,0.30771015942735824,7712.249162499999,7869.403625,0,0.0
slhdsa256s,1,ka,20,1000,23377.936,25496.28005,27040.41592,2932.6235,0.12544407256483206,23293.1678875,23492.7445,0,0.0
slhdsa256s,1,ka,50,1000,53869.276,56058.432700000005,57661.634419999995,3345.931,0.06211204694861687,53757.04,53951.315,0,0.0
slhdsa256s,1,ka,100,400,103939.0605,106871.59479999999,108814.27486,3320.868,0.03195014447912967,103771.205,104144.7715,0,0.0
slhdsa256s,1,ka,200,400,203941.827,206942.6569,207949.7467,3245.082,0.01591180214346123,203687.83,204164.981,0,0.0
slhdsa256s,1,new,0,400,2518.912,3863.5978999999993,5250.114039999999,2155.258,0.8556305261954368,2486.859,2593.86,0,0.0
slhdsa256s,1,new,1,400,8363.953,10483.771399999998,11546.170439999994,2566.5545,0.3068590294565261,8256.593,8476.191,0,0.0
slhdsa256s,1,new,5,400,29149.149,31186.843599999997,32548.753599999993,3113.8735,0.10682553717091363,29046.997,29306.756975,0,0.0
slhdsa256s,1,new,20,400,105239.292,108001.60015000001,109769.93239999999,3743.2825,0.03556924822337269,104988.33,105412.6806375,0,0.0
slhdsa256s,1,new,50,400,255155.173,257895.4205,260302.29153,3530.8245,0.013837949897257227,254921.659,255329.525,0,0.0
slhdsa256s,1,new,100,200,505037.49,508043.5379,511334.08688,3428.558,0.006788719783951088,504863.728,505231.49783749995,0,0.0
slhdsa256s,1,new,200,200,1004807.4885,1007606.1335,1008927.89906,3162.171,0.003147041633537746,1004565.2615,1005015.363,0,0.0
slhdsa256s,5,ka,0,1000,5198.255,6724.341799999998,7762.90429,4853.017,0.9335857898467851,5165.772,5224.292612499999,0,0.0
slhdsa256s,5,ka,1,1000,6255.3675,7554.1411,8342.39676,4845.033,0.7745401049578622,6235.0508125,6283.637,0,0.0
slhdsa256s,5,ka,5,1000,10415.425,12113.611799999999,13438.55591,4954.8225,0.47571966578416147,10373.061725,10460.719,0,0.0
slhdsa256s,5,ka,20,1000,26112.105,28213.619649999997,29564.452559999998,5616.5925,0.21509535520020312,26032.606050000002,26207.2595,0,0.0
slhdsa256s,5,ka,50,1000,56682.2585,59365.40304999999,61135.74188,6090.351,0.10744721825083946,56555.852,56827.68,0,0.0
slhdsa256s,5,ka,100,400,109036.7595,112974.99285,115055.67689999999,8090.2225,0.07419720227470626,108776.3665,109326.339,0,0.0
slhdsa256s,5,ka,200,400,208933.263,213388.97185,216724.56983,7914.146,0.03787882257886337,208658.02401249998,209109.254,0,0.0
slhdsa256s,5,new,0,400,5379.8675,6695.774549999999,7505.682959999993,4916.035,0.9137836573112628,5356.1705,5439.466,0,0.0
slhdsa256s,5,new,1,400,13037.2315,14576.2887,15428.044399999999,5049.807,0.3873373729691001,12959.004,13120.3634875,0,0.0
slhdsa256s,5,new,5,400,47563.5355,50860.3713,52723.735310000004,6246.6535,0.13133282533212864,47280.8253125,47723.0375,0,0.0
slhdsa256s,5,new,20,400,148194.7505,169754.03019999998,171909.49184,6281.394,0.04238607628682502,147982.965,148415.7475,0,0.0
slhdsa256s,5,new,50,400,357900.6045,408464.68984999997,411903.14094,6147.0515,0.017175303485691653,357652.5348875,358203.753,0,0.0
slhdsa256s,5,new,100,200,711425.8765,717195.7498999999,719563.56484,8560.535,0.012032926103440658,710807.3225,711837.916,0,0.0
slhdsa256s,5,new,200,200,1411534.1725,1416322.13415,1416977.00296,8428.267,0.005970997489258448,1411150.7392874998,1412020.6373,0,0.0
slhdsa256s,10,ka,0,1000,8500.0985,9541.49945,10317.20442,8066.088,0.9489405328655898,8481.415,8520.485,0,0.0
slhdsa256s,10,ka,1,1000,9533.0105,10935.18535,11949.5482,8028.2275,0.8421502840052468,9516.6095,9556.872,0,0.0
slhdsa256s,10,ka,5,1000,13584.868,15256.53585,16660.74208,8049.9275,0.5925657503628302,13561.218,13613.1985,0,0.0
slhdsa256s,10,ka,20,1000,29374.307,32112.71565,33918.556670000005,8779.2015,0.298873484913193,29290.2079375,29461.4835625,0,0.0
slhdsa256s,10,ka,50,1000,62142.6285,65670.95535,67727.74592999999,11103.094,0.17867113554747688,62000.686662500004,62295.5495,0,0.0
slhdsa256s,10,ka,100,400,112469.6685,117129.9941,119524.13739,11180.8595,0.09941222063795804,112151.2575,112704.7475,0,0.0
slhdsa256s,10,ka,200,400,212629.5405,217441.4197,218754.10653999998,11289.6465,0.05309538116600501,212330.007,213049.632,0,0.0
slhdsa256s,10,new,0,400,8702.088,9672.288349999997,10527.64526,8164.359,0.9382068993096829,8667.8417125,8735.307,0,0.0
slhdsa256s,10,new,1,400,20862.5025,22660.836549999996,23521.879549999998,8577.4375,0.41114135276916086,20764.243,20984.711,0,0.0
slhdsa256s,10,new,5,400,68157.543,72004.38375,73365.74519,11184.16,0.16409276959998398,67902.687,68342.4115,0,0.0
slhdsa256s,10,new,20,400,176124.4945,237116.69135,239459.70258,11570.997,0.0656978294407539,175572.727,176805.828,0,0.0
slhdsa256s,10,new,50,400,415543.8465,564006.05725,569268.3135,11543.4605,0.027779163612280805,415080.192,415953.96895,0,0.0
slhdsa256s,10,new,100,200,914072.508,919675.553,1016444.00507,11333.9885,0.012399441401863057,913033.473,914882.2695,0,0.0
slhdsa256s,10,new,200,200,1814243.079,2014494.1138499998,2018865.03055,11737.8325,0.006469823496016765,1812940.7624875,1815338.938,0,0.0
slhdsa256s,20,ka,0,1000,16169.68,16894.3894,17351.88396,15326.4375,0.9478503903602298,16148.675125,16196.9405,0,0.0
slhdsa256s,20,ka,1,1000,17271.307,18022.98495,18624.07018,15376.722,0.8903044801415434,17259.3265,17296.921,0,0.0
slhdsa256s,20,ka,5,1000,21336.955,22460.25825,23602.93548,15397.3455,0.7216280626734227,21300.029,21365.839,0,0.0
slhdsa256s,20,ka,20,1000,36916.476,39045.3604,40297.802670000005,15773.5145,0.4272757372615956,36852.5525,36995.503,0,0.0
slhdsa256s,20,ka,50,1000,69120.7245,72628.91815000001,74657.58963,17273.877,0.2499087954438325,68984.53885,69247.7496125,0,0.0
slhdsa256s,20,ka,100,400,119370.732,124766.53434999999,126713.8958,17642.772,0.1477981386593156,119168.686025,119738.579625,0,0.0
slhdsa256s,20,ka,200,400,219434.884,223994.13030000002,225889.66868,17507.345,0.07978378223582719,219053.987,219756.872925,0,0.0
slhdsa256s,20,new,0,400,16350.448,17452.3821,18565.59749,15399.8765,0.941862663334974,16297.291,16407.6765,0,0.0
slhdsa256s,20,new,1,400,33507.534,36311.885299999994,37295.52936,15612.509,0.46594025689864255,33101.214,34115.9975,0,0.0
slhdsa256s,20,new,5,400,111336.3535,117026.07865000001,119088.18892,18070.817,0.1623083245671415,110595.52,111924.858,0,0.0
slhdsa256s,20,new,20,400,204449.5185,407227.26195,409458.0857,18179.6615,0.08892005045245435,203555.118,206185.449,0,0.0
slhdsa256s,20,new,50,400,521945.652,677982.7330499999,926540.55863,18047.321,0.03457701186099736,521564.743,522524.2951375,0,0.0
slhdsa256s,20,new,100,200,1226349.2985,1335832.9770999984,1427649.4547000001,18148.698,0.014798963086779962,1222986.1267125001,1322022.955,0,0.0
slhdsa256s,20,new,200,200,2225424.953,2628332.59075,2830673.339339998,17983.2635,0.008080822260825975,2220743.058,2422426.4158,0,0.0
